global_game_id,global_game_number,source_file,source_file_without_extension,match_date_clean,competition_clean,match_teams,team_name,player_name,position,jersey_number,nationality,team_id,description,formation,season,competition,oppenent,player_id,x_position,y_position,temp_match_id
1,1,cl_comebacks_lineups.csv,cl_comebacks_lineups,Unknown,Champions League,barcelona_2012_13_milan4_0 vs psg_2016_17_barca4_0,barcelona_2012_13_milan4_0,Víctor Valdés,GK,1,Spain,1,Barcelona 4–0 Milan (2013 comeback),4-3-3,2012-13,Champions League,AC Milan,victor_valdes,0.5,0.95,0
1,1,cl_comebacks_lineups.csv,cl_comebacks_lineups,Unknown,Champions League,barcelona_2012_13_milan4_0 vs psg_2016_17_barca4_0,barcelona_2012_13_milan4_0,Dani Alves,RB,2,Brazil,1,Barcelona 4–0 Milan (2013 comeback),4-3-3,2012-13,Champions League,AC Milan,dani_alves,0.82,0.83,0
1,1,cl_comebacks_lineups.csv,cl_comebacks_lineups,Unknown,Champions League,barcelona_2012_13_milan4_0 vs psg_2016_17_barca4_0,barcelona_2012_13_milan4_0,Gerard Piqué,CB,3,Spain,1,Barcelona 4–0 Milan (2013 comeback),4-3-3,2012-13,Champions League,AC Milan,gerard_pique,0.62,0.86,0
1,1,cl_comebacks_lineups.csv,cl_comebacks_lineups,Unknown,Champions League,barcelona_2012_13_milan4_0 vs psg_2016_17_barca4_0,barcelona_2012_13_milan4_0,Xavi Hernández,CM,6,Spain,1,Barcelona 4–0 Milan (2013 comeback),4-3-3,2012-13,Champions League,AC Milan,xavi_hernandez,0.65,0.65,0
1,1,cl_comebacks_lineups.csv,cl_comebacks_lineups,Unknown,Champions League,barcelona_2012_13_milan4_0 vs psg_2016_17_barca4_0,barcelona_2012_13_milan4_0,David Villa,LW,7,Spain,1,Barcelona 4–0 Milan (2013 comeback),4-3-3,2012-13,Champions League,AC Milan,david_villa,0.22,0.45,0
1,1,cl_comebacks_lineups.csv,cl_comebacks_lineups,Unknown,Champions League,barcelona_2012_13_milan4_0 vs psg_2016_17_barca4_0,barcelona_2012_13_milan4_0,Andrés Iniesta,CM,8,Spain,1,Barcelona 4–0 Milan (2013 comeback),4-3-3,2012-13,Champions League,AC Milan,andres_iniesta,0.35,0.65,0
1,1,cl_comebacks_lineups.csv,cl_comebacks_lineups,Unknown,Champions League,barcelona_2012_13_milan4_0 vs psg_2016_17_barca4_0,barcelona_2012_13_milan4_0,Lionel Messi,ST,10,Argentina,1,Barcelona 4–0 Milan (2013 comeback),4-3-3,2012-13,Champions League,AC Milan,lionel_messi,0.5,0.35,0
1,1,cl_comebacks_lineups.csv,cl_comebacks_lineups,Unknown,Champions League,barcelona_2012_13_milan4_0 vs psg_2016_17_barca4_0,barcelona_2012_13_milan4_0,Javier Mascherano,CB,14,Argentina,1,Barcelona 4–0 Milan (2013 comeback),4-3-3,2012-13,Champions League,AC Milan,javier_mascherano,0.38,0.86,0
1,1,cl_comebacks_lineups.csv,cl_comebacks_lineups,Unknown,Champions League,barcelona_2012_13_milan4_0 vs psg_2016_17_barca4_0,barcelona_2012_13_milan4_0,Sergio Busquets,CM,16,Spain,1,Barcelona 4–0 Milan (2013 comeback),4-3-3,2012-13,Champions League,AC Milan,sergio_busquets,0.5,0.63,0
1,1,cl_comebacks_lineups.csv,cl_comebacks_lineups,Unknown,Champions League,barcelona_2012_13_milan4_0 vs psg_2016_17_barca4_0,barcelona_2012_13_milan4_0,Pedro Rodríguez,RW,17,Portugal,1,Barcelona 4–0 Milan (2013 comeback),4-3-3,2012-13,Champions League,AC Milan,pedro,0.78,0.45,0
1,1,cl_comebacks_lineups.csv,cl_comebacks_lineups,Unknown,Champions League,barcelona_2012_13_milan4_0 vs psg_2016_17_barca4_0,barcelona_2012_13_milan4_0,Jordi Alba,LB,18,Spain,1,Barcelona 4–0 Milan (2013 comeback),4-3-3,2012-13,Champions League,AC Milan,jordi_alba,0.18,0.83,0
1,1,cl_comebacks_lineups.csv,cl_comebacks_lineups,Unknown,Champions League,barcelona_2012_13_milan4_0 vs psg_2016_17_barca4_0,psg_2016_17_barca4_0,Kevin Trapp,GK,1,Unknown,2,PSG 4–0 Barcelona (2017 Ro16 1st leg),4-3-3,2016-17,Champions League,Barcelona,kevin_trapp,0.5,0.95,0
1,1,cl_comebacks_lineups.csv,cl_comebacks_lineups,Unknown,Champions League,barcelona_2012_13_milan4_0 vs psg_2016_17_barca4_0,psg_2016_17_barca4_0,Presnel Kimpembe,CB,3,French Professional,2,PSG 4–0 Barcelona (2017 Ro16 1st leg),4-3-3,2016-17,Champions League,Barcelona,presnel_kimpembe,0.38,0.86,0
1,1,cl_comebacks_lineups.csv,cl_comebacks_lineups,Unknown,Champions League,barcelona_2012_13_milan4_0 vs psg_2016_17_barca4_0,psg_2016_17_barca4_0,Marquinhos,CB,5,Brazilian Professional,2,PSG 4–0 Barcelona (2017 Ro16 1st leg),4-3-3,2016-17,Champions League,Barcelona,marquinhos,0.62,0.86,0
1,1,cl_comebacks_lineups.csv,cl_comebacks_lineups,Unknown,Champions League,barcelona_2012_13_milan4_0 vs psg_2016_17_barca4_0,psg_2016_17_barca4_0,Marco Verratti,CM,6,Italy,2,PSG 4–0 Barcelona (2017 Ro16 1st leg),4-3-3,2016-17,Champions League,Barcelona,marco_verratti,0.65,0.65,0
1,1,cl_comebacks_lineups.csv,cl_comebacks_lineups,Unknown,Champions League,barcelona_2012_13_milan4_0 vs psg_2016_17_barca4_0,psg_2016_17_barca4_0,Edinson Cavani,ST,9,Italy,2,PSG 4–0 Barcelona (2017 Ro16 1st leg),4-3-3,2016-17,Champions League,Barcelona,edinson_cavani,0.5,0.35,0
1,1,cl_comebacks_lineups.csv,cl_comebacks_lineups,Unknown,Champions League,barcelona_2012_13_milan4_0 vs psg_2016_17_barca4_0,psg_2016_17_barca4_0,Ángel Di María,RW,11,Argentina,2,PSG 4–0 Barcelona (2017 Ro16 1st leg),4-3-3,2016-17,Champions League,Barcelona,angel_di_maria,0.78,0.45,0
1,1,cl_comebacks_lineups.csv,cl_comebacks_lineups,Unknown,Champions League,barcelona_2012_13_milan4_0 vs psg_2016_17_barca4_0,psg_2016_17_barca4_0,Thomas Meunier,RB,12,France,2,PSG 4–0 Barcelona (2017 Ro16 1st leg),4-3-3,2016-17,Champions League,Barcelona,thomas_meunier,0.82,0.83,0
1,1,cl_comebacks_lineups.csv,cl_comebacks_lineups,Unknown,Champions League,barcelona_2012_13_milan4_0 vs psg_2016_17_barca4_0,psg_2016_17_barca4_0,Blaise Matuidi,CM,14,France,2,PSG 4–0 Barcelona (2017 Ro16 1st leg),4-3-3,2016-17,Champions League,Barcelona,blaise_matuidi,0.35,0.65,0
1,1,cl_comebacks_lineups.csv,cl_comebacks_lineups,Unknown,Champions League,barcelona_2012_13_milan4_0 vs psg_2016_17_barca4_0,psg_2016_17_barca4_0,Layvin Kurzawa,LB,20,French Professional,2,PSG 4–0 Barcelona (2017 Ro16 1st leg),4-3-3,2016-17,Champions League,Barcelona,layvin_kurzawa,0.18,0.83,0
1,1,cl_comebacks_lineups.csv,cl_comebacks_lineups,Unknown,Champions League,barcelona_2012_13_milan4_0 vs psg_2016_17_barca4_0,psg_2016_17_barca4_0,Julian Draxler,LW,23,Unknown,2,PSG 4–0 Barcelona (2017 Ro16 1st leg),4-3-3,2016-17,Champions League,Barcelona,julian_draxler,0.22,0.45,0
1,1,cl_comebacks_lineups.csv,cl_comebacks_lineups,Unknown,Champions League,barcelona_2012_13_milan4_0 vs psg_2016_17_barca4_0,psg_2016_17_barca4_0,Adrien Rabiot,CM,25,France,2,PSG 4–0 Barcelona (2017 Ro16 1st leg),4-3-3,2016-17,Champions League,Barcelona,adrien_rabiot,0.5,0.63,0
2,2,cl_comebacks_lineups.csv,cl_comebacks_lineups,Unknown,Champions League,barcelona_2016_17_psg6_1 vs roma_2017_18_barca3_0,barcelona_2016_17_psg6_1,Marc-André ter Stegen,GK,1,Germany,3,Barcelona 6–1 PSG (2017 Remontada),3-4-3,2016-17,Champions League,PSG,marc_andre_ter_stegen,0.5,0.95,1
2,2,cl_comebacks_lineups.csv,cl_comebacks_lineups,Unknown,Champions League,barcelona_2016_17_psg6_1 vs roma_2017_18_barca3_0,barcelona_2016_17_psg6_1,Gerard Piqué,CB,3,Spain,3,Barcelona 6–1 PSG (2017 Remontada),3-4-3,2016-17,Champions League,PSG,gerard_pique,0.5,0.88,1
2,2,cl_comebacks_lineups.csv,cl_comebacks_lineups,Unknown,Champions League,barcelona_2016_17_psg6_1 vs roma_2017_18_barca3_0,barcelona_2016_17_psg6_1,Ivan Rakitić,CM,4,Croatia,3,Barcelona 6–1 PSG (2017 Remontada),3-4-3,2016-17,Champions League,PSG,ivan_rakitic,0.63,0.62,1
2,2,cl_comebacks_lineups.csv,cl_comebacks_lineups,Unknown,Champions League,barcelona_2016_17_psg6_1 vs roma_2017_18_barca3_0,barcelona_2016_17_psg6_1,Sergio Busquets,CM,5,Spain,3,Barcelona 6–1 PSG (2017 Remontada),3-4-3,2016-17,Champions League,PSG,sergio_busquets,0.37,0.62,1
2,2,cl_comebacks_lineups.csv,cl_comebacks_lineups,Unknown,Champions League,barcelona_2016_17_psg6_1 vs roma_2017_18_barca3_0,barcelona_2016_17_psg6_1,Andrés Iniesta,LM,8,Spain,3,Barcelona 6–1 PSG (2017 Remontada),3-4-3,2016-17,Champions League,PSG,andres_iniesta,0.16,0.66,1
2,2,cl_comebacks_lineups.csv,cl_comebacks_lineups,Unknown,Champions League,barcelona_2016_17_psg6_1 vs roma_2017_18_barca3_0,barcelona_2016_17_psg6_1,Luis Suárez,LW,9,Uruguay,3,Barcelona 6–1 PSG (2017 Remontada),3-4-3,2016-17,Champions League,PSG,luis_suarez,0.22,0.45,1
2,2,cl_comebacks_lineups.csv,cl_comebacks_lineups,Unknown,Champions League,barcelona_2016_17_psg6_1 vs roma_2017_18_barca3_0,barcelona_2016_17_psg6_1,Lionel Messi,ST,10,Argentina,3,Barcelona 6–1 PSG (2017 Remontada),3-4-3,2016-17,Champions League,PSG,lionel_messi,0.5,0.35,1
2,2,cl_comebacks_lineups.csv,cl_comebacks_lineups,Unknown,Champions League,barcelona_2016_17_psg6_1 vs roma_2017_18_barca3_0,barcelona_2016_17_psg6_1,Neymar,RW,11,Brazil,3,Barcelona 6–1 PSG (2017 Remontada),3-4-3,2016-17,Champions League,PSG,neymar,0.78,0.45,1
2,2,cl_comebacks_lineups.csv,cl_comebacks_lineups,Unknown,Champions League,barcelona_2016_17_psg6_1 vs roma_2017_18_barca3_0,barcelona_2016_17_psg6_1,Rafinha,RM,12,Brazil,3,Barcelona 6–1 PSG (2017 Remontada),3-4-3,2016-17,Champions League,PSG,rafinha,0.84,0.66,1
2,2,cl_comebacks_lineups.csv,cl_comebacks_lineups,Unknown,Champions League,barcelona_2016_17_psg6_1 vs roma_2017_18_barca3_0,barcelona_2016_17_psg6_1,Javier Mascherano,CB,14,Argentina,3,Barcelona 6–1 PSG (2017 Remontada),3-4-3,2016-17,Champions League,PSG,javier_mascherano,0.68,0.86,1
2,2,cl_comebacks_lineups.csv,cl_comebacks_lineups,Unknown,Champions League,barcelona_2016_17_psg6_1 vs roma_2017_18_barca3_0,barcelona_2016_17_psg6_1,Samuel Umtiti,CB,23,French Professional,3,Barcelona 6–1 PSG (2017 Remontada),3-4-3,2016-17,Champions League,PSG,samuel_umtiti,0.32,0.86,1
2,2,cl_comebacks_lineups.csv,cl_comebacks_lineups,Unknown,Champions League,barcelona_2016_17_psg6_1 vs roma_2017_18_barca3_0,roma_2017_18_barca3_0,Alisson Becker,GK,1,Brazil,4,Roma 3–0 Barcelona (2018 QF 2nd leg),3-5-2,2017-18,Champions League,Barcelona,alisson,0.5,0.95,1
2,2,cl_comebacks_lineups.csv,cl_comebacks_lineups,Unknown,Champions League,barcelona_2016_17_psg6_1 vs roma_2017_18_barca3_0,roma_2017_18_barca3_0,Radja Nainggolan,CM,4,Belgian Professional,4,Roma 3–0 Barcelona (2018 QF 2nd leg),3-5-2,2017-18,Champions League,Barcelona,radja_nainggolan,0.35,0.63,1
2,2,cl_comebacks_lineups.csv,cl_comebacks_lineups,Unknown,Champions League,barcelona_2016_17_psg6_1 vs roma_2017_18_barca3_0,roma_2017_18_barca3_0,Juan Jesus,CB,5,Brazilian Professional,4,Roma 3–0 Barcelona (2018 QF 2nd leg),3-5-2,2017-18,Champions League,Barcelona,juan_jesus,0.3,0.86,1
2,2,cl_comebacks_lineups.csv,cl_comebacks_lineups,Unknown,Champions League,barcelona_2016_17_psg6_1 vs roma_2017_18_barca3_0,roma_2017_18_barca3_0,Kevin Strootman,CM,6,Netherlands,4,Roma 3–0 Barcelona (2018 QF 2nd leg),3-5-2,2017-18,Champions League,Barcelona,kevin_strootman,0.65,0.63,1
2,2,cl_comebacks_lineups.csv,cl_comebacks_lineups,Unknown,Champions League,barcelona_2016_17_psg6_1 vs roma_2017_18_barca3_0,roma_2017_18_barca3_0,Edin Džeko,ST,9,Italy,4,Roma 3–0 Barcelona (2018 QF 2nd leg),3-5-2,2017-18,Champions League,Barcelona,edin_dzeko,0.42,0.35,1
2,2,cl_comebacks_lineups.csv,cl_comebacks_lineups,Unknown,Champions League,barcelona_2016_17_psg6_1 vs roma_2017_18_barca3_0,roma_2017_18_barca3_0,Aleksandar Kolarov,LM,11,Serbia,4,Roma 3–0 Barcelona (2018 QF 2nd leg),3-5-2,2017-18,Champions League,Barcelona,aleksandar_kolarov,0.15,0.65,1
2,2,cl_comebacks_lineups.csv,cl_comebacks_lineups,Unknown,Champions League,barcelona_2016_17_psg6_1 vs roma_2017_18_barca3_0,roma_2017_18_barca3_0,Patrik Schick,ST,14,Unknown,4,Roma 3–0 Barcelona (2018 QF 2nd leg),3-5-2,2017-18,Champions League,Barcelona,patrik_schick,0.58,0.35,1
2,2,cl_comebacks_lineups.csv,cl_comebacks_lineups,Unknown,Champions League,barcelona_2016_17_psg6_1 vs roma_2017_18_barca3_0,roma_2017_18_barca3_0,Daniele De Rossi,CM,16,Italy,4,Roma 3–0 Barcelona (2018 QF 2nd leg),3-5-2,2017-18,Champions League,Barcelona,daniele_de_rossi,0.5,0.62,1
2,2,cl_comebacks_lineups.csv,cl_comebacks_lineups,Unknown,Champions League,barcelona_2016_17_psg6_1 vs roma_2017_18_barca3_0,roma_2017_18_barca3_0,Federico Fazio,CB,20,Netherlands,4,Roma 3–0 Barcelona (2018 QF 2nd leg),3-5-2,2017-18,Champions League,Barcelona,federico_fazio,0.7,0.86,1
2,2,cl_comebacks_lineups.csv,cl_comebacks_lineups,Unknown,Champions League,barcelona_2016_17_psg6_1 vs roma_2017_18_barca3_0,roma_2017_18_barca3_0,Alessandro Florenzi,RM,24,Italy,4,Roma 3–0 Barcelona (2018 QF 2nd leg),3-5-2,2017-18,Champions League,Barcelona,alessandro_florenzi,0.85,0.65,1
2,2,cl_comebacks_lineups.csv,cl_comebacks_lineups,Unknown,Champions League,barcelona_2016_17_psg6_1 vs roma_2017_18_barca3_0,roma_2017_18_barca3_0,Kostas Manolas,CB,44,Greek,4,Roma 3–0 Barcelona (2018 QF 2nd leg),3-5-2,2017-18,Champions League,Barcelona,kostas_manolas,0.5,0.88,1
3,3,cl_comebacks_lineups.csv,cl_comebacks_lineups,Unknown,Champions League,liverpool_2018_19_barca4_0 vs tottenham_2018_19_ajax2_3,liverpool_2018_19_barca4_0,Fabinho,CM,3,Brazil,5,Liverpool 4–0 Barcelona (2019 SF 2nd leg),4-3-3,2018-19,Champions League,Barcelona,fabinho,0.5,0.63,2
3,3,cl_comebacks_lineups.csv,cl_comebacks_lineups,Unknown,Champions League,liverpool_2018_19_barca4_0 vs tottenham_2018_19_ajax2_3,liverpool_2018_19_barca4_0,Virgil van Dijk,CB,4,Netherlands,5,Liverpool 4–0 Barcelona (2019 SF 2nd leg),4-3-3,2018-19,Champions League,Barcelona,virgil_van_dijk,0.38,0.86,2
3,3,cl_comebacks_lineups.csv,cl_comebacks_lineups,Unknown,Champions League,liverpool_2018_19_barca4_0 vs tottenham_2018_19_ajax2_3,liverpool_2018_19_barca4_0,James Milner,CM,7,England,5,Liverpool 4–0 Barcelona (2019 SF 2nd leg),4-3-3,2018-19,Champions League,Barcelona,james_milner,0.35,0.65,2
3,3,cl_comebacks_lineups.csv,cl_comebacks_lineups,Unknown,Champions League,liverpool_2018_19_barca4_0 vs tottenham_2018_19_ajax2_3,liverpool_2018_19_barca4_0,Sadio Mané,LW,10,Italy,5,Liverpool 4–0 Barcelona (2019 SF 2nd leg),4-3-3,2018-19,Champions League,Barcelona,sadio_mane,0.22,0.45,2
3,3,cl_comebacks_lineups.csv,cl_comebacks_lineups,Unknown,Champions League,liverpool_2018_19_barca4_0 vs tottenham_2018_19_ajax2_3,liverpool_2018_19_barca4_0,Alisson Becker,GK,13,Brazil,5,Liverpool 4–0 Barcelona (2019 SF 2nd leg),4-3-3,2018-19,Champions League,Barcelona,alisson,0.5,0.95,2
3,3,cl_comebacks_lineups.csv,cl_comebacks_lineups,Unknown,Champions League,liverpool_2018_19_barca4_0 vs tottenham_2018_19_ajax2_3,liverpool_2018_19_barca4_0,Jordan Henderson,CM,14,England,5,Liverpool 4–0 Barcelona (2019 SF 2nd leg),4-3-3,2018-19,Champions League,Barcelona,jordan_henderson,0.65,0.65,2
3,3,cl_comebacks_lineups.csv,cl_comebacks_lineups,Unknown,Champions League,liverpool_2018_19_barca4_0 vs tottenham_2018_19_ajax2_3,liverpool_2018_19_barca4_0,Xherdan Shaqiri,RW,23,Switzerland,5,Liverpool 4–0 Barcelona (2019 SF 2nd leg),4-3-3,2018-19,Champions League,Barcelona,xherdan_shaqiri,0.78,0.45,2
3,3,cl_comebacks_lineups.csv,cl_comebacks_lineups,Unknown,Champions League,liverpool_2018_19_barca4_0 vs tottenham_2018_19_ajax2_3,liverpool_2018_19_barca4_0,Andy Robertson,LB,26,France,5,Liverpool 4–0 Barcelona (2019 SF 2nd leg),4-3-3,2018-19,Champions League,Barcelona,andrew_robertson,0.18,0.83,2
3,3,cl_comebacks_lineups.csv,cl_comebacks_lineups,Unknown,Champions League,liverpool_2018_19_barca4_0 vs tottenham_2018_19_ajax2_3,liverpool_2018_19_barca4_0,Divock Origi,ST,27,Italy,5,Liverpool 4–0 Barcelona (2019 SF 2nd leg),4-3-3,2018-19,Champions League,Barcelona,divock_origi,0.5,0.35,2
3,3,cl_comebacks_lineups.csv,cl_comebacks_lineups,Unknown,Champions League,liverpool_2018_19_barca4_0 vs tottenham_2018_19_ajax2_3,liverpool_2018_19_barca4_0,Joël Matip,CB,32,Former Professional,5,Liverpool 4–0 Barcelona (2019 SF 2nd leg),4-3-3,2018-19,Champions League,Barcelona,joel_matip,0.62,0.86,2
3,3,cl_comebacks_lineups.csv,cl_comebacks_lineups,Unknown,Champions League,liverpool_2018_19_barca4_0 vs tottenham_2018_19_ajax2_3,liverpool_2018_19_barca4_0,Trent Alexander-Arnold,RB,66,England,5,Liverpool 4–0 Barcelona (2019 SF 2nd leg),4-3-3,2018-19,Champions League,Barcelona,trent_alexander_arnold,0.82,0.83,2
3,3,cl_comebacks_lineups.csv,cl_comebacks_lineups,Unknown,Champions League,liverpool_2018_19_barca4_0 vs tottenham_2018_19_ajax2_3,tottenham_2018_19_ajax2_3,Hugo Lloris,GK,1,French Professional,6,"Ajax 2–3 Tottenham (2019 SF, Lucas Moura hat-trick)",4-2-3-1,2018-19,Champions League,Ajax,hugo_lloris,0.5,0.95,2
3,3,cl_comebacks_lineups.csv,cl_comebacks_lineups,Unknown,Champions League,liverpool_2018_19_barca4_0 vs tottenham_2018_19_ajax2_3,tottenham_2018_19_ajax2_3,Kieran Trippier,RB,2,France,6,"Ajax 2–3 Tottenham (2019 SF, Lucas Moura hat-trick)",4-2-3-1,2018-19,Champions League,Ajax,kieran_trippier,0.82,0.83,2
3,3,cl_comebacks_lineups.csv,cl_comebacks_lineups,Unknown,Champions League,liverpool_2018_19_barca4_0 vs tottenham_2018_19_ajax2_3,tottenham_2018_19_ajax2_3,Danny Rose,LB,3,Portugal,6,"Ajax 2–3 Tottenham (2019 SF, Lucas Moura hat-trick)",4-2-3-1,2018-19,Champions League,Ajax,danny_rose,0.18,0.83,2
3,3,cl_comebacks_lineups.csv,cl_comebacks_lineups,Unknown,Champions League,liverpool_2018_19_barca4_0 vs tottenham_2018_19_ajax2_3,tottenham_2018_19_ajax2_3,Toby Alderweireld,CB,4,Netherlands,6,"Ajax 2–3 Tottenham (2019 SF, Lucas Moura hat-trick)",4-2-3-1,2018-19,Champions League,Ajax,toby_alderweireld,0.62,0.86,2
3,3,cl_comebacks_lineups.csv,cl_comebacks_lineups,Unknown,Champions League,liverpool_2018_19_barca4_0 vs tottenham_2018_19_ajax2_3,tottenham_2018_19_ajax2_3,Jan Vertonghen,CB,5,Belgian Former Professional,6,"Ajax 2–3 Tottenham (2019 SF, Lucas Moura hat-trick)",4-2-3-1,2018-19,Champions League,Ajax,jan_vertonghen,0.38,0.86,2
3,3,cl_comebacks_lineups.csv,cl_comebacks_lineups,Unknown,Champions League,liverpool_2018_19_barca4_0 vs tottenham_2018_19_ajax2_3,tottenham_2018_19_ajax2_3,Heung-min Son,LW,7,Brazil,6,"Ajax 2–3 Tottenham (2019 SF, Lucas Moura hat-trick)",4-2-3-1,2018-19,Champions League,Ajax,heung_min_son,0.22,0.48,2
3,3,cl_comebacks_lineups.csv,cl_comebacks_lineups,Unknown,Champions League,liverpool_2018_19_barca4_0 vs tottenham_2018_19_ajax2_3,tottenham_2018_19_ajax2_3,Victor Wanyama,CDM,12,Kenyan Professional,6,"Ajax 2–3 Tottenham (2019 SF, Lucas Moura hat-trick)",4-2-3-1,2018-19,Champions League,Ajax,victor_wanyama,0.6,0.68,2
3,3,cl_comebacks_lineups.csv,cl_comebacks_lineups,Unknown,Champions League,liverpool_2018_19_barca4_0 vs tottenham_2018_19_ajax2_3,tottenham_2018_19_ajax2_3,Moussa Sissoko,CDM,17,French Professional,6,"Ajax 2–3 Tottenham (2019 SF, Lucas Moura hat-trick)",4-2-3-1,2018-19,Champions League,Ajax,moussa_sissoko,0.4,0.68,2
3,3,cl_comebacks_lineups.csv,cl_comebacks_lineups,Unknown,Champions League,liverpool_2018_19_barca4_0 vs tottenham_2018_19_ajax2_3,tottenham_2018_19_ajax2_3,Dele Alli,CAM,20,Spain,6,"Ajax 2–3 Tottenham (2019 SF, Lucas Moura hat-trick)",4-2-3-1,2018-19,Champions League,Ajax,dele_alli,0.5,0.5,2
3,3,cl_comebacks_lineups.csv,cl_comebacks_lineups,Unknown,Champions League,liverpool_2018_19_barca4_0 vs tottenham_2018_19_ajax2_3,tottenham_2018_19_ajax2_3,Christian Eriksen,RW,23,Netherlands,6,"Ajax 2–3 Tottenham (2019 SF, Lucas Moura hat-trick)",4-2-3-1,2018-19,Champions League,Ajax,christian_eriksen,0.78,0.48,2
3,3,cl_comebacks_lineups.csv,cl_comebacks_lineups,Unknown,Champions League,liverpool_2018_19_barca4_0 vs tottenham_2018_19_ajax2_3,tottenham_2018_19_ajax2_3,Lucas Moura,ST,27,Brazilian Professional,6,"Ajax 2–3 Tottenham (2019 SF, Lucas Moura hat-trick)",4-2-3-1,2018-19,Champions League,Ajax,lucas_moura,0.5,0.32,2
4,4,cl_comebacks_lineups.csv,cl_comebacks_lineups,Unknown,Champions League,man_city_2021_22_rm4_3 vs real_madrid_2021_22_mc3_1,man_city_2021_22_rm4_3,Rúben Dias,CB,3,Italy,7,Man City 4–3 Real Madrid (2022 SF 1st leg),4-3-3,2021-22,Champions League,Real Madrid,ruben_dias,0.62,0.86,3
4,4,cl_comebacks_lineups.csv,cl_comebacks_lineups,Unknown,Champions League,man_city_2021_22_rm4_3 vs real_madrid_2021_22_mc3_1,man_city_2021_22_rm4_3,John Stones,RB,5,England,7,Man City 4–3 Real Madrid (2022 SF 1st leg),4-3-3,2021-22,Champions League,Real Madrid,john_stones,0.82,0.83,3
4,4,cl_comebacks_lineups.csv,cl_comebacks_lineups,Unknown,Champions League,man_city_2021_22_rm4_3 vs real_madrid_2021_22_mc3_1,man_city_2021_22_rm4_3,Gabriel Jesus,ST,9,Brazil,7,Man City 4–3 Real Madrid (2022 SF 1st leg),4-3-3,2021-22,Champions League,Real Madrid,gabriel_jesus,0.5,0.35,3
4,4,cl_comebacks_lineups.csv,cl_comebacks_lineups,Unknown,Champions League,man_city_2021_22_rm4_3 vs real_madrid_2021_22_mc3_1,man_city_2021_22_rm4_3,Oleksandr Zinchenko,LB,11,Ukrainian Professional,7,Man City 4–3 Real Madrid (2022 SF 1st leg),4-3-3,2021-22,Champions League,Real Madrid,oleksandr_zinchenko,0.18,0.83,3
4,4,cl_comebacks_lineups.csv,cl_comebacks_lineups,Unknown,Champions League,man_city_2021_22_rm4_3 vs real_madrid_2021_22_mc3_1,man_city_2021_22_rm4_3,Aymeric Laporte,CB,14,France,7,Man City 4–3 Real Madrid (2022 SF 1st leg),4-3-3,2021-22,Champions League,Real Madrid,aymeric_laporte,0.38,0.86,3
4,4,cl_comebacks_lineups.csv,cl_comebacks_lineups,Unknown,Champions League,man_city_2021_22_rm4_3 vs real_madrid_2021_22_mc3_1,man_city_2021_22_rm4_3,Rodri,CM,16,Spain,7,Man City 4–3 Real Madrid (2022 SF 1st leg),4-3-3,2021-22,Champions League,Real Madrid,rodri,0.65,0.65,3
4,4,cl_comebacks_lineups.csv,cl_comebacks_lineups,Unknown,Champions League,man_city_2021_22_rm4_3 vs real_madrid_2021_22_mc3_1,man_city_2021_22_rm4_3,Kevin De Bruyne,CM,17,Belgium,7,Man City 4–3 Real Madrid (2022 SF 1st leg),4-3-3,2021-22,Champions League,Real Madrid,kevin_de_bruyne,0.5,0.63,3
4,4,cl_comebacks_lineups.csv,cl_comebacks_lineups,Unknown,Champions League,man_city_2021_22_rm4_3 vs real_madrid_2021_22_mc3_1,man_city_2021_22_rm4_3,Bernardo Silva,CM,20,Portugal,7,Man City 4–3 Real Madrid (2022 SF 1st leg),4-3-3,2021-22,Champions League,Real Madrid,bernardo_silva,0.35,0.65,3
4,4,cl_comebacks_lineups.csv,cl_comebacks_lineups,Unknown,Champions League,man_city_2021_22_rm4_3 vs real_madrid_2021_22_mc3_1,man_city_2021_22_rm4_3,Riyad Mahrez,RW,26,Algeria,7,Man City 4–3 Real Madrid (2022 SF 1st leg),4-3-3,2021-22,Champions League,Real Madrid,riyad_mahrez,0.78,0.45,3
4,4,cl_comebacks_lineups.csv,cl_comebacks_lineups,Unknown,Champions League,man_city_2021_22_rm4_3 vs real_madrid_2021_22_mc3_1,man_city_2021_22_rm4_3,Ederson,GK,31,Brazil,7,Man City 4–3 Real Madrid (2022 SF 1st leg),4-3-3,2021-22,Champions League,Real Madrid,ederson,0.5,0.95,3
4,4,cl_comebacks_lineups.csv,cl_comebacks_lineups,Unknown,Champions League,man_city_2021_22_rm4_3 vs real_madrid_2021_22_mc3_1,man_city_2021_22_rm4_3,Phil Foden,LW,47,Netherlands,7,Man City 4–3 Real Madrid (2022 SF 1st leg),4-3-3,2021-22,Champions League,Real Madrid,phil_foden,0.22,0.45,3
4,4,cl_comebacks_lineups.csv,cl_comebacks_lineups,Unknown,Champions League,man_city_2021_22_rm4_3 vs real_madrid_2021_22_mc3_1,real_madrid_2021_22_mc3_1,Thibaut Courtois,GK,1,Belgium,8,Real Madrid 3–1 Man City (2022 SF 2nd leg comeback),4-3-3,2021-22,Champions League,Man City,thibaut_courtois,0.5,0.95,3
4,4,cl_comebacks_lineups.csv,cl_comebacks_lineups,Unknown,Champions League,man_city_2021_22_rm4_3 vs real_madrid_2021_22_mc3_1,real_madrid_2021_22_mc3_1,Dani Carvajal,RB,2,Portugal,8,Real Madrid 3–1 Man City (2022 SF 2nd leg comeback),4-3-3,2021-22,Champions League,Man City,dani_carvajal,0.82,0.83,3
4,4,cl_comebacks_lineups.csv,cl_comebacks_lineups,Unknown,Champions League,man_city_2021_22_rm4_3 vs real_madrid_2021_22_mc3_1,real_madrid_2021_22_mc3_1,Éder Militão,CB,3,Netherlands,8,Real Madrid 3–1 Man City (2022 SF 2nd leg comeback),4-3-3,2021-22,Champions League,Man City,eder_militao,0.62,0.86,3
4,4,cl_comebacks_lineups.csv,cl_comebacks_lineups,Unknown,Champions League,man_city_2021_22_rm4_3 vs real_madrid_2021_22_mc3_1,real_madrid_2021_22_mc3_1,Nacho Fernández,CB,6,France,8,Real Madrid 3–1 Man City (2022 SF 2nd leg comeback),4-3-3,2021-22,Champions League,Man City,nacho_fernandez,0.38,0.86,3
4,4,cl_comebacks_lineups.csv,cl_comebacks_lineups,Unknown,Champions League,man_city_2021_22_rm4_3 vs real_madrid_2021_22_mc3_1,real_madrid_2021_22_mc3_1,Toni Kroos,CM,8,German Former Professional,8,Real Madrid 3–1 Man City (2022 SF 2nd leg comeback),4-3-3,2021-22,Champions League,Man City,toni_kroos,0.5,0.63,3
4,4,cl_comebacks_lineups.csv,cl_comebacks_lineups,Unknown,Champions League,man_city_2021_22_rm4_3 vs real_madrid_2021_22_mc3_1,real_madrid_2021_22_mc3_1,Karim Benzema,LW,9,French Professional,8,Real Madrid 3–1 Man City (2022 SF 2nd leg comeback),4-3-3,2021-22,Champions League,Man City,karim_benzema,0.22,0.45,3
4,4,cl_comebacks_lineups.csv,cl_comebacks_lineups,Unknown,Champions League,man_city_2021_22_rm4_3 vs real_madrid_2021_22_mc3_1,real_madrid_2021_22_mc3_1,Luka Modrić,RW,10,Croatia,8,Real Madrid 3–1 Man City (2022 SF 2nd leg comeback),4-3-3,2021-22,Champions League,Man City,luka_modric,0.78,0.45,3
4,4,cl_comebacks_lineups.csv,cl_comebacks_lineups,Unknown,Champions League,man_city_2021_22_rm4_3 vs real_madrid_2021_22_mc3_1,real_madrid_2021_22_mc3_1,Casemiro,CM,14,Brazil,8,Real Madrid 3–1 Man City (2022 SF 2nd leg comeback),4-3-3,2021-22,Champions League,Man City,casemiro,0.65,0.65,3
4,4,cl_comebacks_lineups.csv,cl_comebacks_lineups,Unknown,Champions League,man_city_2021_22_rm4_3 vs real_madrid_2021_22_mc3_1,real_madrid_2021_22_mc3_1,Fede Valverde,CM,15,France,8,Real Madrid 3–1 Man City (2022 SF 2nd leg comeback),4-3-3,2021-22,Champions League,Man City,federico_valverde,0.35,0.65,3
4,4,cl_comebacks_lineups.csv,cl_comebacks_lineups,Unknown,Champions League,man_city_2021_22_rm4_3 vs real_madrid_2021_22_mc3_1,real_madrid_2021_22_mc3_1,Vinícius Júnior,ST,20,Brazilian Professional,8,Real Madrid 3–1 Man City (2022 SF 2nd leg comeback),4-3-3,2021-22,Champions League,Man City,vinicius_junior,0.5,0.35,3
4,4,cl_comebacks_lineups.csv,cl_comebacks_lineups,Unknown,Champions League,man_city_2021_22_rm4_3 vs real_madrid_2021_22_mc3_1,real_madrid_2021_22_mc3_1,Ferland Mendy,LB,23,French Professional,8,Real Madrid 3–1 Man City (2022 SF 2nd leg comeback),4-3-3,2021-22,Champions League,Man City,ferland_mendy,0.18,0.83,3
5,5,el_clasico_lineups_2009_2023_verified.csv,el_clasico_lineups_2009_2023_verified,Unknown,La Liga,real_madrid_2009_05_02 vs barcelona_2009_05_02,barcelona_2009_05_02,Víctor Valdés,GK,1,Spain,2,"Pep Guardiola's Barcelona, 2008-09 Clásico (6–2)",4-3-3,2008-09,La Liga,Real Madrid,valdes_victor,0.5,0.9,0
5,5,el_clasico_lineups_2009_2023_verified.csv,el_clasico_lineups_2009_2023_verified,Unknown,La Liga,real_madrid_2009_05_02 vs barcelona_2009_05_02,barcelona_2009_05_02,Gerard Piqué,RCB,3,Spain,2,"Pep Guardiola's Barcelona, 2008-09 Clásico (6–2)",4-3-3,2008-09,La Liga,Real Madrid,pique_gerard,0.65,0.78,0
5,5,el_clasico_lineups_2009_2023_verified.csv,el_clasico_lineups_2009_2023_verified,Unknown,La Liga,real_madrid_2009_05_02 vs barcelona_2009_05_02,barcelona_2009_05_02,Carles Puyol,LCB,5,Spain,2,"Pep Guardiola's Barcelona, 2008-09 Clásico (6–2)",4-3-3,2008-09,La Liga,Real Madrid,puyol_carles,0.35,0.78,0
5,5,el_clasico_lineups_2009_2023_verified.csv,el_clasico_lineups_2009_2023_verified,Unknown,La Liga,real_madrid_2009_05_02 vs barcelona_2009_05_02,barcelona_2009_05_02,Xavi Hernández,RCM,6,Spain,2,"Pep Guardiola's Barcelona, 2008-09 Clásico (6–2)",4-3-3,2008-09,La Liga,Real Madrid,xavi_hernandez,0.65,0.6,0
5,5,el_clasico_lineups_2009_2023_verified.csv,el_clasico_lineups_2009_2023_verified,Unknown,La Liga,real_madrid_2009_05_02 vs barcelona_2009_05_02,barcelona_2009_05_02,Andrés Iniesta,LCM,8,Spain,2,"Pep Guardiola's Barcelona, 2008-09 Clásico (6–2)",4-3-3,2008-09,La Liga,Real Madrid,iniesta_andres,0.35,0.6,0
5,5,el_clasico_lineups_2009_2023_verified.csv,el_clasico_lineups_2009_2023_verified,Unknown,La Liga,real_madrid_2009_05_02 vs barcelona_2009_05_02,barcelona_2009_05_02,Samuel Eto'o,ST,9,Cameroon,2,"Pep Guardiola's Barcelona, 2008-09 Clásico (6–2)",4-3-3,2008-09,La Liga,Real Madrid,etoo_samuel,0.5,0.2,0
5,5,el_clasico_lineups_2009_2023_verified.csv,el_clasico_lineups_2009_2023_verified,Unknown,La Liga,real_madrid_2009_05_02 vs barcelona_2009_05_02,barcelona_2009_05_02,Lionel Messi,RW,10,Argentina,2,"Pep Guardiola's Barcelona, 2008-09 Clásico (6–2)",4-3-3,2008-09,La Liga,Real Madrid,messi_lionel,0.8,0.3,0
5,5,el_clasico_lineups_2009_2023_verified.csv,el_clasico_lineups_2009_2023_verified,Unknown,La Liga,real_madrid_2009_05_02 vs barcelona_2009_05_02,barcelona_2009_05_02,Thierry Henry,LW,14,France,2,"Pep Guardiola's Barcelona, 2008-09 Clásico (6–2)",4-3-3,2008-09,La Liga,Real Madrid,henry_thierry,0.2,0.3,0
5,5,el_clasico_lineups_2009_2023_verified.csv,el_clasico_lineups_2009_2023_verified,Unknown,La Liga,real_madrid_2009_05_02 vs barcelona_2009_05_02,barcelona_2009_05_02,Dani Alves,RB,20,Brazil,2,"Pep Guardiola's Barcelona, 2008-09 Clásico (6–2)",4-3-3,2008-09,La Liga,Real Madrid,alves_dani,0.8,0.75,0
5,5,el_clasico_lineups_2009_2023_verified.csv,el_clasico_lineups_2009_2023_verified,Unknown,La Liga,real_madrid_2009_05_02 vs barcelona_2009_05_02,barcelona_2009_05_02,Eric Abidal,LB,22,Portugal,2,"Pep Guardiola's Barcelona, 2008-09 Clásico (6–2)",4-3-3,2008-09,La Liga,Real Madrid,abidal_eric,0.2,0.75,0
5,5,el_clasico_lineups_2009_2023_verified.csv,el_clasico_lineups_2009_2023_verified,Unknown,La Liga,real_madrid_2009_05_02 vs barcelona_2009_05_02,barcelona_2009_05_02,Yaya Touré,CDM,24,Côte d’Ivoire,2,"Pep Guardiola's Barcelona, 2008-09 Clásico (6–2)",4-3-3,2008-09,La Liga,Real Madrid,toure_yaya,0.5,0.65,0
5,5,el_clasico_lineups_2009_2023_verified.csv,el_clasico_lineups_2009_2023_verified,Unknown,La Liga,real_madrid_2009_05_02 vs barcelona_2009_05_02,real_madrid_2009_05_02,Iker Casillas,GK,1,Spain,1,"Juande Ramos' Real Madrid, 2008-09 Clásico (2–6)",4-4-2,2008-09,La Liga,Barcelona,casillas_iker,0.5,0.9,0
5,5,el_clasico_lineups_2009_2023_verified.csv,el_clasico_lineups_2009_2023_verified,Unknown,La Liga,real_madrid_2009_05_02 vs barcelona_2009_05_02,real_madrid_2009_05_02,Sergio Ramos,RB,4,Spain,1,"Juande Ramos' Real Madrid, 2008-09 Clásico (2–6)",4-4-2,2008-09,La Liga,Barcelona,ramos_sergio,0.8,0.75,0
5,5,el_clasico_lineups_2009_2023_verified.csv,el_clasico_lineups_2009_2023_verified,Unknown,La Liga,real_madrid_2009_05_02 vs barcelona_2009_05_02,real_madrid_2009_05_02,Fabio Cannavaro,RCB,5,Italy,1,"Juande Ramos' Real Madrid, 2008-09 Clásico (2–6)",4-4-2,2008-09,La Liga,Barcelona,cannavaro_fabio,0.65,0.78,0
5,5,el_clasico_lineups_2009_2023_verified.csv,el_clasico_lineups_2009_2023_verified,Unknown,La Liga,real_madrid_2009_05_02 vs barcelona_2009_05_02,real_madrid_2009_05_02,Lassana Diarra,RCM,6,France,1,"Juande Ramos' Real Madrid, 2008-09 Clásico (2–6)",4-4-2,2008-09,La Liga,Barcelona,diarra_lassana,0.55,0.55,0
5,5,el_clasico_lineups_2009_2023_verified.csv,el_clasico_lineups_2009_2023_verified,Unknown,La Liga,real_madrid_2009_05_02 vs barcelona_2009_05_02,real_madrid_2009_05_02,Raúl,ST,7,Spain,1,"Juande Ramos' Real Madrid, 2008-09 Clásico (2–6)",4-4-2,2008-09,La Liga,Barcelona,raul_gonzalez,0.42,0.25,0
5,5,el_clasico_lineups_2009_2023_verified.csv,el_clasico_lineups_2009_2023_verified,Unknown,La Liga,real_madrid_2009_05_02 vs barcelona_2009_05_02,real_madrid_2009_05_02,Fernando Gago,LCM,8,Argentina,1,"Juande Ramos' Real Madrid, 2008-09 Clásico (2–6)",4-4-2,2008-09,La Liga,Barcelona,gago_fernando,0.45,0.55,0
5,5,el_clasico_lineups_2009_2023_verified.csv,el_clasico_lineups_2009_2023_verified,Unknown,La Liga,real_madrid_2009_05_02 vs barcelona_2009_05_02,real_madrid_2009_05_02,Arjen Robben,RM,11,Netherlands,1,"Juande Ramos' Real Madrid, 2008-09 Clásico (2–6)",4-4-2,2008-09,La Liga,Barcelona,robben_arjen,0.8,0.5,0
5,5,el_clasico_lineups_2009_2023_verified.csv,el_clasico_lineups_2009_2023_verified,Unknown,La Liga,real_madrid_2009_05_02 vs barcelona_2009_05_02,real_madrid_2009_05_02,Marcelo,LM,12,Brazil,1,"Juande Ramos' Real Madrid, 2008-09 Clásico (2–6)",4-4-2,2008-09,La Liga,Barcelona,marcelo,0.2,0.5,0
5,5,el_clasico_lineups_2009_2023_verified.csv,el_clasico_lineups_2009_2023_verified,Unknown,La Liga,real_madrid_2009_05_02 vs barcelona_2009_05_02,real_madrid_2009_05_02,Gabriel Heinze,LB,16,Argentina,1,"Juande Ramos' Real Madrid, 2008-09 Clásico (2–6)",4-4-2,2008-09,La Liga,Barcelona,heinze_gabriel,0.2,0.75,0
5,5,el_clasico_lineups_2009_2023_verified.csv,el_clasico_lineups_2009_2023_verified,Unknown,La Liga,real_madrid_2009_05_02 vs barcelona_2009_05_02,real_madrid_2009_05_02,Gonzalo Higuaín,ST,20,Argentina,1,"Juande Ramos' Real Madrid, 2008-09 Clásico (2–6)",4-4-2,2008-09,La Liga,Barcelona,higuain_gonzalo,0.58,0.25,0
5,5,el_clasico_lineups_2009_2023_verified.csv,el_clasico_lineups_2009_2023_verified,Unknown,La Liga,real_madrid_2009_05_02 vs barcelona_2009_05_02,real_madrid_2009_05_02,Christoph Metzelder,LCB,21,Germany,1,"Juande Ramos' Real Madrid, 2008-09 Clásico (2–6)",4-4-2,2008-09,La Liga,Barcelona,metzelder_christoph,0.35,0.78,0
6,6,el_clasico_lineups_2009_2023_verified.csv,el_clasico_lineups_2009_2023_verified,Unknown,La Liga,barcelona_2010_11_29 vs real_madrid_2010_11_29,barcelona_2010_11_29,Víctor Valdés,GK,1,Spain,3,"Pep Guardiola's Barcelona, 2010-11 Clásico (5–0)",4-3-3,2010-11,La Liga,Real Madrid,valdes_victor,0.5,0.9,1
6,6,el_clasico_lineups_2009_2023_verified.csv,el_clasico_lineups_2009_2023_verified,Unknown,La Liga,barcelona_2010_11_29 vs real_madrid_2010_11_29,barcelona_2010_11_29,Dani Alves,RB,2,Brazil,3,"Pep Guardiola's Barcelona, 2010-11 Clásico (5–0)",4-3-3,2010-11,La Liga,Real Madrid,alves_dani,0.8,0.75,1
6,6,el_clasico_lineups_2009_2023_verified.csv,el_clasico_lineups_2009_2023_verified,Unknown,La Liga,barcelona_2010_11_29 vs real_madrid_2010_11_29,barcelona_2010_11_29,Gerard Piqué,LCB,3,Spain,3,"Pep Guardiola's Barcelona, 2010-11 Clásico (5–0)",4-3-3,2010-11,La Liga,Real Madrid,pique_gerard,0.35,0.78,1
6,6,el_clasico_lineups_2009_2023_verified.csv,el_clasico_lineups_2009_2023_verified,Unknown,La Liga,barcelona_2010_11_29 vs real_madrid_2010_11_29,barcelona_2010_11_29,Carles Puyol,RCB,5,Spain,3,"Pep Guardiola's Barcelona, 2010-11 Clásico (5–0)",4-3-3,2010-11,La Liga,Real Madrid,puyol_carles,0.65,0.78,1
6,6,el_clasico_lineups_2009_2023_verified.csv,el_clasico_lineups_2009_2023_verified,Unknown,La Liga,barcelona_2010_11_29 vs real_madrid_2010_11_29,barcelona_2010_11_29,Xavi Hernández,RCM,6,Spain,3,"Pep Guardiola's Barcelona, 2010-11 Clásico (5–0)",4-3-3,2010-11,La Liga,Real Madrid,xavi_hernandez,0.65,0.6,1
6,6,el_clasico_lineups_2009_2023_verified.csv,el_clasico_lineups_2009_2023_verified,Unknown,La Liga,barcelona_2010_11_29 vs real_madrid_2010_11_29,barcelona_2010_11_29,David Villa,ST,7,Spain,3,"Pep Guardiola's Barcelona, 2010-11 Clásico (5–0)",4-3-3,2010-11,La Liga,Real Madrid,villa_david,0.5,0.2,1
6,6,el_clasico_lineups_2009_2023_verified.csv,el_clasico_lineups_2009_2023_verified,Unknown,La Liga,barcelona_2010_11_29 vs real_madrid_2010_11_29,barcelona_2010_11_29,Andrés Iniesta,LCM,8,Spain,3,"Pep Guardiola's Barcelona, 2010-11 Clásico (5–0)",4-3-3,2010-11,La Liga,Real Madrid,iniesta_andres,0.35,0.6,1
6,6,el_clasico_lineups_2009_2023_verified.csv,el_clasico_lineups_2009_2023_verified,Unknown,La Liga,barcelona_2010_11_29 vs real_madrid_2010_11_29,barcelona_2010_11_29,Lionel Messi,RW,10,Argentina,3,"Pep Guardiola's Barcelona, 2010-11 Clásico (5–0)",4-3-3,2010-11,La Liga,Real Madrid,messi_lionel,0.8,0.3,1
6,6,el_clasico_lineups_2009_2023_verified.csv,el_clasico_lineups_2009_2023_verified,Unknown,La Liga,barcelona_2010_11_29 vs real_madrid_2010_11_29,barcelona_2010_11_29,Sergio Busquets,CDM,16,Spain,3,"Pep Guardiola's Barcelona, 2010-11 Clásico (5–0)",4-3-3,2010-11,La Liga,Real Madrid,busquets_sergio,0.5,0.65,1
6,6,el_clasico_lineups_2009_2023_verified.csv,el_clasico_lineups_2009_2023_verified,Unknown,La Liga,barcelona_2010_11_29 vs real_madrid_2010_11_29,barcelona_2010_11_29,Pedro Rodríguez,LW,17,Portugal,3,"Pep Guardiola's Barcelona, 2010-11 Clásico (5–0)",4-3-3,2010-11,La Liga,Real Madrid,pedro_rodriguez,0.2,0.3,1
6,6,el_clasico_lineups_2009_2023_verified.csv,el_clasico_lineups_2009_2023_verified,Unknown,La Liga,barcelona_2010_11_29 vs real_madrid_2010_11_29,barcelona_2010_11_29,Eric Abidal,LB,22,Portugal,3,"Pep Guardiola's Barcelona, 2010-11 Clásico (5–0)",4-3-3,2010-11,La Liga,Real Madrid,abidal_eric,0.2,0.75,1
6,6,el_clasico_lineups_2009_2023_verified.csv,el_clasico_lineups_2009_2023_verified,Unknown,La Liga,barcelona_2010_11_29 vs real_madrid_2010_11_29,real_madrid_2010_11_29,Iker Casillas,GK,1,Spain,4,"José Mourinho's Real Madrid, 2010-11 Clásico (0–5)",4-2-3-1,2010-11,La Liga,Barcelona,casillas_iker,0.5,0.9,1
6,6,el_clasico_lineups_2009_2023_verified.csv,el_clasico_lineups_2009_2023_verified,Unknown,La Liga,barcelona_2010_11_29 vs real_madrid_2010_11_29,real_madrid_2010_11_29,Ricardo Carvalho,LCB,2,Portugal,4,"José Mourinho's Real Madrid, 2010-11 Clásico (0–5)",4-2-3-1,2010-11,La Liga,Barcelona,carvalho_ricardo,0.35,0.78,1
6,6,el_clasico_lineups_2009_2023_verified.csv,el_clasico_lineups_2009_2023_verified,Unknown,La Liga,barcelona_2010_11_29 vs real_madrid_2010_11_29,real_madrid_2010_11_29,Pepe,RCB,3,Portugal,4,"José Mourinho's Real Madrid, 2010-11 Clásico (0–5)",4-2-3-1,2010-11,La Liga,Barcelona,pepe,0.65,0.78,1
6,6,el_clasico_lineups_2009_2023_verified.csv,el_clasico_lineups_2009_2023_verified,Unknown,La Liga,barcelona_2010_11_29 vs real_madrid_2010_11_29,real_madrid_2010_11_29,Sergio Ramos,RB,4,Spain,4,"José Mourinho's Real Madrid, 2010-11 Clásico (0–5)",4-2-3-1,2010-11,La Liga,Barcelona,ramos_sergio,0.8,0.75,1
6,6,el_clasico_lineups_2009_2023_verified.csv,el_clasico_lineups_2009_2023_verified,Unknown,La Liga,barcelona_2010_11_29 vs real_madrid_2010_11_29,real_madrid_2010_11_29,Cristiano Ronaldo,LW,7,Portugal,4,"José Mourinho's Real Madrid, 2010-11 Clásico (0–5)",4-2-3-1,2010-11,La Liga,Barcelona,ronaldo_cristiano,0.2,0.3,1
6,6,el_clasico_lineups_2009_2023_verified.csv,el_clasico_lineups_2009_2023_verified,Unknown,La Liga,barcelona_2010_11_29 vs real_madrid_2010_11_29,real_madrid_2010_11_29,Karim Benzema,ST,9,French Professional,4,"José Mourinho's Real Madrid, 2010-11 Clásico (0–5)",4-2-3-1,2010-11,La Liga,Barcelona,benzema_karim,0.5,0.2,1
6,6,el_clasico_lineups_2009_2023_verified.csv,el_clasico_lineups_2009_2023_verified,Unknown,La Liga,barcelona_2010_11_29 vs real_madrid_2010_11_29,real_madrid_2010_11_29,Marcelo,LB,12,Brazil,4,"José Mourinho's Real Madrid, 2010-11 Clásico (0–5)",4-2-3-1,2010-11,La Liga,Barcelona,marcelo,0.2,0.75,1
6,6,el_clasico_lineups_2009_2023_verified.csv,el_clasico_lineups_2009_2023_verified,Unknown,La Liga,barcelona_2010_11_29 vs real_madrid_2010_11_29,real_madrid_2010_11_29,Xabi Alonso,CDM,14,Spain,4,"José Mourinho's Real Madrid, 2010-11 Clásico (0–5)",4-2-3-1,2010-11,La Liga,Barcelona,alonso_xabi,0.6,0.65,1
6,6,el_clasico_lineups_2009_2023_verified.csv,el_clasico_lineups_2009_2023_verified,Unknown,La Liga,barcelona_2010_11_29 vs real_madrid_2010_11_29,real_madrid_2010_11_29,Ángel Di María,RW,22,Argentina,4,"José Mourinho's Real Madrid, 2010-11 Clásico (0–5)",4-2-3-1,2010-11,La Liga,Barcelona,di_maria_angel,0.8,0.3,1
6,6,el_clasico_lineups_2009_2023_verified.csv,el_clasico_lineups_2009_2023_verified,Unknown,La Liga,barcelona_2010_11_29 vs real_madrid_2010_11_29,real_madrid_2010_11_29,Mesut Özil,CAM,23,German Former Professional,4,"José Mourinho's Real Madrid, 2010-11 Clásico (0–5)",4-2-3-1,2010-11,La Liga,Barcelona,ozil_mesut,0.5,0.45,1
6,6,el_clasico_lineups_2009_2023_verified.csv,el_clasico_lineups_2009_2023_verified,Unknown,La Liga,barcelona_2010_11_29 vs real_madrid_2010_11_29,real_madrid_2010_11_29,Sami Khedira,CDM,24,Germany,4,"José Mourinho's Real Madrid, 2010-11 Clásico (0–5)",4-2-3-1,2010-11,La Liga,Barcelona,khedira_sami,0.4,0.65,1
7,7,el_clasico_lineups_2009_2023_verified.csv,el_clasico_lineups_2009_2023_verified,Unknown,La Liga,real_madrid_2014_03_23 vs barcelona_2014_03_23,barcelona_2014_03_23,Víctor Valdés,GK,1,Spain,6,"Gerardo Martino's Barcelona, 2013-14 Clásico (4–3)",4-3-3,2013-14,La Liga,Real Madrid,valdes_victor,0.5,0.9,2
7,7,el_clasico_lineups_2009_2023_verified.csv,el_clasico_lineups_2009_2023_verified,Unknown,La Liga,real_madrid_2014_03_23 vs barcelona_2014_03_23,barcelona_2014_03_23,Gerard Piqué,RCB,3,Spain,6,"Gerardo Martino's Barcelona, 2013-14 Clásico (4–3)",4-3-3,2013-14,La Liga,Real Madrid,pique_gerard,0.65,0.78,2
7,7,el_clasico_lineups_2009_2023_verified.csv,el_clasico_lineups_2009_2023_verified,Unknown,La Liga,real_madrid_2014_03_23 vs barcelona_2014_03_23,barcelona_2014_03_23,Cesc Fàbregas,RW,4,Spain,6,"Gerardo Martino's Barcelona, 2013-14 Clásico (4–3)",4-3-3,2013-14,La Liga,Real Madrid,fabregas_cesc,0.8,0.3,2
7,7,el_clasico_lineups_2009_2023_verified.csv,el_clasico_lineups_2009_2023_verified,Unknown,La Liga,real_madrid_2014_03_23 vs barcelona_2014_03_23,barcelona_2014_03_23,Xavi Hernández,RCM,6,Spain,6,"Gerardo Martino's Barcelona, 2013-14 Clásico (4–3)",4-3-3,2013-14,La Liga,Real Madrid,xavi_hernandez,0.65,0.6,2
7,7,el_clasico_lineups_2009_2023_verified.csv,el_clasico_lineups_2009_2023_verified,Unknown,La Liga,real_madrid_2014_03_23 vs barcelona_2014_03_23,barcelona_2014_03_23,Andrés Iniesta,LCM,8,Spain,6,"Gerardo Martino's Barcelona, 2013-14 Clásico (4–3)",4-3-3,2013-14,La Liga,Real Madrid,iniesta_andres,0.35,0.6,2
7,7,el_clasico_lineups_2009_2023_verified.csv,el_clasico_lineups_2009_2023_verified,Unknown,La Liga,real_madrid_2014_03_23 vs barcelona_2014_03_23,barcelona_2014_03_23,Lionel Messi,ST,10,Argentina,6,"Gerardo Martino's Barcelona, 2013-14 Clásico (4–3)",4-3-3,2013-14,La Liga,Real Madrid,messi_lionel,0.5,0.2,2
7,7,el_clasico_lineups_2009_2023_verified.csv,el_clasico_lineups_2009_2023_verified,Unknown,La Liga,real_madrid_2014_03_23 vs barcelona_2014_03_23,barcelona_2014_03_23,Neymar,LW,11,Brazil,6,"Gerardo Martino's Barcelona, 2013-14 Clásico (4–3)",4-3-3,2013-14,La Liga,Real Madrid,neymar,0.2,0.3,2
7,7,el_clasico_lineups_2009_2023_verified.csv,el_clasico_lineups_2009_2023_verified,Unknown,La Liga,real_madrid_2014_03_23 vs barcelona_2014_03_23,barcelona_2014_03_23,Javier Mascherano,LCB,14,Argentina,6,"Gerardo Martino's Barcelona, 2013-14 Clásico (4–3)",4-3-3,2013-14,La Liga,Real Madrid,mascherano_javier,0.35,0.78,2
7,7,el_clasico_lineups_2009_2023_verified.csv,el_clasico_lineups_2009_2023_verified,Unknown,La Liga,real_madrid_2014_03_23 vs barcelona_2014_03_23,barcelona_2014_03_23,Sergio Busquets,CDM,16,Spain,6,"Gerardo Martino's Barcelona, 2013-14 Clásico (4–3)",4-3-3,2013-14,La Liga,Real Madrid,busquets_sergio,0.5,0.65,2
7,7,el_clasico_lineups_2009_2023_verified.csv,el_clasico_lineups_2009_2023_verified,Unknown,La Liga,real_madrid_2014_03_23 vs barcelona_2014_03_23,barcelona_2014_03_23,Jordi Alba,LB,18,Spain,6,"Gerardo Martino's Barcelona, 2013-14 Clásico (4–3)",4-3-3,2013-14,La Liga,Real Madrid,alba_jordi,0.2,0.75,2
7,7,el_clasico_lineups_2009_2023_verified.csv,el_clasico_lineups_2009_2023_verified,Unknown,La Liga,real_madrid_2014_03_23 vs barcelona_2014_03_23,barcelona_2014_03_23,Dani Alves,RB,22,Brazil,6,"Gerardo Martino's Barcelona, 2013-14 Clásico (4–3)",4-3-3,2013-14,La Liga,Real Madrid,alves_dani,0.8,0.75,2
7,7,el_clasico_lineups_2009_2023_verified.csv,el_clasico_lineups_2009_2023_verified,Unknown,La Liga,real_madrid_2014_03_23 vs barcelona_2014_03_23,real_madrid_2014_03_23,Pepe,RCB,3,Portugal,5,"Carlo Ancelotti's Real Madrid, 2013-14 Clásico (3–4)",4-3-3,2013-14,La Liga,Barcelona,pepe,0.65,0.78,2
7,7,el_clasico_lineups_2009_2023_verified.csv,el_clasico_lineups_2009_2023_verified,Unknown,La Liga,real_madrid_2014_03_23 vs barcelona_2014_03_23,real_madrid_2014_03_23,Sergio Ramos,LCB,4,Spain,5,"Carlo Ancelotti's Real Madrid, 2013-14 Clásico (3–4)",4-3-3,2013-14,La Liga,Barcelona,ramos_sergio,0.35,0.78,2
7,7,el_clasico_lineups_2009_2023_verified.csv,el_clasico_lineups_2009_2023_verified,Unknown,La Liga,real_madrid_2014_03_23 vs barcelona_2014_03_23,real_madrid_2014_03_23,Cristiano Ronaldo,LW,7,Portugal,5,"Carlo Ancelotti's Real Madrid, 2013-14 Clásico (3–4)",4-3-3,2013-14,La Liga,Barcelona,ronaldo_cristiano,0.2,0.3,2
7,7,el_clasico_lineups_2009_2023_verified.csv,el_clasico_lineups_2009_2023_verified,Unknown,La Liga,real_madrid_2014_03_23 vs barcelona_2014_03_23,real_madrid_2014_03_23,Karim Benzema,ST,9,French Professional,5,"Carlo Ancelotti's Real Madrid, 2013-14 Clásico (3–4)",4-3-3,2013-14,La Liga,Barcelona,benzema_karim,0.5,0.2,2
7,7,el_clasico_lineups_2009_2023_verified.csv,el_clasico_lineups_2009_2023_verified,Unknown,La Liga,real_madrid_2014_03_23 vs barcelona_2014_03_23,real_madrid_2014_03_23,Gareth Bale,RW,11,Wales,5,"Carlo Ancelotti's Real Madrid, 2013-14 Clásico (3–4)",4-3-3,2013-14,La Liga,Barcelona,bale_gareth,0.8,0.3,2
7,7,el_clasico_lineups_2009_2023_verified.csv,el_clasico_lineups_2009_2023_verified,Unknown,La Liga,real_madrid_2014_03_23 vs barcelona_2014_03_23,real_madrid_2014_03_23,Marcelo,LB,12,Brazil,5,"Carlo Ancelotti's Real Madrid, 2013-14 Clásico (3–4)",4-3-3,2013-14,La Liga,Barcelona,marcelo,0.2,0.75,2
7,7,el_clasico_lineups_2009_2023_verified.csv,el_clasico_lineups_2009_2023_verified,Unknown,La Liga,real_madrid_2014_03_23 vs barcelona_2014_03_23,real_madrid_2014_03_23,Xabi Alonso,CDM,14,Spain,5,"Carlo Ancelotti's Real Madrid, 2013-14 Clásico (3–4)",4-3-3,2013-14,La Liga,Barcelona,alonso_xabi,0.5,0.65,2
7,7,el_clasico_lineups_2009_2023_verified.csv,el_clasico_lineups_2009_2023_verified,Unknown,La Liga,real_madrid_2014_03_23 vs barcelona_2014_03_23,real_madrid_2014_03_23,Dani Carvajal,RB,15,Portugal,5,"Carlo Ancelotti's Real Madrid, 2013-14 Clásico (3–4)",4-3-3,2013-14,La Liga,Barcelona,carvajal_dani,0.8,0.75,2
7,7,el_clasico_lineups_2009_2023_verified.csv,el_clasico_lineups_2009_2023_verified,Unknown,La Liga,real_madrid_2014_03_23 vs barcelona_2014_03_23,real_madrid_2014_03_23,Luka Modrić,RCM,19,Croatia,5,"Carlo Ancelotti's Real Madrid, 2013-14 Clásico (3–4)",4-3-3,2013-14,La Liga,Barcelona,modric_luka,0.65,0.6,2
7,7,el_clasico_lineups_2009_2023_verified.csv,el_clasico_lineups_2009_2023_verified,Unknown,La Liga,real_madrid_2014_03_23 vs barcelona_2014_03_23,real_madrid_2014_03_23,Ángel Di María,LCM,22,Argentina,5,"Carlo Ancelotti's Real Madrid, 2013-14 Clásico (3–4)",4-3-3,2013-14,La Liga,Barcelona,di_maria_angel,0.35,0.6,2
7,7,el_clasico_lineups_2009_2023_verified.csv,el_clasico_lineups_2009_2023_verified,Unknown,La Liga,real_madrid_2014_03_23 vs barcelona_2014_03_23,real_madrid_2014_03_23,Diego López,GK,25,Argentina,5,"Carlo Ancelotti's Real Madrid, 2013-14 Clásico (3–4)",4-3-3,2013-14,La Liga,Barcelona,lopez_diego,0.5,0.9,2
8,8,el_clasico_lineups_2009_2023_verified.csv,el_clasico_lineups_2009_2023_verified,Unknown,La Liga,real_madrid_2015_11_21 vs barcelona_2015_11_21,barcelona_2015_11_21,Gerard Piqué,RCB,3,Spain,8,"Luis Enrique's Barcelona, 2015-16 Clásico (4–0)",4-3-3,2015-16,La Liga,Real Madrid,pique_gerard,0.65,0.78,3
8,8,el_clasico_lineups_2009_2023_verified.csv,el_clasico_lineups_2009_2023_verified,Unknown,La Liga,real_madrid_2015_11_21 vs barcelona_2015_11_21,barcelona_2015_11_21,Ivan Rakitić,RCM,4,Croatia,8,"Luis Enrique's Barcelona, 2015-16 Clásico (4–0)",4-3-3,2015-16,La Liga,Real Madrid,rakitic_ivan,0.65,0.6,3
8,8,el_clasico_lineups_2009_2023_verified.csv,el_clasico_lineups_2009_2023_verified,Unknown,La Liga,real_madrid_2015_11_21 vs barcelona_2015_11_21,barcelona_2015_11_21,Sergio Busquets,CDM,5,Spain,8,"Luis Enrique's Barcelona, 2015-16 Clásico (4–0)",4-3-3,2015-16,La Liga,Real Madrid,busquets_sergio,0.5,0.65,3
8,8,el_clasico_lineups_2009_2023_verified.csv,el_clasico_lineups_2009_2023_verified,Unknown,La Liga,real_madrid_2015_11_21 vs barcelona_2015_11_21,barcelona_2015_11_21,Dani Alves,RB,6,Brazil,8,"Luis Enrique's Barcelona, 2015-16 Clásico (4–0)",4-3-3,2015-16,La Liga,Real Madrid,alves_dani,0.8,0.75,3
8,8,el_clasico_lineups_2009_2023_verified.csv,el_clasico_lineups_2009_2023_verified,Unknown,La Liga,real_madrid_2015_11_21 vs barcelona_2015_11_21,barcelona_2015_11_21,Andrés Iniesta,LCM,8,Spain,8,"Luis Enrique's Barcelona, 2015-16 Clásico (4–0)",4-3-3,2015-16,La Liga,Real Madrid,iniesta_andres,0.35,0.6,3
8,8,el_clasico_lineups_2009_2023_verified.csv,el_clasico_lineups_2009_2023_verified,Unknown,La Liga,real_madrid_2015_11_21 vs barcelona_2015_11_21,barcelona_2015_11_21,Luis Suárez,ST,9,Uruguay,8,"Luis Enrique's Barcelona, 2015-16 Clásico (4–0)",4-3-3,2015-16,La Liga,Real Madrid,suarez_luis,0.5,0.2,3
8,8,el_clasico_lineups_2009_2023_verified.csv,el_clasico_lineups_2009_2023_verified,Unknown,La Liga,real_madrid_2015_11_21 vs barcelona_2015_11_21,barcelona_2015_11_21,Neymar,LW,11,Brazil,8,"Luis Enrique's Barcelona, 2015-16 Clásico (4–0)",4-3-3,2015-16,La Liga,Real Madrid,neymar,0.2,0.3,3
8,8,el_clasico_lineups_2009_2023_verified.csv,el_clasico_lineups_2009_2023_verified,Unknown,La Liga,real_madrid_2015_11_21 vs barcelona_2015_11_21,barcelona_2015_11_21,Claudio Bravo,GK,13,Italy,8,"Luis Enrique's Barcelona, 2015-16 Clásico (4–0)",4-3-3,2015-16,La Liga,Real Madrid,bravo_claudio,0.5,0.9,3
8,8,el_clasico_lineups_2009_2023_verified.csv,el_clasico_lineups_2009_2023_verified,Unknown,La Liga,real_madrid_2015_11_21 vs barcelona_2015_11_21,barcelona_2015_11_21,Javier Mascherano,LCB,14,Argentina,8,"Luis Enrique's Barcelona, 2015-16 Clásico (4–0)",4-3-3,2015-16,La Liga,Real Madrid,mascherano_javier,0.35,0.78,3
8,8,el_clasico_lineups_2009_2023_verified.csv,el_clasico_lineups_2009_2023_verified,Unknown,La Liga,real_madrid_2015_11_21 vs barcelona_2015_11_21,barcelona_2015_11_21,Jordi Alba,LB,18,Spain,8,"Luis Enrique's Barcelona, 2015-16 Clásico (4–0)",4-3-3,2015-16,La Liga,Real Madrid,alba_jordi,0.2,0.75,3
8,8,el_clasico_lineups_2009_2023_verified.csv,el_clasico_lineups_2009_2023_verified,Unknown,La Liga,real_madrid_2015_11_21 vs barcelona_2015_11_21,barcelona_2015_11_21,Sergi Roberto,RW,20,Spain,8,"Luis Enrique's Barcelona, 2015-16 Clásico (4–0)",4-3-3,2015-16,La Liga,Real Madrid,roberto_sergi,0.8,0.3,3
8,8,el_clasico_lineups_2009_2023_verified.csv,el_clasico_lineups_2009_2023_verified,Unknown,La Liga,real_madrid_2015_11_21 vs barcelona_2015_11_21,real_madrid_2015_11_21,Keylor Navas,CAM,1,Costa Rican Professional,7,"Rafa Benítez's Real Madrid, 2015-16 Clásico (0–4)",4-3-3,2015-16,La Liga,Barcelona,navas_keylor,0.5,0.65,3
8,8,el_clasico_lineups_2009_2023_verified.csv,el_clasico_lineups_2009_2023_verified,Unknown,La Liga,real_madrid_2015_11_21 vs barcelona_2015_11_21,real_madrid_2015_11_21,Raphaël Varane,RCB,2,French Former Professional,7,"Rafa Benítez's Real Madrid, 2015-16 Clásico (0–4)",4-3-3,2015-16,La Liga,Barcelona,varane_raphael,0.65,0.78,3
8,8,el_clasico_lineups_2009_2023_verified.csv,el_clasico_lineups_2009_2023_verified,Unknown,La Liga,real_madrid_2015_11_21 vs barcelona_2015_11_21,real_madrid_2015_11_21,Sergio Ramos,LCB,4,Spain,7,"Rafa Benítez's Real Madrid, 2015-16 Clásico (0–4)",4-3-3,2015-16,La Liga,Barcelona,ramos_sergio,0.35,0.78,3
8,8,el_clasico_lineups_2009_2023_verified.csv,el_clasico_lineups_2009_2023_verified,Unknown,La Liga,real_madrid_2015_11_21 vs barcelona_2015_11_21,real_madrid_2015_11_21,Cristiano Ronaldo,LW,7,Portugal,7,"Rafa Benítez's Real Madrid, 2015-16 Clásico (0–4)",4-3-3,2015-16,La Liga,Barcelona,ronaldo_cristiano,0.2,0.3,3
8,8,el_clasico_lineups_2009_2023_verified.csv,el_clasico_lineups_2009_2023_verified,Unknown,La Liga,real_madrid_2015_11_21 vs barcelona_2015_11_21,real_madrid_2015_11_21,Toni Kroos,LCM,8,German Former Professional,7,"Rafa Benítez's Real Madrid, 2015-16 Clásico (0–4)",4-3-3,2015-16,La Liga,Barcelona,kroos_toni,0.35,0.6,3
8,8,el_clasico_lineups_2009_2023_verified.csv,el_clasico_lineups_2009_2023_verified,Unknown,La Liga,real_madrid_2015_11_21 vs barcelona_2015_11_21,real_madrid_2015_11_21,Karim Benzema,ST,9,French Professional,7,"Rafa Benítez's Real Madrid, 2015-16 Clásico (0–4)",4-3-3,2015-16,La Liga,Barcelona,benzema_karim,0.5,0.2,3
8,8,el_clasico_lineups_2009_2023_verified.csv,el_clasico_lineups_2009_2023_verified,Unknown,La Liga,real_madrid_2015_11_21 vs barcelona_2015_11_21,real_madrid_2015_11_21,James Rodríguez,CAM,10,England,7,"Rafa Benítez's Real Madrid, 2015-16 Clásico (0–4)",4-3-3,2015-16,La Liga,Barcelona,rodriguez_james,0.5,0.65,3
8,8,el_clasico_lineups_2009_2023_verified.csv,el_clasico_lineups_2009_2023_verified,Unknown,La Liga,real_madrid_2015_11_21 vs barcelona_2015_11_21,real_madrid_2015_11_21,Gareth Bale,RW,11,Wales,7,"Rafa Benítez's Real Madrid, 2015-16 Clásico (0–4)",4-3-3,2015-16,La Liga,Barcelona,bale_gareth,0.8,0.3,3
8,8,el_clasico_lineups_2009_2023_verified.csv,el_clasico_lineups_2009_2023_verified,Unknown,La Liga,real_madrid_2015_11_21 vs barcelona_2015_11_21,real_madrid_2015_11_21,Marcelo,LB,12,Brazil,7,"Rafa Benítez's Real Madrid, 2015-16 Clásico (0–4)",4-3-3,2015-16,La Liga,Barcelona,marcelo,0.2,0.75,3
8,8,el_clasico_lineups_2009_2023_verified.csv,el_clasico_lineups_2009_2023_verified,Unknown,La Liga,real_madrid_2015_11_21 vs barcelona_2015_11_21,real_madrid_2015_11_21,Luka Modrić,RCM,19,Croatia,7,"Rafa Benítez's Real Madrid, 2015-16 Clásico (0–4)",4-3-3,2015-16,La Liga,Barcelona,modric_luka,0.65,0.6,3
8,8,el_clasico_lineups_2009_2023_verified.csv,el_clasico_lineups_2009_2023_verified,Unknown,La Liga,real_madrid_2015_11_21 vs barcelona_2015_11_21,real_madrid_2015_11_21,Danilo,RB,23,Portugal,7,"Rafa Benítez's Real Madrid, 2015-16 Clásico (0–4)",4-3-3,2015-16,La Liga,Barcelona,danilo,0.8,0.75,3
9,9,el_clasico_lineups_2009_2023_verified.csv,el_clasico_lineups_2009_2023_verified,Unknown,La Liga,real_madrid_2017_04_23 vs barcelona_2017_04_23,barcelona_2017_04_23,Marc-André ter Stegen,GK,1,Germany,10,"Luis Enrique's Barcelona, 2016-17 Clásico (3–2)",4-3-3,2016-17,La Liga,Real Madrid,terstegen_marc_andre,0.5,0.9,4
9,9,el_clasico_lineups_2009_2023_verified.csv,el_clasico_lineups_2009_2023_verified,Unknown,La Liga,real_madrid_2017_04_23 vs barcelona_2017_04_23,barcelona_2017_04_23,Gerard Piqué,RCB,3,Spain,10,"Luis Enrique's Barcelona, 2016-17 Clásico (3–2)",4-3-3,2016-17,La Liga,Real Madrid,pique_gerard,0.65,0.78,4
9,9,el_clasico_lineups_2009_2023_verified.csv,el_clasico_lineups_2009_2023_verified,Unknown,La Liga,real_madrid_2017_04_23 vs barcelona_2017_04_23,barcelona_2017_04_23,Ivan Rakitić,RCM,4,Croatia,10,"Luis Enrique's Barcelona, 2016-17 Clásico (3–2)",4-3-3,2016-17,La Liga,Real Madrid,rakitic_ivan,0.65,0.6,4
9,9,el_clasico_lineups_2009_2023_verified.csv,el_clasico_lineups_2009_2023_verified,Unknown,La Liga,real_madrid_2017_04_23 vs barcelona_2017_04_23,barcelona_2017_04_23,Sergio Busquets,CDM,5,Spain,10,"Luis Enrique's Barcelona, 2016-17 Clásico (3–2)",4-3-3,2016-17,La Liga,Real Madrid,busquets_sergio,0.5,0.65,4
9,9,el_clasico_lineups_2009_2023_verified.csv,el_clasico_lineups_2009_2023_verified,Unknown,La Liga,real_madrid_2017_04_23 vs barcelona_2017_04_23,barcelona_2017_04_23,Andrés Iniesta,LCM,8,Spain,10,"Luis Enrique's Barcelona, 2016-17 Clásico (3–2)",4-3-3,2016-17,La Liga,Real Madrid,iniesta_andres,0.35,0.6,4
9,9,el_clasico_lineups_2009_2023_verified.csv,el_clasico_lineups_2009_2023_verified,Unknown,La Liga,real_madrid_2017_04_23 vs barcelona_2017_04_23,barcelona_2017_04_23,Luis Suárez,ST,9,Uruguay,10,"Luis Enrique's Barcelona, 2016-17 Clásico (3–2)",4-3-3,2016-17,La Liga,Real Madrid,suarez_luis,0.5,0.2,4
9,9,el_clasico_lineups_2009_2023_verified.csv,el_clasico_lineups_2009_2023_verified,Unknown,La Liga,real_madrid_2017_04_23 vs barcelona_2017_04_23,barcelona_2017_04_23,Lionel Messi,RW,10,Argentina,10,"Luis Enrique's Barcelona, 2016-17 Clásico (3–2)",4-3-3,2016-17,La Liga,Real Madrid,messi_lionel,0.8,0.3,4
9,9,el_clasico_lineups_2009_2023_verified.csv,el_clasico_lineups_2009_2023_verified,Unknown,La Liga,real_madrid_2017_04_23 vs barcelona_2017_04_23,barcelona_2017_04_23,Paco Alcácer,LW,17,Spanish Professional,10,"Luis Enrique's Barcelona, 2016-17 Clásico (3–2)",4-3-3,2016-17,La Liga,Real Madrid,alcacer_paco,0.2,0.3,4
9,9,el_clasico_lineups_2009_2023_verified.csv,el_clasico_lineups_2009_2023_verified,Unknown,La Liga,real_madrid_2017_04_23 vs barcelona_2017_04_23,barcelona_2017_04_23,Jordi Alba,LB,18,Spain,10,"Luis Enrique's Barcelona, 2016-17 Clásico (3–2)",4-3-3,2016-17,La Liga,Real Madrid,alba_jordi,0.2,0.75,4
9,9,el_clasico_lineups_2009_2023_verified.csv,el_clasico_lineups_2009_2023_verified,Unknown,La Liga,real_madrid_2017_04_23 vs barcelona_2017_04_23,barcelona_2017_04_23,Sergi Roberto,RB,20,Spain,10,"Luis Enrique's Barcelona, 2016-17 Clásico (3–2)",4-3-3,2016-17,La Liga,Real Madrid,roberto_sergi,0.8,0.75,4
9,9,el_clasico_lineups_2009_2023_verified.csv,el_clasico_lineups_2009_2023_verified,Unknown,La Liga,real_madrid_2017_04_23 vs barcelona_2017_04_23,barcelona_2017_04_23,Samuel Umtiti,LCB,23,French Professional,10,"Luis Enrique's Barcelona, 2016-17 Clásico (3–2)",4-3-3,2016-17,La Liga,Real Madrid,umtiti_samuel,0.35,0.78,4
9,9,el_clasico_lineups_2009_2023_verified.csv,el_clasico_lineups_2009_2023_verified,Unknown,La Liga,real_madrid_2017_04_23 vs barcelona_2017_04_23,real_madrid_2017_04_23,Keylor Navas,GK,1,Costa Rican Professional,9,"Zinedine Zidane's Real Madrid, 2016-17 Clásico (2–3)",4-3-3,2016-17,La Liga,Barcelona,navas_keylor,0.5,0.9,4
9,9,el_clasico_lineups_2009_2023_verified.csv,el_clasico_lineups_2009_2023_verified,Unknown,La Liga,real_madrid_2017_04_23 vs barcelona_2017_04_23,real_madrid_2017_04_23,Dani Carvajal,RB,2,Portugal,9,"Zinedine Zidane's Real Madrid, 2016-17 Clásico (2–3)",4-3-3,2016-17,La Liga,Barcelona,carvajal_dani,0.8,0.75,4
9,9,el_clasico_lineups_2009_2023_verified.csv,el_clasico_lineups_2009_2023_verified,Unknown,La Liga,real_madrid_2017_04_23 vs barcelona_2017_04_23,real_madrid_2017_04_23,Sergio Ramos,LCB,4,Spain,9,"Zinedine Zidane's Real Madrid, 2016-17 Clásico (2–3)",4-3-3,2016-17,La Liga,Barcelona,ramos_sergio,0.35,0.78,4
9,9,el_clasico_lineups_2009_2023_verified.csv,el_clasico_lineups_2009_2023_verified,Unknown,La Liga,real_madrid_2017_04_23 vs barcelona_2017_04_23,real_madrid_2017_04_23,Nacho Fernández,RCB,6,France,9,"Zinedine Zidane's Real Madrid, 2016-17 Clásico (2–3)",4-3-3,2016-17,La Liga,Barcelona,nacho_fernandez,0.65,0.78,4
9,9,el_clasico_lineups_2009_2023_verified.csv,el_clasico_lineups_2009_2023_verified,Unknown,La Liga,real_madrid_2017_04_23 vs barcelona_2017_04_23,real_madrid_2017_04_23,Cristiano Ronaldo,LW,7,Portugal,9,"Zinedine Zidane's Real Madrid, 2016-17 Clásico (2–3)",4-3-3,2016-17,La Liga,Barcelona,ronaldo_cristiano,0.2,0.3,4
9,9,el_clasico_lineups_2009_2023_verified.csv,el_clasico_lineups_2009_2023_verified,Unknown,La Liga,real_madrid_2017_04_23 vs barcelona_2017_04_23,real_madrid_2017_04_23,Toni Kroos,LCM,8,German Former Professional,9,"Zinedine Zidane's Real Madrid, 2016-17 Clásico (2–3)",4-3-3,2016-17,La Liga,Barcelona,kroos_toni,0.35,0.6,4
9,9,el_clasico_lineups_2009_2023_verified.csv,el_clasico_lineups_2009_2023_verified,Unknown,La Liga,real_madrid_2017_04_23 vs barcelona_2017_04_23,real_madrid_2017_04_23,Karim Benzema,ST,9,French Professional,9,"Zinedine Zidane's Real Madrid, 2016-17 Clásico (2–3)",4-3-3,2016-17,La Liga,Barcelona,benzema_karim,0.5,0.2,4
9,9,el_clasico_lineups_2009_2023_verified.csv,el_clasico_lineups_2009_2023_verified,Unknown,La Liga,real_madrid_2017_04_23 vs barcelona_2017_04_23,real_madrid_2017_04_23,Gareth Bale,RW,11,Wales,9,"Zinedine Zidane's Real Madrid, 2016-17 Clásico (2–3)",4-3-3,2016-17,La Liga,Barcelona,bale_gareth,0.8,0.3,4
9,9,el_clasico_lineups_2009_2023_verified.csv,el_clasico_lineups_2009_2023_verified,Unknown,La Liga,real_madrid_2017_04_23 vs barcelona_2017_04_23,real_madrid_2017_04_23,Marcelo,LB,12,Brazil,9,"Zinedine Zidane's Real Madrid, 2016-17 Clásico (2–3)",4-3-3,2016-17,La Liga,Barcelona,marcelo,0.2,0.75,4
9,9,el_clasico_lineups_2009_2023_verified.csv,el_clasico_lineups_2009_2023_verified,Unknown,La Liga,real_madrid_2017_04_23 vs barcelona_2017_04_23,real_madrid_2017_04_23,Casemiro,CDM,14,Brazil,9,"Zinedine Zidane's Real Madrid, 2016-17 Clásico (2–3)",4-3-3,2016-17,La Liga,Barcelona,casemiro,0.5,0.65,4
9,9,el_clasico_lineups_2009_2023_verified.csv,el_clasico_lineups_2009_2023_verified,Unknown,La Liga,real_madrid_2017_04_23 vs barcelona_2017_04_23,real_madrid_2017_04_23,Luka Modrić,RCM,19,Croatia,9,"Zinedine Zidane's Real Madrid, 2016-17 Clásico (2–3)",4-3-3,2016-17,La Liga,Barcelona,modric_luka,0.65,0.6,4
10,10,el_clasico_lineups_2009_2023_verified.csv,el_clasico_lineups_2009_2023_verified,Unknown,Copa del Rey,barcelona_2023_04_05_cdr vs real_madrid_2023_04_05_cdr,barcelona_2023_04_05_cdr,Marc-André ter Stegen,GK,1,Germany,11,"Xavi's Barcelona, 2022-23 Copa del Rey SF (0–4)",4-3-3,2022-23,Copa del Rey,Real Madrid,terstegen_marc_andre,0.5,0.9,5
10,10,el_clasico_lineups_2009_2023_verified.csv,el_clasico_lineups_2009_2023_verified,Unknown,Copa del Rey,barcelona_2023_04_05_cdr vs real_madrid_2023_04_05_cdr,barcelona_2023_04_05_cdr,Ronald Araújo,RB,4,Unknown,11,"Xavi's Barcelona, 2022-23 Copa del Rey SF (0–4)",4-3-3,2022-23,Copa del Rey,Real Madrid,araujo_ronald,0.8,0.75,5
10,10,el_clasico_lineups_2009_2023_verified.csv,el_clasico_lineups_2009_2023_verified,Unknown,Copa del Rey,barcelona_2023_04_05_cdr vs real_madrid_2023_04_05_cdr,barcelona_2023_04_05_cdr,Sergio Busquets,CDM,5,Spain,11,"Xavi's Barcelona, 2022-23 Copa del Rey SF (0–4)",4-3-3,2022-23,Copa del Rey,Real Madrid,busquets_sergio,0.5,0.65,5
10,10,el_clasico_lineups_2009_2023_verified.csv,el_clasico_lineups_2009_2023_verified,Unknown,Copa del Rey,barcelona_2023_04_05_cdr vs real_madrid_2023_04_05_cdr,barcelona_2023_04_05_cdr,Robert Lewandowski,ST,9,Poland,11,"Xavi's Barcelona, 2022-23 Copa del Rey SF (0–4)",4-3-3,2022-23,Copa del Rey,Real Madrid,lewandowski_robert,0.5,0.2,5
10,10,el_clasico_lineups_2009_2023_verified.csv,el_clasico_lineups_2009_2023_verified,Unknown,Copa del Rey,barcelona_2023_04_05_cdr vs real_madrid_2023_04_05_cdr,barcelona_2023_04_05_cdr,Marcos Alonso,LCB,17,Spain,11,"Xavi's Barcelona, 2022-23 Copa del Rey SF (0–4)",4-3-3,2022-23,Copa del Rey,Real Madrid,alonso_marcos,0.35,0.78,5
10,10,el_clasico_lineups_2009_2023_verified.csv,el_clasico_lineups_2009_2023_verified,Unknown,Copa del Rey,barcelona_2023_04_05_cdr vs real_madrid_2023_04_05_cdr,barcelona_2023_04_05_cdr,Franck Kessié,RCM,19,Stella Club D,11,"Xavi's Barcelona, 2022-23 Copa del Rey SF (0–4)",4-3-3,2022-23,Copa del Rey,Real Madrid,kessie_franck,0.65,0.6,5
10,10,el_clasico_lineups_2009_2023_verified.csv,el_clasico_lineups_2009_2023_verified,Unknown,Copa del Rey,barcelona_2023_04_05_cdr vs real_madrid_2023_04_05_cdr,barcelona_2023_04_05_cdr,Sergi Roberto,LCM,20,Spain,11,"Xavi's Barcelona, 2022-23 Copa del Rey SF (0–4)",4-3-3,2022-23,Copa del Rey,Real Madrid,roberto_sergi,0.35,0.6,5
10,10,el_clasico_lineups_2009_2023_verified.csv,el_clasico_lineups_2009_2023_verified,Unknown,Copa del Rey,barcelona_2023_04_05_cdr vs real_madrid_2023_04_05_cdr,barcelona_2023_04_05_cdr,Raphinha,RW,22,Brazilian Professional,11,"Xavi's Barcelona, 2022-23 Copa del Rey SF (0–4)",4-3-3,2022-23,Copa del Rey,Real Madrid,raphinha,0.8,0.3,5
10,10,el_clasico_lineups_2009_2023_verified.csv,el_clasico_lineups_2009_2023_verified,Unknown,Copa del Rey,barcelona_2023_04_05_cdr vs real_madrid_2023_04_05_cdr,barcelona_2023_04_05_cdr,Jules Koundé,RCB,23,France,11,"Xavi's Barcelona, 2022-23 Copa del Rey SF (0–4)",4-3-3,2022-23,Copa del Rey,Real Madrid,kounde_jules,0.65,0.78,5
10,10,el_clasico_lineups_2009_2023_verified.csv,el_clasico_lineups_2009_2023_verified,Unknown,Copa del Rey,barcelona_2023_04_05_cdr vs real_madrid_2023_04_05_cdr,barcelona_2023_04_05_cdr,Alejandro Balde,LB,28,Spain,11,"Xavi's Barcelona, 2022-23 Copa del Rey SF (0–4)",4-3-3,2022-23,Copa del Rey,Real Madrid,balde_alejandro,0.2,0.75,5
10,10,el_clasico_lineups_2009_2023_verified.csv,el_clasico_lineups_2009_2023_verified,Unknown,Copa del Rey,barcelona_2023_04_05_cdr vs real_madrid_2023_04_05_cdr,barcelona_2023_04_05_cdr,Pablo Gavi,LW,30,Argentina,11,"Xavi's Barcelona, 2022-23 Copa del Rey SF (0–4)",4-3-3,2022-23,Copa del Rey,Real Madrid,gavi_pablo,0.2,0.3,5
10,10,el_clasico_lineups_2009_2023_verified.csv,el_clasico_lineups_2009_2023_verified,Unknown,Copa del Rey,barcelona_2023_04_05_cdr vs real_madrid_2023_04_05_cdr,real_madrid_2023_04_05_cdr,Thibaut Courtois,GK,1,Belgium,12,"Carlo Ancelotti's Real Madrid, 2022-23 Copa del Rey SF (4–0)",4-3-3,2022-23,Copa del Rey,Barcelona,courtois_thibaut,0.5,0.9,5
10,10,el_clasico_lineups_2009_2023_verified.csv,el_clasico_lineups_2009_2023_verified,Unknown,Copa del Rey,barcelona_2023_04_05_cdr vs real_madrid_2023_04_05_cdr,real_madrid_2023_04_05_cdr,Dani Carvajal,RB,2,Portugal,12,"Carlo Ancelotti's Real Madrid, 2022-23 Copa del Rey SF (4–0)",4-3-3,2022-23,Copa del Rey,Barcelona,carvajal_dani,0.8,0.75,5
10,10,el_clasico_lineups_2009_2023_verified.csv,el_clasico_lineups_2009_2023_verified,Unknown,Copa del Rey,barcelona_2023_04_05_cdr vs real_madrid_2023_04_05_cdr,real_madrid_2023_04_05_cdr,Éder Militão,RCB,3,Netherlands,12,"Carlo Ancelotti's Real Madrid, 2022-23 Copa del Rey SF (4–0)",4-3-3,2022-23,Copa del Rey,Barcelona,militao_eder,0.65,0.78,5
10,10,el_clasico_lineups_2009_2023_verified.csv,el_clasico_lineups_2009_2023_verified,Unknown,Copa del Rey,barcelona_2023_04_05_cdr vs real_madrid_2023_04_05_cdr,real_madrid_2023_04_05_cdr,David Alaba,LCB,4,Austria,12,"Carlo Ancelotti's Real Madrid, 2022-23 Copa del Rey SF (4–0)",4-3-3,2022-23,Copa del Rey,Barcelona,alaba_david,0.35,0.78,5
10,10,el_clasico_lineups_2009_2023_verified.csv,el_clasico_lineups_2009_2023_verified,Unknown,Copa del Rey,barcelona_2023_04_05_cdr vs real_madrid_2023_04_05_cdr,real_madrid_2023_04_05_cdr,Toni Kroos,CDM,8,German Former Professional,12,"Carlo Ancelotti's Real Madrid, 2022-23 Copa del Rey SF (4–0)",4-3-3,2022-23,Copa del Rey,Barcelona,kroos_toni,0.5,0.65,5
10,10,el_clasico_lineups_2009_2023_verified.csv,el_clasico_lineups_2009_2023_verified,Unknown,Copa del Rey,barcelona_2023_04_05_cdr vs real_madrid_2023_04_05_cdr,real_madrid_2023_04_05_cdr,Karim Benzema,ST,9,French Professional,12,"Carlo Ancelotti's Real Madrid, 2022-23 Copa del Rey SF (4–0)",4-3-3,2022-23,Copa del Rey,Barcelona,benzema_karim,0.5,0.2,5
10,10,el_clasico_lineups_2009_2023_verified.csv,el_clasico_lineups_2009_2023_verified,Unknown,Copa del Rey,barcelona_2023_04_05_cdr vs real_madrid_2023_04_05_cdr,real_madrid_2023_04_05_cdr,Luka Modrić,LCM,10,Croatia,12,"Carlo Ancelotti's Real Madrid, 2022-23 Copa del Rey SF (4–0)",4-3-3,2022-23,Copa del Rey,Barcelona,modric_luka,0.35,0.6,5
10,10,el_clasico_lineups_2009_2023_verified.csv,el_clasico_lineups_2009_2023_verified,Unknown,Copa del Rey,barcelona_2023_04_05_cdr vs real_madrid_2023_04_05_cdr,real_madrid_2023_04_05_cdr,Eduardo Camavinga,LB,12,France,12,"Carlo Ancelotti's Real Madrid, 2022-23 Copa del Rey SF (4–0)",4-3-3,2022-23,Copa del Rey,Barcelona,camavinga_eduardo,0.2,0.75,5
10,10,el_clasico_lineups_2009_2023_verified.csv,el_clasico_lineups_2009_2023_verified,Unknown,Copa del Rey,barcelona_2023_04_05_cdr vs real_madrid_2023_04_05_cdr,real_madrid_2023_04_05_cdr,Federico Valverde,RCM,15,Netherlands,12,"Carlo Ancelotti's Real Madrid, 2022-23 Copa del Rey SF (4–0)",4-3-3,2022-23,Copa del Rey,Barcelona,valverde_federico,0.65,0.6,5
10,10,el_clasico_lineups_2009_2023_verified.csv,el_clasico_lineups_2009_2023_verified,Unknown,Copa del Rey,barcelona_2023_04_05_cdr vs real_madrid_2023_04_05_cdr,real_madrid_2023_04_05_cdr,Vinícius Júnior,LW,20,Brazilian Professional,12,"Carlo Ancelotti's Real Madrid, 2022-23 Copa del Rey SF (4–0)",4-3-3,2022-23,Copa del Rey,Barcelona,vinicius_junior,0.2,0.3,5
10,10,el_clasico_lineups_2009_2023_verified.csv,el_clasico_lineups_2009_2023_verified,Unknown,Copa del Rey,barcelona_2023_04_05_cdr vs real_madrid_2023_04_05_cdr,real_madrid_2023_04_05_cdr,Rodrygo Goes,RW,21,Portugal,12,"Carlo Ancelotti's Real Madrid, 2022-23 Copa del Rey SF (4–0)",4-3-3,2022-23,Copa del Rey,Barcelona,rodrygo,0.8,0.3,5
11,11,europa_finals_winners_lineups.csv,europa_finals_winners_lineups,Unknown,UEFA Cup,inter_1998_uefa_cup vs galatasaray_2000_uefa_cup,galatasaray_2000_uefa_cup,Cláudio Taffarel,GK,1,Brazil,2,"Galatasaray 1999-00 UEFA Cup winners (0-0, 4-1 pens v Arsenal)",4-4-2,1999-00,UEFA Cup,Arsenal,taffarel_claudio,0.5,0.9,0
11,11,europa_finals_winners_lineups.csv,europa_finals_winners_lineups,Unknown,UEFA Cup,inter_1998_uefa_cup vs galatasaray_2000_uefa_cup,galatasaray_2000_uefa_cup,Bülent Korkmaz,CB,3,Turkey,2,"Galatasaray 1999-00 UEFA Cup winners (0-0, 4-1 pens v Arsenal)",4-4-2,1999-00,UEFA Cup,Arsenal,korkmaz_bulent,0.4,0.75,0
11,11,europa_finals_winners_lineups.csv,europa_finals_winners_lineups,Unknown,UEFA Cup,inter_1998_uefa_cup vs galatasaray_2000_uefa_cup,galatasaray_2000_uefa_cup,Gheorghe Popescu,CB,4,Romania,2,"Galatasaray 1999-00 UEFA Cup winners (0-0, 4-1 pens v Arsenal)",4-4-2,1999-00,UEFA Cup,Arsenal,popescu_gheorghe,0.6,0.75,0
11,11,europa_finals_winners_lineups.csv,europa_finals_winners_lineups,Unknown,UEFA Cup,inter_1998_uefa_cup vs galatasaray_2000_uefa_cup,galatasaray_2000_uefa_cup,Arif Erdem,ST,6,Turkey,2,"Galatasaray 1999-00 UEFA Cup winners (0-0, 4-1 pens v Arsenal)",4-4-2,1999-00,UEFA Cup,Arsenal,erdem_arif,0.45,0.2,0
11,11,europa_finals_winners_lineups.csv,europa_finals_winners_lineups,Unknown,UEFA Cup,inter_1998_uefa_cup vs galatasaray_2000_uefa_cup,galatasaray_2000_uefa_cup,Okan Buruk,RW,7,Turkey,2,"Galatasaray 1999-00 UEFA Cup winners (0-0, 4-1 pens v Arsenal)",4-4-2,1999-00,UEFA Cup,Arsenal,buruk_okan,0.8,0.4,0
11,11,europa_finals_winners_lineups.csv,europa_finals_winners_lineups,Unknown,UEFA Cup,inter_1998_uefa_cup vs galatasaray_2000_uefa_cup,galatasaray_2000_uefa_cup,Suat Kaya,CM,8,Turkey,2,"Galatasaray 1999-00 UEFA Cup winners (0-0, 4-1 pens v Arsenal)",4-4-2,1999-00,UEFA Cup,Arsenal,kaya_suat,0.6,0.55,0
11,11,europa_finals_winners_lineups.csv,europa_finals_winners_lineups,Unknown,UEFA Cup,inter_1998_uefa_cup vs galatasaray_2000_uefa_cup,galatasaray_2000_uefa_cup,Hakan Şükür,ST,9,Turkey,2,"Galatasaray 1999-00 UEFA Cup winners (0-0, 4-1 pens v Arsenal)",4-4-2,1999-00,UEFA Cup,Arsenal,sukur_hakan,0.55,0.2,0
11,11,europa_finals_winners_lineups.csv,europa_finals_winners_lineups,Unknown,UEFA Cup,inter_1998_uefa_cup vs galatasaray_2000_uefa_cup,galatasaray_2000_uefa_cup,Gheorghe Hagi,LW,10,Romania,2,"Galatasaray 1999-00 UEFA Cup winners (0-0, 4-1 pens v Arsenal)",4-4-2,1999-00,UEFA Cup,Arsenal,hagi_gheorghe,0.2,0.4,0
11,11,europa_finals_winners_lineups.csv,europa_finals_winners_lineups,Unknown,UEFA Cup,inter_1998_uefa_cup vs galatasaray_2000_uefa_cup,galatasaray_2000_uefa_cup,Ümit Davala,CM,22,Portugal,2,"Galatasaray 1999-00 UEFA Cup winners (0-0, 4-1 pens v Arsenal)",4-4-2,1999-00,UEFA Cup,Arsenal,davala_umit,0.4,0.55,0
11,11,europa_finals_winners_lineups.csv,europa_finals_winners_lineups,Unknown,UEFA Cup,inter_1998_uefa_cup vs galatasaray_2000_uefa_cup,galatasaray_2000_uefa_cup,Capone,RB,35,Brazil,2,"Galatasaray 1999-00 UEFA Cup winners (0-0, 4-1 pens v Arsenal)",4-4-2,1999-00,UEFA Cup,Arsenal,capone,0.8,0.75,0
11,11,europa_finals_winners_lineups.csv,europa_finals_winners_lineups,Unknown,UEFA Cup,inter_1998_uefa_cup vs galatasaray_2000_uefa_cup,galatasaray_2000_uefa_cup,Ergün Penbe,LB,67,Turkish Former Professional,2,"Galatasaray 1999-00 UEFA Cup winners (0-0, 4-1 pens v Arsenal)",4-4-2,1999-00,UEFA Cup,Arsenal,penbe_ergun,0.2,0.75,0
11,11,europa_finals_winners_lineups.csv,europa_finals_winners_lineups,Unknown,UEFA Cup,inter_1998_uefa_cup vs galatasaray_2000_uefa_cup,inter_1998_uefa_cup,Gianluca Pagliuca,GK,1,Unknown,1,Inter 1997-98 UEFA Cup winners (3-0 v Lazio),3-5-2,1997-98,UEFA Cup,Lazio,pagliuca_gianluca,0.5,0.9,0
11,11,europa_finals_winners_lineups.csv,europa_finals_winners_lineups,Unknown,UEFA Cup,inter_1998_uefa_cup vs galatasaray_2000_uefa_cup,inter_1998_uefa_cup,Javier Zanetti,LB,4,Argentina,1,Inter 1997-98 UEFA Cup winners (3-0 v Lazio),3-5-2,1997-98,UEFA Cup,Lazio,zanetti_javier,0.25,0.6,0
11,11,europa_finals_winners_lineups.csv,europa_finals_winners_lineups,Unknown,UEFA Cup,inter_1998_uefa_cup vs galatasaray_2000_uefa_cup,inter_1998_uefa_cup,Youri Djorkaeff,CAM,6,French Former Professional,1,Inter 1997-98 UEFA Cup winners (3-0 v Lazio),3-5-2,1997-98,UEFA Cup,Lazio,djorkaeff_youri,0.5,0.45,0
11,11,europa_finals_winners_lineups.csv,europa_finals_winners_lineups,Unknown,UEFA Cup,inter_1998_uefa_cup vs galatasaray_2000_uefa_cup,inter_1998_uefa_cup,Salvatore Fresi,CB,7,Of The Side,1,Inter 1997-98 UEFA Cup winners (3-0 v Lazio),3-5-2,1997-98,UEFA Cup,Lazio,fresi_salvatore,0.35,0.75,0
11,11,europa_finals_winners_lineups.csv,europa_finals_winners_lineups,Unknown,UEFA Cup,inter_1998_uefa_cup vs galatasaray_2000_uefa_cup,inter_1998_uefa_cup,Aron Winter,RB,8,Netherlands,1,Inter 1997-98 UEFA Cup winners (3-0 v Lazio),3-5-2,1997-98,UEFA Cup,Lazio,winter_aron,0.75,0.6,0
11,11,europa_finals_winners_lineups.csv,europa_finals_winners_lineups,Unknown,UEFA Cup,inter_1998_uefa_cup vs galatasaray_2000_uefa_cup,inter_1998_uefa_cup,Ivan Zamorano,ST,9,Netherlands,1,Inter 1997-98 UEFA Cup winners (3-0 v Lazio),3-5-2,1997-98,UEFA Cup,Lazio,zamorano_ivan,0.55,0.2,0
11,11,europa_finals_winners_lineups.csv,europa_finals_winners_lineups,Unknown,UEFA Cup,inter_1998_uefa_cup vs galatasaray_2000_uefa_cup,inter_1998_uefa_cup,Ronaldo,ST,10,Brazil,1,Inter 1997-98 UEFA Cup winners (3-0 v Lazio),3-5-2,1997-98,UEFA Cup,Lazio,ronaldo,0.45,0.2,0
11,11,europa_finals_winners_lineups.csv,europa_finals_winners_lineups,Unknown,UEFA Cup,inter_1998_uefa_cup vs galatasaray_2000_uefa_cup,inter_1998_uefa_cup,Ze Elias,CDM,13,Seven Countries,1,Inter 1997-98 UEFA Cup winners (3-0 v Lazio),3-5-2,1997-98,UEFA Cup,Lazio,elias_ze,0.5,0.6,0
11,11,europa_finals_winners_lineups.csv,europa_finals_winners_lineups,Unknown,UEFA Cup,inter_1998_uefa_cup vs galatasaray_2000_uefa_cup,inter_1998_uefa_cup,Diego Simeone,CM,14,Argentina,1,Inter 1997-98 UEFA Cup winners (3-0 v Lazio),3-5-2,1997-98,UEFA Cup,Lazio,simeone_diego,0.5,0.55,0
11,11,europa_finals_winners_lineups.csv,europa_finals_winners_lineups,Unknown,UEFA Cup,inter_1998_uefa_cup vs galatasaray_2000_uefa_cup,inter_1998_uefa_cup,Taribo West,CB,16,Port Harcourt,1,Inter 1997-98 UEFA Cup winners (3-0 v Lazio),3-5-2,1997-98,UEFA Cup,Lazio,west_taribo,0.5,0.75,0
11,11,europa_finals_winners_lineups.csv,europa_finals_winners_lineups,Unknown,UEFA Cup,inter_1998_uefa_cup vs galatasaray_2000_uefa_cup,inter_1998_uefa_cup,Francesco Colonnese,CB,33,Italy,1,Inter 1997-98 UEFA Cup winners (3-0 v Lazio),3-5-2,1997-98,UEFA Cup,Lazio,colonnese_francesco,0.65,0.75,0
12,12,europa_finals_winners_lineups.csv,europa_finals_winners_lineups,Unknown,UEFA Cup,liverpool_2001_uefa_cup vs porto_2003_uefa_cup,liverpool_2001_uefa_cup,Sander Westerveld,GK,1,Netherlands,3,Liverpool 2000-01 UEFA Cup winners (5-4 a.e.t. v Alavés),4-4-2,2000-01,UEFA Cup,Alavés,westerveld_sander,0.5,0.9,1
12,12,europa_finals_winners_lineups.csv,europa_finals_winners_lineups,Unknown,UEFA Cup,liverpool_2001_uefa_cup vs porto_2003_uefa_cup,liverpool_2001_uefa_cup,Stéphane Henchoz,CB,2,Swiss Former Professional,3,Liverpool 2000-01 UEFA Cup winners (5-4 a.e.t. v Alavés),4-4-2,2000-01,UEFA Cup,Alavés,henchoz_stephane,0.4,0.75,1
12,12,europa_finals_winners_lineups.csv,europa_finals_winners_lineups,Unknown,UEFA Cup,liverpool_2001_uefa_cup vs porto_2003_uefa_cup,liverpool_2001_uefa_cup,Markus Babbel,RB,6,Mauritius,3,Liverpool 2000-01 UEFA Cup winners (5-4 a.e.t. v Alavés),4-4-2,2000-01,UEFA Cup,Alavés,babbel_markus,0.8,0.75,1
12,12,europa_finals_winners_lineups.csv,europa_finals_winners_lineups,Unknown,UEFA Cup,liverpool_2001_uefa_cup vs porto_2003_uefa_cup,liverpool_2001_uefa_cup,Emile Heskey,ST,8,Spanish Professional,3,Liverpool 2000-01 UEFA Cup winners (5-4 a.e.t. v Alavés),4-4-2,2000-01,UEFA Cup,Alavés,heskey_emile,0.45,0.2,1
12,12,europa_finals_winners_lineups.csv,europa_finals_winners_lineups,Unknown,UEFA Cup,liverpool_2001_uefa_cup vs porto_2003_uefa_cup,liverpool_2001_uefa_cup,Michael Owen,ST,10,England,3,Liverpool 2000-01 UEFA Cup winners (5-4 a.e.t. v Alavés),4-4-2,2000-01,UEFA Cup,Alavés,owen_michael,0.55,0.2,1
12,12,europa_finals_winners_lineups.csv,europa_finals_winners_lineups,Unknown,UEFA Cup,liverpool_2001_uefa_cup vs porto_2003_uefa_cup,liverpool_2001_uefa_cup,Sami Hyypiä,CB,12,Finland,3,Liverpool 2000-01 UEFA Cup winners (5-4 a.e.t. v Alavés),4-4-2,2000-01,UEFA Cup,Alavés,hyypia_sami,0.6,0.75,1
12,12,europa_finals_winners_lineups.csv,europa_finals_winners_lineups,Unknown,UEFA Cup,liverpool_2001_uefa_cup vs porto_2003_uefa_cup,liverpool_2001_uefa_cup,Danny Murphy,LW,13,Portugal,3,Liverpool 2000-01 UEFA Cup winners (5-4 a.e.t. v Alavés),4-4-2,2000-01,UEFA Cup,Alavés,murphy_danny,0.2,0.4,1
12,12,europa_finals_winners_lineups.csv,europa_finals_winners_lineups,Unknown,UEFA Cup,liverpool_2001_uefa_cup vs porto_2003_uefa_cup,liverpool_2001_uefa_cup,Dietmar Hamann,CM,16,Germany,3,Liverpool 2000-01 UEFA Cup winners (5-4 a.e.t. v Alavés),4-4-2,2000-01,UEFA Cup,Alavés,hamann_dietmar,0.4,0.55,1
12,12,europa_finals_winners_lineups.csv,europa_finals_winners_lineups,Unknown,UEFA Cup,liverpool_2001_uefa_cup vs porto_2003_uefa_cup,liverpool_2001_uefa_cup,Steven Gerrard,RW,17,England,3,Liverpool 2000-01 UEFA Cup winners (5-4 a.e.t. v Alavés),4-4-2,2000-01,UEFA Cup,Alavés,gerrard_steven,0.8,0.4,1
12,12,europa_finals_winners_lineups.csv,europa_finals_winners_lineups,Unknown,UEFA Cup,liverpool_2001_uefa_cup vs porto_2003_uefa_cup,liverpool_2001_uefa_cup,Gary McAllister,CM,21,England,3,Liverpool 2000-01 UEFA Cup winners (5-4 a.e.t. v Alavés),4-4-2,2000-01,UEFA Cup,Alavés,mcallister_gary,0.6,0.55,1
12,12,europa_finals_winners_lineups.csv,europa_finals_winners_lineups,Unknown,UEFA Cup,liverpool_2001_uefa_cup vs porto_2003_uefa_cup,liverpool_2001_uefa_cup,Jamie Carragher,LB,23,England,3,Liverpool 2000-01 UEFA Cup winners (5-4 a.e.t. v Alavés),4-4-2,2000-01,UEFA Cup,Alavés,carragher_jamie,0.2,0.75,1
12,12,europa_finals_winners_lineups.csv,europa_finals_winners_lineups,Unknown,UEFA Cup,liverpool_2001_uefa_cup vs porto_2003_uefa_cup,porto_2003_uefa_cup,Jorge Costa,CB,2,Portugal,4,FC Porto 2002-03 UEFA Cup winners (3-2 a.e.t. v Celtic),4-2-3-1,2002-03,UEFA Cup,Celtic,costa_jorge,0.4,0.75,1
12,12,europa_finals_winners_lineups.csv,europa_finals_winners_lineups,Unknown,UEFA Cup,liverpool_2001_uefa_cup vs porto_2003_uefa_cup,porto_2003_uefa_cup,Ricardo Carvalho,CB,4,Portugal,4,FC Porto 2002-03 UEFA Cup winners (3-2 a.e.t. v Celtic),4-2-3-1,2002-03,UEFA Cup,Celtic,carvalho_ricardo,0.6,0.75,1
12,12,europa_finals_winners_lineups.csv,europa_finals_winners_lineups,Unknown,UEFA Cup,liverpool_2001_uefa_cup vs porto_2003_uefa_cup,porto_2003_uefa_cup,Costinha,CDM,6,Portugal,4,FC Porto 2002-03 UEFA Cup winners (3-2 a.e.t. v Celtic),4-2-3-1,2002-03,UEFA Cup,Celtic,costinha,0.45,0.6,1
12,12,europa_finals_winners_lineups.csv,europa_finals_winners_lineups,Unknown,UEFA Cup,liverpool_2001_uefa_cup vs porto_2003_uefa_cup,porto_2003_uefa_cup,Nuno Valente,LB,8,Portugal,4,FC Porto 2002-03 UEFA Cup winners (3-2 a.e.t. v Celtic),4-2-3-1,2002-03,UEFA Cup,Celtic,valente_nuno,0.2,0.75,1
12,12,europa_finals_winners_lineups.csv,europa_finals_winners_lineups,Unknown,UEFA Cup,liverpool_2001_uefa_cup vs porto_2003_uefa_cup,porto_2003_uefa_cup,Deco,CAM,10,Portugal,4,FC Porto 2002-03 UEFA Cup winners (3-2 a.e.t. v Celtic),4-2-3-1,2002-03,UEFA Cup,Celtic,deco,0.5,0.45,1
12,12,europa_finals_winners_lineups.csv,europa_finals_winners_lineups,Unknown,UEFA Cup,liverpool_2001_uefa_cup vs porto_2003_uefa_cup,porto_2003_uefa_cup,Derlei,ST,11,Brazil,4,FC Porto 2002-03 UEFA Cup winners (3-2 a.e.t. v Celtic),4-2-3-1,2002-03,UEFA Cup,Celtic,derlei,0.5,0.2,1
12,12,europa_finals_winners_lineups.csv,europa_finals_winners_lineups,Unknown,UEFA Cup,liverpool_2001_uefa_cup vs porto_2003_uefa_cup,porto_2003_uefa_cup,Dmitri Alenichev,LW,15,The Third,4,FC Porto 2002-03 UEFA Cup winners (3-2 a.e.t. v Celtic),4-2-3-1,2002-03,UEFA Cup,Celtic,alenichev_dmitri,0.2,0.4,1
12,12,europa_finals_winners_lineups.csv,europa_finals_winners_lineups,Unknown,UEFA Cup,liverpool_2001_uefa_cup vs porto_2003_uefa_cup,porto_2003_uefa_cup,Maniche,CDM,18,Portugal,4,FC Porto 2002-03 UEFA Cup winners (3-2 a.e.t. v Celtic),4-2-3-1,2002-03,UEFA Cup,Celtic,maniche,0.55,0.6,1
12,12,europa_finals_winners_lineups.csv,europa_finals_winners_lineups,Unknown,UEFA Cup,liverpool_2001_uefa_cup vs porto_2003_uefa_cup,porto_2003_uefa_cup,Capucho,RW,21,Portuguese Former Professional,4,FC Porto 2002-03 UEFA Cup winners (3-2 a.e.t. v Celtic),4-2-3-1,2002-03,UEFA Cup,Celtic,capucho,0.8,0.4,1
12,12,europa_finals_winners_lineups.csv,europa_finals_winners_lineups,Unknown,UEFA Cup,liverpool_2001_uefa_cup vs porto_2003_uefa_cup,porto_2003_uefa_cup,Paulo Ferreira,RB,22,Portugal,4,FC Porto 2002-03 UEFA Cup winners (3-2 a.e.t. v Celtic),4-2-3-1,2002-03,UEFA Cup,Celtic,ferreira_paulo,0.8,0.75,1
12,12,europa_finals_winners_lineups.csv,europa_finals_winners_lineups,Unknown,UEFA Cup,liverpool_2001_uefa_cup vs porto_2003_uefa_cup,porto_2003_uefa_cup,Vítor Baía,GK,99,Portugal,4,FC Porto 2002-03 UEFA Cup winners (3-2 a.e.t. v Celtic),4-2-3-1,2002-03,UEFA Cup,Celtic,baia_vitor,0.5,0.9,1
13,13,europa_finals_winners_lineups.csv,europa_finals_winners_lineups,Unknown,UEFA Cup,sevilla_2006_uefa_cup vs atletico_madrid_2010_europa,atletico_madrid_2010_europa,Antonio López,LB,3,Spain,6,Atlético Madrid 2009-10 Europa League winners (2-1 a.e.t. v Fulham),4-4-2,2009-10,Europa League,Fulham,lopez_antonio,0.2,0.75,2
13,13,europa_finals_winners_lineups.csv,europa_finals_winners_lineups,Unknown,UEFA Cup,sevilla_2006_uefa_cup vs atletico_madrid_2010_europa,atletico_madrid_2010_europa,Diego Forlán,ST,7,Uruguay,6,Atlético Madrid 2009-10 Europa League winners (2-1 a.e.t. v Fulham),4-4-2,2009-10,Europa League,Fulham,forlan_diego,0.45,0.2,2
13,13,europa_finals_winners_lineups.csv,europa_finals_winners_lineups,Unknown,UEFA Cup,sevilla_2006_uefa_cup vs atletico_madrid_2010_europa,atletico_madrid_2010_europa,Raúl García,CM,8,Spain,6,Atlético Madrid 2009-10 Europa League winners (2-1 a.e.t. v Fulham),4-4-2,2009-10,Europa League,Fulham,garcia_raul,0.6,0.55,2
13,13,europa_finals_winners_lineups.csv,europa_finals_winners_lineups,Unknown,UEFA Cup,sevilla_2006_uefa_cup vs atletico_madrid_2010_europa,atletico_madrid_2010_europa,Sergio Agüero,ST,10,Argentina,6,Atlético Madrid 2009-10 Europa League winners (2-1 a.e.t. v Fulham),4-4-2,2009-10,Europa League,Fulham,aguero_sergio,0.55,0.2,2
13,13,europa_finals_winners_lineups.csv,europa_finals_winners_lineups,Unknown,UEFA Cup,sevilla_2006_uefa_cup vs atletico_madrid_2010_europa,atletico_madrid_2010_europa,Paulo Assunção,CM,12,Portugal,6,Atlético Madrid 2009-10 Europa League winners (2-1 a.e.t. v Fulham),4-4-2,2009-10,Europa League,Fulham,assuncao_paulo,0.4,0.55,2
13,13,europa_finals_winners_lineups.csv,europa_finals_winners_lineups,Unknown,UEFA Cup,sevilla_2006_uefa_cup vs atletico_madrid_2010_europa,atletico_madrid_2010_europa,Tomás Ujfaluši,RB,17,Czech Former Professional,6,Atlético Madrid 2009-10 Europa League winners (2-1 a.e.t. v Fulham),4-4-2,2009-10,Europa League,Fulham,ujfalusi_tomas,0.8,0.75,2
13,13,europa_finals_winners_lineups.csv,europa_finals_winners_lineups,Unknown,UEFA Cup,sevilla_2006_uefa_cup vs atletico_madrid_2010_europa,atletico_madrid_2010_europa,Álvaro Domínguez,CB,18,Portugal,6,Atlético Madrid 2009-10 Europa League winners (2-1 a.e.t. v Fulham),4-4-2,2009-10,Europa League,Fulham,dominguez_alvaro,0.6,0.75,2
13,13,europa_finals_winners_lineups.csv,europa_finals_winners_lineups,Unknown,UEFA Cup,sevilla_2006_uefa_cup vs atletico_madrid_2010_europa,atletico_madrid_2010_europa,José Antonio Reyes,RW,19,Spain,6,Atlético Madrid 2009-10 Europa League winners (2-1 a.e.t. v Fulham),4-4-2,2009-10,Europa League,Fulham,reyes_jose_antonio,0.8,0.4,2
13,13,europa_finals_winners_lineups.csv,europa_finals_winners_lineups,Unknown,UEFA Cup,sevilla_2006_uefa_cup vs atletico_madrid_2010_europa,atletico_madrid_2010_europa,Simão,LW,20,Portugal,6,Atlético Madrid 2009-10 Europa League winners (2-1 a.e.t. v Fulham),4-4-2,2009-10,Europa League,Fulham,simao,0.2,0.4,2
13,13,europa_finals_winners_lineups.csv,europa_finals_winners_lineups,Unknown,UEFA Cup,sevilla_2006_uefa_cup vs atletico_madrid_2010_europa,atletico_madrid_2010_europa,Luis Perea,CB,21,Portugal,6,Atlético Madrid 2009-10 Europa League winners (2-1 a.e.t. v Fulham),4-4-2,2009-10,Europa League,Fulham,perea_luis,0.4,0.75,2
13,13,europa_finals_winners_lineups.csv,europa_finals_winners_lineups,Unknown,UEFA Cup,sevilla_2006_uefa_cup vs atletico_madrid_2010_europa,atletico_madrid_2010_europa,David de Gea,GK,43,France,6,Atlético Madrid 2009-10 Europa League winners (2-1 a.e.t. v Fulham),4-4-2,2009-10,Europa League,Fulham,de_gea_david,0.5,0.9,2
13,13,europa_finals_winners_lineups.csv,europa_finals_winners_lineups,Unknown,UEFA Cup,sevilla_2006_uefa_cup vs atletico_madrid_2010_europa,sevilla_2006_uefa_cup,Andrés Palop,GK,1,Spain,5,Sevilla 2005-06 UEFA Cup winners (4-0 v Middlesbrough),4-4-2,2005-06,UEFA Cup,Middlesbrough,palop_andres,0.5,0.9,2
13,13,europa_finals_winners_lineups.csv,europa_finals_winners_lineups,Unknown,UEFA Cup,sevilla_2006_uefa_cup vs atletico_madrid_2010_europa,sevilla_2006_uefa_cup,Javi Navarro,CB,2,Spain,5,Sevilla 2005-06 UEFA Cup winners (4-0 v Middlesbrough),4-4-2,2005-06,UEFA Cup,Middlesbrough,navarro_javi,0.4,0.75,2
13,13,europa_finals_winners_lineups.csv,europa_finals_winners_lineups,Unknown,UEFA Cup,sevilla_2006_uefa_cup vs atletico_madrid_2010_europa,sevilla_2006_uefa_cup,David Castedo,LB,3,Portugal,5,Sevilla 2005-06 UEFA Cup winners (4-0 v Middlesbrough),4-4-2,2005-06,UEFA Cup,Middlesbrough,castedo_david,0.2,0.75,2
13,13,europa_finals_winners_lineups.csv,europa_finals_winners_lineups,Unknown,UEFA Cup,sevilla_2006_uefa_cup vs atletico_madrid_2010_europa,sevilla_2006_uefa_cup,Dani Alves,RB,4,Brazil,5,Sevilla 2005-06 UEFA Cup winners (4-0 v Middlesbrough),4-4-2,2005-06,UEFA Cup,Middlesbrough,alves_dani,0.8,0.75,2
13,13,europa_finals_winners_lineups.csv,europa_finals_winners_lineups,Unknown,UEFA Cup,sevilla_2006_uefa_cup vs atletico_madrid_2010_europa,sevilla_2006_uefa_cup,Julien Escudé,CB,6,France,5,Sevilla 2005-06 UEFA Cup winners (4-0 v Middlesbrough),4-4-2,2005-06,UEFA Cup,Middlesbrough,escude_julien,0.6,0.75,2
13,13,europa_finals_winners_lineups.csv,europa_finals_winners_lineups,Unknown,UEFA Cup,sevilla_2006_uefa_cup vs atletico_madrid_2010_europa,sevilla_2006_uefa_cup,Javier Saviola,ST,7,Argentina,5,Sevilla 2005-06 UEFA Cup winners (4-0 v Middlesbrough),4-4-2,2005-06,UEFA Cup,Middlesbrough,saviola_javier,0.45,0.2,2
13,13,europa_finals_winners_lineups.csv,europa_finals_winners_lineups,Unknown,UEFA Cup,sevilla_2006_uefa_cup vs atletico_madrid_2010_europa,sevilla_2006_uefa_cup,Luís Fabiano,ST,10,Unknown,5,Sevilla 2005-06 UEFA Cup winners (4-0 v Middlesbrough),4-4-2,2005-06,UEFA Cup,Middlesbrough,fabiano_luis,0.55,0.2,2
13,13,europa_finals_winners_lineups.csv,europa_finals_winners_lineups,Unknown,UEFA Cup,sevilla_2006_uefa_cup vs atletico_madrid_2010_europa,sevilla_2006_uefa_cup,Jesús Navas,RW,15,Spain,5,Sevilla 2005-06 UEFA Cup winners (4-0 v Middlesbrough),4-4-2,2005-06,UEFA Cup,Middlesbrough,navas_jesus,0.8,0.4,2
13,13,europa_finals_winners_lineups.csv,europa_finals_winners_lineups,Unknown,UEFA Cup,sevilla_2006_uefa_cup vs atletico_madrid_2010_europa,sevilla_2006_uefa_cup,Adriano,LW,16,Brazil,5,Sevilla 2005-06 UEFA Cup winners (4-0 v Middlesbrough),4-4-2,2005-06,UEFA Cup,Middlesbrough,adriano,0.2,0.4,2
13,13,europa_finals_winners_lineups.csv,europa_finals_winners_lineups,Unknown,UEFA Cup,sevilla_2006_uefa_cup vs atletico_madrid_2010_europa,sevilla_2006_uefa_cup,José Luis Martí,CM,18,Spain,5,Sevilla 2005-06 UEFA Cup winners (4-0 v Middlesbrough),4-4-2,2005-06,UEFA Cup,Middlesbrough,marti_jose_luis,0.4,0.55,2
13,13,europa_finals_winners_lineups.csv,europa_finals_winners_lineups,Unknown,UEFA Cup,sevilla_2006_uefa_cup vs atletico_madrid_2010_europa,sevilla_2006_uefa_cup,Enzo Maresca,CM,25,Italy,5,Sevilla 2005-06 UEFA Cup winners (4-0 v Middlesbrough),4-4-2,2005-06,UEFA Cup,Middlesbrough,maresca_enzo,0.6,0.55,2
14,14,europa_finals_winners_lineups.csv,europa_finals_winners_lineups,Unknown,Europa League,sevilla_2016_europa vs sevilla_2020_europa,sevilla_2016_europa,Adil Rami,CB,3,France,7,Sevilla 2015-16 Europa League winners (3-1 v Liverpool),4-2-3-1,2015-16,Europa League,Liverpool,rami_adil,0.4,0.75,3
14,14,europa_finals_winners_lineups.csv,europa_finals_winners_lineups,Unknown,Europa League,sevilla_2016_europa vs sevilla_2020_europa,sevilla_2016_europa,Grzegorz Krychowiak,CDM,4,Polish Professional,7,Sevilla 2015-16 Europa League winners (3-1 v Liverpool),4-2-3-1,2015-16,Europa League,Liverpool,krychowiak_grzegorz,0.55,0.6,3
14,14,europa_finals_winners_lineups.csv,europa_finals_winners_lineups,Unknown,Europa League,sevilla_2016_europa vs sevilla_2020_europa,sevilla_2016_europa,Daniel Carriço,CB,6,Portugal,7,Sevilla 2015-16 Europa League winners (3-1 v Liverpool),4-2-3-1,2015-16,Europa League,Liverpool,carrico_daniel,0.6,0.75,3
14,14,europa_finals_winners_lineups.csv,europa_finals_winners_lineups,Unknown,Europa League,sevilla_2016_europa vs sevilla_2020_europa,sevilla_2016_europa,Kevin Gameiro,ST,9,French Former Professional,7,Sevilla 2015-16 Europa League winners (3-1 v Liverpool),4-2-3-1,2015-16,Europa League,Liverpool,gameiro_kevin,0.5,0.2,3
14,14,europa_finals_winners_lineups.csv,europa_finals_winners_lineups,Unknown,Europa League,sevilla_2016_europa vs sevilla_2020_europa,sevilla_2016_europa,Steven N'Zonzi,CDM,15,England,7,Sevilla 2015-16 Europa League winners (3-1 v Liverpool),4-2-3-1,2015-16,Europa League,Liverpool,nzonzi_steven,0.45,0.6,3
14,14,europa_finals_winners_lineups.csv,europa_finals_winners_lineups,Unknown,Europa League,sevilla_2016_europa vs sevilla_2020_europa,sevilla_2016_europa,Sergio Escudero,LB,18,Netherlands,7,Sevilla 2015-16 Europa League winners (3-1 v Liverpool),4-2-3-1,2015-16,Europa League,Liverpool,escudero_sergio,0.2,0.75,3
14,14,europa_finals_winners_lineups.csv,europa_finals_winners_lineups,Unknown,Europa League,sevilla_2016_europa vs sevilla_2020_europa,sevilla_2016_europa,Éver Banega,CAM,19,Argentina,7,Sevilla 2015-16 Europa League winners (3-1 v Liverpool),4-2-3-1,2015-16,Europa League,Liverpool,banega_ever,0.5,0.45,3
14,14,europa_finals_winners_lineups.csv,europa_finals_winners_lineups,Unknown,Europa League,sevilla_2016_europa vs sevilla_2020_europa,sevilla_2016_europa,Vitolo,LW,20,Spain,7,Sevilla 2015-16 Europa League winners (3-1 v Liverpool),4-2-3-1,2015-16,Europa League,Liverpool,vitolo,0.2,0.4,3
14,14,europa_finals_winners_lineups.csv,europa_finals_winners_lineups,Unknown,Europa League,sevilla_2016_europa vs sevilla_2020_europa,sevilla_2016_europa,Coke,RW,23,Spain,7,Sevilla 2015-16 Europa League winners (3-1 v Liverpool),4-2-3-1,2015-16,Europa League,Liverpool,coke,0.8,0.4,3
14,14,europa_finals_winners_lineups.csv,europa_finals_winners_lineups,Unknown,Europa League,sevilla_2016_europa vs sevilla_2020_europa,sevilla_2016_europa,Mariano,RB,25,Brazilian Professional,7,Sevilla 2015-16 Europa League winners (3-1 v Liverpool),4-2-3-1,2015-16,Europa League,Liverpool,mariano,0.8,0.75,3
14,14,europa_finals_winners_lineups.csv,europa_finals_winners_lineups,Unknown,Europa League,sevilla_2016_europa vs sevilla_2020_europa,sevilla_2016_europa,David Soria,GK,31,Portugal,7,Sevilla 2015-16 Europa League winners (3-1 v Liverpool),4-2-3-1,2015-16,Europa League,Liverpool,soria_david,0.5,0.9,3
14,14,europa_finals_winners_lineups.csv,europa_finals_winners_lineups,Unknown,Europa League,sevilla_2016_europa vs sevilla_2020_europa,sevilla_2020_europa,Lucas Ocampos,LW,5,Argentina,8,Sevilla 2019-20 Europa League winners (3-2 v Inter),4-3-3,2019-20,Europa League,Inter,ocampos_lucas,0.2,0.4,3
14,14,europa_finals_winners_lineups.csv,europa_finals_winners_lineups,Unknown,Europa League,sevilla_2016_europa vs sevilla_2020_europa,sevilla_2020_europa,Éver Banega,CM,10,Argentina,8,Sevilla 2019-20 Europa League winners (3-2 v Inter),4-3-3,2019-20,Europa League,Inter,banega_ever,0.6,0.55,3
14,14,europa_finals_winners_lineups.csv,europa_finals_winners_lineups,Unknown,Europa League,sevilla_2016_europa vs sevilla_2020_europa,sevilla_2020_europa,Jules Koundé,CB,12,France,8,Sevilla 2019-20 Europa League winners (3-2 v Inter),4-3-3,2019-20,Europa League,Inter,kounde_jules,0.4,0.75,3
14,14,europa_finals_winners_lineups.csv,europa_finals_winners_lineups,Unknown,Europa League,sevilla_2016_europa vs sevilla_2020_europa,sevilla_2020_europa,Yassine Bounou,GK,13,Moroccan Professional,8,Sevilla 2019-20 Europa League winners (3-2 v Inter),4-3-3,2019-20,Europa League,Inter,bounou_yassine,0.5,0.9,3
14,14,europa_finals_winners_lineups.csv,europa_finals_winners_lineups,Unknown,Europa League,sevilla_2016_europa vs sevilla_2020_europa,sevilla_2020_europa,Jesús Navas,RB,16,Spain,8,Sevilla 2019-20 Europa League winners (3-2 v Inter),4-3-3,2019-20,Europa League,Inter,navas_jesus,0.8,0.75,3
14,14,europa_finals_winners_lineups.csv,europa_finals_winners_lineups,Unknown,Europa League,sevilla_2016_europa vs sevilla_2020_europa,sevilla_2020_europa,Luuk de Jong,ST,19,Netherlands,8,Sevilla 2019-20 Europa League winners (3-2 v Inter),4-3-3,2019-20,Europa League,Inter,de_jong_luuk,0.5,0.2,3
14,14,europa_finals_winners_lineups.csv,europa_finals_winners_lineups,Unknown,Europa League,sevilla_2016_europa vs sevilla_2020_europa,sevilla_2020_europa,Diego Carlos,CB,20,Brazil,8,Sevilla 2019-20 Europa League winners (3-2 v Inter),4-3-3,2019-20,Europa League,Inter,carlos_diego,0.6,0.75,3
14,14,europa_finals_winners_lineups.csv,europa_finals_winners_lineups,Unknown,Europa League,sevilla_2016_europa vs sevilla_2020_europa,sevilla_2020_europa,Sergio Reguilón,LB,23,Spain,8,Sevilla 2019-20 Europa League winners (3-2 v Inter),4-3-3,2019-20,Europa League,Inter,reguilon_sergio,0.2,0.75,3
14,14,europa_finals_winners_lineups.csv,europa_finals_winners_lineups,Unknown,Europa League,sevilla_2016_europa vs sevilla_2020_europa,sevilla_2020_europa,Joan Jordán,CM,24,Spain,8,Sevilla 2019-20 Europa League winners (3-2 v Inter),4-3-3,2019-20,Europa League,Inter,jordan_joan,0.4,0.55,3
14,14,europa_finals_winners_lineups.csv,europa_finals_winners_lineups,Unknown,Europa League,sevilla_2016_europa vs sevilla_2020_europa,sevilla_2020_europa,Fernando,CDM,25,Brazil,8,Sevilla 2019-20 Europa League winners (3-2 v Inter),4-3-3,2019-20,Europa League,Inter,fernando,0.5,0.6,3
14,14,europa_finals_winners_lineups.csv,europa_finals_winners_lineups,Unknown,Europa League,sevilla_2016_europa vs sevilla_2020_europa,sevilla_2020_europa,Suso,RW,41,Spain,8,Sevilla 2019-20 Europa League winners (3-2 v Inter),4-3-3,2019-20,Europa League,Inter,suso,0.8,0.4,3
15,15,europa_finals_winners_lineups.csv,europa_finals_winners_lineups,Unknown,Europa League,villarreal_2021_europa (single team data),villarreal_2021_europa,Raúl Albiol,CB,3,Spain,9,"Villarreal 2020-21 Europa League winners (1-1, 11-10 pens v Man United)",4-4-2,2020-21,Europa League,Manchester United,albiol_raul,0.4,0.75,4
15,15,europa_finals_winners_lineups.csv,europa_finals_winners_lineups,Unknown,Europa League,villarreal_2021_europa (single team data),villarreal_2021_europa,Pau Torres,CB,4,Spain,9,"Villarreal 2020-21 Europa League winners (1-1, 11-10 pens v Man United)",4-4-2,2020-21,Europa League,Manchester United,torres_pau,0.6,0.75,4
15,15,europa_finals_winners_lineups.csv,europa_finals_winners_lineups,Unknown,Europa League,villarreal_2021_europa (single team data),villarreal_2021_europa,Dani Parejo,CM,5,Spain,9,"Villarreal 2020-21 Europa League winners (1-1, 11-10 pens v Man United)",4-4-2,2020-21,Europa League,Manchester United,parejo_dani,0.6,0.55,4
15,15,europa_finals_winners_lineups.csv,europa_finals_winners_lineups,Unknown,Europa League,villarreal_2021_europa (single team data),villarreal_2021_europa,Gerard Moreno,ST,7,Spain,9,"Villarreal 2020-21 Europa League winners (1-1, 11-10 pens v Man United)",4-4-2,2020-21,Europa League,Manchester United,moreno_gerard,0.45,0.2,4
15,15,europa_finals_winners_lineups.csv,europa_finals_winners_lineups,Unknown,Europa League,villarreal_2021_europa (single team data),villarreal_2021_europa,Juan Foyth,RB,8,And Germany,9,"Villarreal 2020-21 Europa League winners (1-1, 11-10 pens v Man United)",4-4-2,2020-21,Europa League,Manchester United,foyth_juan,0.8,0.75,4
15,15,europa_finals_winners_lineups.csv,europa_finals_winners_lineups,Unknown,Europa League,villarreal_2021_europa (single team data),villarreal_2021_europa,Carlos Bacca,ST,9,Colombia,9,"Villarreal 2020-21 Europa League winners (1-1, 11-10 pens v Man United)",4-4-2,2020-21,Europa League,Manchester United,bacca_carlos,0.55,0.2,4
15,15,europa_finals_winners_lineups.csv,europa_finals_winners_lineups,Unknown,Europa League,villarreal_2021_europa (single team data),villarreal_2021_europa,Gerónimo Rulli,GK,13,Argentina,9,"Villarreal 2020-21 Europa League winners (1-1, 11-10 pens v Man United)",4-4-2,2020-21,Europa League,Manchester United,rulli_geronimo,0.5,0.9,4
15,15,europa_finals_winners_lineups.csv,europa_finals_winners_lineups,Unknown,Europa League,villarreal_2021_europa (single team data),villarreal_2021_europa,Manu Trigueros,LW,14,Spanish Professional,9,"Villarreal 2020-21 Europa League winners (1-1, 11-10 pens v Man United)",4-4-2,2020-21,Europa League,Manchester United,trigueros_manu,0.2,0.4,4
15,15,europa_finals_winners_lineups.csv,europa_finals_winners_lineups,Unknown,Europa League,villarreal_2021_europa (single team data),villarreal_2021_europa,Alfonso Pedraza,LB,24,Spain,9,"Villarreal 2020-21 Europa League winners (1-1, 11-10 pens v Man United)",4-4-2,2020-21,Europa League,Manchester United,pedraza_alfonso,0.2,0.75,4
15,15,europa_finals_winners_lineups.csv,europa_finals_winners_lineups,Unknown,Europa League,villarreal_2021_europa (single team data),villarreal_2021_europa,Étienne Capoue,CM,25,France,9,"Villarreal 2020-21 Europa League winners (1-1, 11-10 pens v Man United)",4-4-2,2020-21,Europa League,Manchester United,capoue_etienne,0.4,0.55,4
15,15,europa_finals_winners_lineups.csv,europa_finals_winners_lineups,Unknown,Europa League,villarreal_2021_europa (single team data),villarreal_2021_europa,Yeremy Pino,RW,30,Spanish Professional,9,"Villarreal 2020-21 Europa League winners (1-1, 11-10 pens v Man United)",4-4-2,2020-21,Europa League,Manchester United,pino_yeremy,0.8,0.4,4
16,16,france_real_lineups.csv,france_real_lineups,Unknown,Champions League,marseille_1993_ucl vs lyon_2004_dominance,lyon_2004_dominance,Cris,CB,3,Of,2,"Lyon 2001–08 Ligue 1 dominance (v Nantes, 13 Nov 2004)",4-3-3,2004-05,Ligue 1,Nantes,cris,0.4,0.85,0
16,16,france_real_lineups.csv,france_real_lineups,Unknown,Champions League,marseille_1993_ucl vs lyon_2004_dominance,lyon_2004_dominance,Michael Essien,CM,5,Ghana,2,"Lyon 2001–08 Ligue 1 dominance (v Nantes, 13 Nov 2004)",4-3-3,2004-05,Ligue 1,Nantes,essien_michael,0.65,0.6,0
16,16,france_real_lineups.csv,france_real_lineups,Unknown,Champions League,marseille_1993_ucl vs lyon_2004_dominance,lyon_2004_dominance,Juninho Pernambucano,CM,8,Brazilian Former Professional,2,"Lyon 2001–08 Ligue 1 dominance (v Nantes, 13 Nov 2004)",4-3-3,2004-05,Ligue 1,Nantes,juninho_pernambucano,0.35,0.6,0
16,16,france_real_lineups.csv,france_real_lineups,Unknown,Champions League,marseille_1993_ucl vs lyon_2004_dominance,lyon_2004_dominance,Jérémy Berthod,LB,13,French Former Professional,2,"Lyon 2001–08 Ligue 1 dominance (v Nantes, 13 Nov 2004)",4-3-3,2004-05,Ligue 1,Nantes,berthod_jeremy,0.2,0.8,0
16,16,france_real_lineups.csv,france_real_lineups,Unknown,Champions League,marseille_1993_ucl vs lyon_2004_dominance,lyon_2004_dominance,Sidney Govou,RW,14,French Former Professional,2,"Lyon 2001–08 Ligue 1 dominance (v Nantes, 13 Nov 2004)",4-3-3,2004-05,Ligue 1,Nantes,govou_sidney,0.75,0.3,0
16,16,france_real_lineups.csv,france_real_lineups,Unknown,Champions League,marseille_1993_ucl vs lyon_2004_dominance,lyon_2004_dominance,Lamine Diatta,CB,15,Italy,2,"Lyon 2001–08 Ligue 1 dominance (v Nantes, 13 Nov 2004)",4-3-3,2004-05,Ligue 1,Nantes,diatta_lamine,0.6,0.85,0
16,16,france_real_lineups.csv,france_real_lineups,Unknown,Champions League,marseille_1993_ucl vs lyon_2004_dominance,lyon_2004_dominance,Nicolas Puydebois,GK,16,France,2,"Lyon 2001–08 Ligue 1 dominance (v Nantes, 13 Nov 2004)",4-3-3,2004-05,Ligue 1,Nantes,puydebois_nicolas,0.5,0.9,0
16,16,france_real_lineups.csv,france_real_lineups,Unknown,Champions League,marseille_1993_ucl vs lyon_2004_dominance,lyon_2004_dominance,Mahamadou Diarra,CDM,19,Italy,2,"Lyon 2001–08 Ligue 1 dominance (v Nantes, 13 Nov 2004)",4-3-3,2004-05,Ligue 1,Nantes,diarra_mahamadou,0.5,0.65,0
16,16,france_real_lineups.csv,france_real_lineups,Unknown,Champions League,marseille_1993_ucl vs lyon_2004_dominance,lyon_2004_dominance,Pierre-Alain Frau,ST,19,France,2,"Lyon 2001–08 Ligue 1 dominance (v Nantes, 13 Nov 2004)",4-3-3,2004-05,Ligue 1,Nantes,frau_pierre_alain,0.5,0.2,0
16,16,france_real_lineups.csv,france_real_lineups,Unknown,Champions League,marseille_1993_ucl vs lyon_2004_dominance,lyon_2004_dominance,Anthony Réveillère,RB,20,France,2,"Lyon 2001–08 Ligue 1 dominance (v Nantes, 13 Nov 2004)",4-3-3,2004-05,Ligue 1,Nantes,reveillere_anthony,0.8,0.8,0
16,16,france_real_lineups.csv,france_real_lineups,Unknown,Champions League,marseille_1993_ucl vs lyon_2004_dominance,lyon_2004_dominance,Sylvain Wiltord,LW,22,French Former Professional,2,"Lyon 2001–08 Ligue 1 dominance (v Nantes, 13 Nov 2004)",4-3-3,2004-05,Ligue 1,Nantes,wiltord_sylvain,0.25,0.3,0
16,16,france_real_lineups.csv,france_real_lineups,Unknown,Champions League,marseille_1993_ucl vs lyon_2004_dominance,marseille_1993_ucl,Fabien Barthez,GK,1,Spain,1,Marseille 1992/93 Champions League winners,4-3-3,1992-93,Champions League,AC Milan,barthez_fabien,0.5,0.9,0
16,16,france_real_lineups.csv,france_real_lineups,Unknown,Champions League,marseille_1993_ucl vs lyon_2004_dominance,marseille_1993_ucl,Jocelyn Angloma,RB,2,Guadeloupe,1,Marseille 1992/93 Champions League winners,4-3-3,1992-93,Champions League,AC Milan,angloma_jocelyn,0.8,0.8,0
16,16,france_real_lineups.csv,france_real_lineups,Unknown,Champions League,marseille_1993_ucl vs lyon_2004_dominance,marseille_1993_ucl,Éric Di Meco,LB,3,Italy,1,Marseille 1992/93 Champions League winners,4-3-3,1992-93,Champions League,AC Milan,di_meco_eric,0.2,0.8,0
16,16,france_real_lineups.csv,france_real_lineups,Unknown,Champions League,marseille_1993_ucl vs lyon_2004_dominance,marseille_1993_ucl,Basile Boli,CB,4,France,1,Marseille 1992/93 Champions League winners,4-3-3,1992-93,Champions League,AC Milan,boli_basile,0.6,0.85,0
16,16,france_real_lineups.csv,france_real_lineups,Unknown,Champions League,marseille_1993_ucl vs lyon_2004_dominance,marseille_1993_ucl,Franck Sauzée,CM,5,French Former Professional,1,Marseille 1992/93 Champions League winners,4-3-3,1992-93,Champions League,AC Milan,sauzee_franck,0.35,0.6,0
16,16,france_real_lineups.csv,france_real_lineups,Unknown,Champions League,marseille_1993_ucl vs lyon_2004_dominance,marseille_1993_ucl,Marcel Desailly,CB,6,France,1,Marseille 1992/93 Champions League winners,4-3-3,1992-93,Champions League,AC Milan,desailly_marcel,0.4,0.85,0
16,16,france_real_lineups.csv,france_real_lineups,Unknown,Champions League,marseille_1993_ucl vs lyon_2004_dominance,marseille_1993_ucl,Jean-Jacques Eydelie,CM,7,France,1,Marseille 1992/93 Champions League winners,4-3-3,1992-93,Champions League,AC Milan,eydelie_jean_jacques,0.65,0.6,0
16,16,france_real_lineups.csv,france_real_lineups,Unknown,Champions League,marseille_1993_ucl vs lyon_2004_dominance,marseille_1993_ucl,Alen Bokšić,RW,8,Croatia,1,Marseille 1992/93 Champions League winners,4-3-3,1992-93,Champions League,AC Milan,boksic_alen,0.75,0.3,0
16,16,france_real_lineups.csv,france_real_lineups,Unknown,Champions League,marseille_1993_ucl vs lyon_2004_dominance,marseille_1993_ucl,Rudi Völler,ST,9,Italy,1,Marseille 1992/93 Champions League winners,4-3-3,1992-93,Champions League,AC Milan,voller_rudi,0.5,0.2,0
16,16,france_real_lineups.csv,france_real_lineups,Unknown,Champions League,marseille_1993_ucl vs lyon_2004_dominance,marseille_1993_ucl,Abedi Ayew (Abedi Pelé),LW,10,Ghana,1,Marseille 1992/93 Champions League winners,4-3-3,1992-93,Champions League,AC Milan,ayew_abedi,0.25,0.3,0
16,16,france_real_lineups.csv,france_real_lineups,Unknown,Champions League,marseille_1993_ucl vs lyon_2004_dominance,marseille_1993_ucl,Didier Deschamps,CDM,11,France,1,Marseille 1992/93 Champions League winners,4-3-3,1992-93,Champions League,AC Milan,deschamps_didier,0.5,0.65,0
17,17,france_real_lineups.csv,france_real_lineups,Unknown,Champions League,psg_1995_weah_semis vs psg_2020_ucl_final,psg_1995_weah_semis,Bernard Lama,GK,1,France,3,PSG 1994/95 UCL semifinalists (Weah era),4-3-1-2,1994-95,Champions League,AC Milan,lama_bernard,0.5,0.9,1
17,17,france_real_lineups.csv,france_real_lineups,Unknown,Champions League,psg_1995_weah_semis vs psg_2020_ucl_final,psg_1995_weah_semis,José Cobos,LB,3,Spain,3,PSG 1994/95 UCL semifinalists (Weah era),4-3-1-2,1994-95,Champions League,AC Milan,cobos_jose,0.2,0.8,1
17,17,france_real_lineups.csv,france_real_lineups,Unknown,Champions League,psg_1995_weah_semis vs psg_2020_ucl_final,psg_1995_weah_semis,Ricardo Gomes,CB,4,Portugal,3,PSG 1994/95 UCL semifinalists (Weah era),4-3-1-2,1994-95,Champions League,AC Milan,gomes_ricardo,0.6,0.85,1
17,17,france_real_lineups.csv,france_real_lineups,Unknown,Champions League,psg_1995_weah_semis vs psg_2020_ucl_final,psg_1995_weah_semis,Alain Roche,CB,5,France,3,PSG 1994/95 UCL semifinalists (Weah era),4-3-1-2,1994-95,Champions League,AC Milan,roche_alain,0.4,0.85,1
17,17,france_real_lineups.csv,france_real_lineups,Unknown,Champions League,psg_1995_weah_semis vs psg_2020_ucl_final,psg_1995_weah_semis,Paul Le Guen,CDM,6,Unknown,3,PSG 1994/95 UCL semifinalists (Weah era),4-3-1-2,1994-95,Champions League,AC Milan,le_guen_paul,0.5,0.65,1
17,17,france_real_lineups.csv,france_real_lineups,Unknown,Champions League,psg_1995_weah_semis vs psg_2020_ucl_final,psg_1995_weah_semis,Vincent Guérin,CM,8,French Former Professional,3,PSG 1994/95 UCL semifinalists (Weah era),4-3-1-2,1994-95,Champions League,AC Milan,guerin_vincent,0.35,0.6,1
17,17,france_real_lineups.csv,france_real_lineups,Unknown,Champions League,psg_1995_weah_semis vs psg_2020_ucl_final,psg_1995_weah_semis,George Weah,ST,9,Liberia,3,PSG 1994/95 UCL semifinalists (Weah era),4-3-1-2,1994-95,Champions League,AC Milan,weah_george,0.4,0.2,1
17,17,france_real_lineups.csv,france_real_lineups,Unknown,Champions League,psg_1995_weah_semis vs psg_2020_ucl_final,psg_1995_weah_semis,Raí,CAM,10,Brazilian Former Professional,3,PSG 1994/95 UCL semifinalists (Weah era),4-3-1-2,1994-95,Champions League,AC Milan,rai,0.5,0.45,1
17,17,france_real_lineups.csv,france_real_lineups,Unknown,Champions League,psg_1995_weah_semis vs psg_2020_ucl_final,psg_1995_weah_semis,David Ginola,ST,11,France,3,PSG 1994/95 UCL semifinalists (Weah era),4-3-1-2,1994-95,Champions League,AC Milan,ginola_david,0.6,0.2,1
17,17,france_real_lineups.csv,france_real_lineups,Unknown,Champions League,psg_1995_weah_semis vs psg_2020_ucl_final,psg_1995_weah_semis,Daniel Bravo,CM,15,Portugal,3,PSG 1994/95 UCL semifinalists (Weah era),4-3-1-2,1994-95,Champions League,AC Milan,bravo_daniel,0.65,0.6,1
17,17,france_real_lineups.csv,france_real_lineups,Unknown,Champions League,psg_1995_weah_semis vs psg_2020_ucl_final,psg_1995_weah_semis,Francis Llacer,RB,23,French Former Professional,3,PSG 1994/95 UCL semifinalists (Weah era),4-3-1-2,1994-95,Champions League,AC Milan,llacer_francis,0.8,0.8,1
17,17,france_real_lineups.csv,france_real_lineups,Unknown,Champions League,psg_1995_weah_semis vs psg_2020_ucl_final,psg_2020_ucl_final,Keylor Navas,GK,1,Costa Rican Professional,4,PSG 2019/20 Champions League finalists,4-3-3,2019-20,Champions League,Bayern Munich,navas_keylor,0.5,0.9,1
17,17,france_real_lineups.csv,france_real_lineups,Unknown,Champions League,psg_1995_weah_semis vs psg_2020_ucl_final,psg_2020_ucl_final,Thiago Silva,CB,2,Brazil,4,PSG 2019/20 Champions League finalists,4-3-3,2019-20,Champions League,Bayern Munich,silva_thiago,0.6,0.85,1
17,17,france_real_lineups.csv,france_real_lineups,Unknown,Champions League,psg_1995_weah_semis vs psg_2020_ucl_final,psg_2020_ucl_final,Presnel Kimpembe,CB,3,French Professional,4,PSG 2019/20 Champions League finalists,4-3-3,2019-20,Champions League,Bayern Munich,kimpembe_presnel,0.4,0.85,1
17,17,france_real_lineups.csv,france_real_lineups,Unknown,Champions League,psg_1995_weah_semis vs psg_2020_ucl_final,psg_2020_ucl_final,Thilo Kehrer,RB,4,German Professional,4,PSG 2019/20 Champions League finalists,4-3-3,2019-20,Champions League,Bayern Munich,kehrer_thilo,0.8,0.8,1
17,17,france_real_lineups.csv,france_real_lineups,Unknown,Champions League,psg_1995_weah_semis vs psg_2020_ucl_final,psg_2020_ucl_final,Marquinhos,CDM,5,Brazilian Professional,4,PSG 2019/20 Champions League finalists,4-3-3,2019-20,Champions League,Bayern Munich,marquinhos,0.5,0.65,1
17,17,france_real_lineups.csv,france_real_lineups,Unknown,Champions League,psg_1995_weah_semis vs psg_2020_ucl_final,psg_2020_ucl_final,Kylian Mbappé,ST,7,France,4,PSG 2019/20 Champions League finalists,4-3-3,2019-20,Champions League,Bayern Munich,mbappe_kylian,0.5,0.2,1
17,17,france_real_lineups.csv,france_real_lineups,Unknown,Champions League,psg_1995_weah_semis vs psg_2020_ucl_final,psg_2020_ucl_final,Leandro Paredes,CM,8,France,4,PSG 2019/20 Champions League finalists,4-3-3,2019-20,Champions League,Bayern Munich,paredes_leandro,0.35,0.6,1
17,17,france_real_lineups.csv,france_real_lineups,Unknown,Champions League,psg_1995_weah_semis vs psg_2020_ucl_final,psg_2020_ucl_final,Neymar,LW,10,Brazil,4,PSG 2019/20 Champions League finalists,4-3-3,2019-20,Champions League,Bayern Munich,neymar,0.25,0.3,1
17,17,france_real_lineups.csv,france_real_lineups,Unknown,Champions League,psg_1995_weah_semis vs psg_2020_ucl_final,psg_2020_ucl_final,Ángel Di María,RW,11,Argentina,4,PSG 2019/20 Champions League finalists,4-3-3,2019-20,Champions League,Bayern Munich,di_maria_angel,0.75,0.3,1
17,17,france_real_lineups.csv,france_real_lineups,Unknown,Champions League,psg_1995_weah_semis vs psg_2020_ucl_final,psg_2020_ucl_final,Juan Bernat,LB,14,Spain,4,PSG 2019/20 Champions League finalists,4-3-3,2019-20,Champions League,Bayern Munich,bernat_juan,0.2,0.8,1
17,17,france_real_lineups.csv,france_real_lineups,Unknown,Champions League,psg_1995_weah_semis vs psg_2020_ucl_final,psg_2020_ucl_final,Ander Herrera,CM,21,Spain,4,PSG 2019/20 Champions League finalists,4-3-3,2019-20,Champions League,Bayern Munich,herrera_ander,0.65,0.6,1
18,18,france_real_lineups.csv,france_real_lineups,Unknown,Ligue 1,psg_2021_ligue1 vs monaco_1998_ucl_semis,monaco_1998_ucl_semis,Philippe Christanval,CB,4,French Former Professional,6,"Monaco 1997/98 Champions League semifinalists (v Juventus, 1 Apr 1998)",4-2-3-1,1997-98,Champions League,Juventus,christanval_philippe,0.6,0.85,2
18,18,france_real_lineups.csv,france_real_lineups,Unknown,Ligue 1,psg_2021_ligue1 vs monaco_1998_ucl_semis,monaco_1998_ucl_semis,Almir Konjić,CB,6,Croatia,6,"Monaco 1997/98 Champions League semifinalists (v Juventus, 1 Apr 1998)",4-2-3-1,1997-98,Champions League,Juventus,konjic_almir,0.4,0.85,2
18,18,france_real_lineups.csv,france_real_lineups,Unknown,Ligue 1,psg_2021_ligue1 vs monaco_1998_ucl_semis,monaco_1998_ucl_semis,Lilian Martin,LW,7,France,6,"Monaco 1997/98 Champions League semifinalists (v Juventus, 1 Apr 1998)",4-2-3-1,1997-98,Champions League,Juventus,martin_lilian,0.25,0.4,2
18,18,france_real_lineups.csv,france_real_lineups,Unknown,Ligue 1,psg_2021_ligue1 vs monaco_1998_ucl_semis,monaco_1998_ucl_semis,Ibrahim Djetou,CDM,8,Unknown,6,"Monaco 1997/98 Champions League semifinalists (v Juventus, 1 Apr 1998)",4-2-3-1,1997-98,Champions League,Juventus,djetou_ibrahim,0.4,0.65,2
18,18,france_real_lineups.csv,france_real_lineups,Unknown,Ligue 1,psg_2021_ligue1 vs monaco_1998_ucl_semis,monaco_1998_ucl_semis,Ali Benarbia,CAM,10,Algeria,6,"Monaco 1997/98 Champions League semifinalists (v Juventus, 1 Apr 1998)",4-2-3-1,1997-98,Champions League,Juventus,benarbia_ali,0.5,0.45,2
18,18,france_real_lineups.csv,france_real_lineups,Unknown,Ligue 1,psg_2021_ligue1 vs monaco_1998_ucl_semis,monaco_1998_ucl_semis,Victor Ikpeba,RW,11,Nigerian Former Professional,6,"Monaco 1997/98 Champions League semifinalists (v Juventus, 1 Apr 1998)",4-2-3-1,1997-98,Champions League,Juventus,ikpeba_victor,0.75,0.4,2
18,18,france_real_lineups.csv,france_real_lineups,Unknown,Ligue 1,psg_2021_ligue1 vs monaco_1998_ucl_semis,monaco_1998_ucl_semis,Fabien Barthez,GK,16,Spain,6,"Monaco 1997/98 Champions League semifinalists (v Juventus, 1 Apr 1998)",4-2-3-1,1997-98,Champions League,Juventus,barthez_fabien,0.5,0.9,2
18,18,france_real_lineups.csv,france_real_lineups,Unknown,Ligue 1,psg_2021_ligue1 vs monaco_1998_ucl_semis,monaco_1998_ucl_semis,Salif Diawara,CDM,19,Italy,6,"Monaco 1997/98 Champions League semifinalists (v Juventus, 1 Apr 1998)",4-2-3-1,1997-98,Champions League,Juventus,diawara_salif,0.6,0.65,2
18,18,france_real_lineups.csv,france_real_lineups,Unknown,Ligue 1,psg_2021_ligue1 vs monaco_1998_ucl_semis,monaco_1998_ucl_semis,David Trezeguet,ST,20,France,6,"Monaco 1997/98 Champions League semifinalists (v Juventus, 1 Apr 1998)",4-2-3-1,1997-98,Champions League,Juventus,trezeguet_david,0.5,0.25,2
18,18,france_real_lineups.csv,france_real_lineups,Unknown,Ligue 1,psg_2021_ligue1 vs monaco_1998_ucl_semis,monaco_1998_ucl_semis,Christophe Pignol,LB,21,France,6,"Monaco 1997/98 Champions League semifinalists (v Juventus, 1 Apr 1998)",4-2-3-1,1997-98,Champions League,Juventus,pignol_christophe,0.2,0.8,2
18,18,france_real_lineups.csv,france_real_lineups,Unknown,Ligue 1,psg_2021_ligue1 vs monaco_1998_ucl_semis,monaco_1998_ucl_semis,Willy Sagnol,RB,26,France,6,"Monaco 1997/98 Champions League semifinalists (v Juventus, 1 Apr 1998)",4-2-3-1,1997-98,Champions League,Juventus,sagnol_willy,0.8,0.8,2
18,18,france_real_lineups.csv,france_real_lineups,Unknown,Ligue 1,psg_2021_ligue1 vs monaco_1998_ucl_semis,psg_2021_ligue1,Keylor Navas,GK,1,Costa Rican Professional,5,"PSG 2020/21 Ligue 1 (v Montpellier, 22 Jan 2021)",4-2-3-1,2020-21,Ligue 1,Montpellier,navas_keylor,0.5,0.9,2
18,18,france_real_lineups.csv,france_real_lineups,Unknown,Ligue 1,psg_2021_ligue1 vs monaco_1998_ucl_semis,psg_2021_ligue1,Marquinhos,CB,5,Brazilian Professional,5,"PSG 2020/21 Ligue 1 (v Montpellier, 22 Jan 2021)",4-2-3-1,2020-21,Ligue 1,Montpellier,marquinhos,0.6,0.85,2
18,18,france_real_lineups.csv,france_real_lineups,Unknown,Ligue 1,psg_2021_ligue1 vs monaco_1998_ucl_semis,psg_2021_ligue1,Marco Verratti,CDM,6,Italy,5,"PSG 2020/21 Ligue 1 (v Montpellier, 22 Jan 2021)",4-2-3-1,2020-21,Ligue 1,Montpellier,verratti_marco,0.4,0.65,2
18,18,france_real_lineups.csv,france_real_lineups,Unknown,Ligue 1,psg_2021_ligue1 vs monaco_1998_ucl_semis,psg_2021_ligue1,Kylian Mbappé,LW,7,France,5,"PSG 2020/21 Ligue 1 (v Montpellier, 22 Jan 2021)",4-2-3-1,2020-21,Ligue 1,Montpellier,mbappe_kylian,0.25,0.4,2
18,18,france_real_lineups.csv,france_real_lineups,Unknown,Ligue 1,psg_2021_ligue1 vs monaco_1998_ucl_semis,psg_2021_ligue1,Leandro Paredes,CDM,8,France,5,"PSG 2020/21 Ligue 1 (v Montpellier, 22 Jan 2021)",4-2-3-1,2020-21,Ligue 1,Montpellier,paredes_leandro,0.6,0.65,2
18,18,france_real_lineups.csv,france_real_lineups,Unknown,Ligue 1,psg_2021_ligue1 vs monaco_1998_ucl_semis,psg_2021_ligue1,Mauro Icardi,ST,9,Italy,5,"PSG 2020/21 Ligue 1 (v Montpellier, 22 Jan 2021)",4-2-3-1,2020-21,Ligue 1,Montpellier,icardi_mauro,0.5,0.25,2
18,18,france_real_lineups.csv,france_real_lineups,Unknown,Ligue 1,psg_2021_ligue1 vs monaco_1998_ucl_semis,psg_2021_ligue1,Neymar,CAM,10,Brazil,5,"PSG 2020/21 Ligue 1 (v Montpellier, 22 Jan 2021)",4-2-3-1,2020-21,Ligue 1,Montpellier,neymar,0.5,0.45,2
18,18,france_real_lineups.csv,france_real_lineups,Unknown,Ligue 1,psg_2021_ligue1 vs monaco_1998_ucl_semis,psg_2021_ligue1,Ángel Di María,RW,11,Argentina,5,"PSG 2020/21 Ligue 1 (v Montpellier, 22 Jan 2021)",4-2-3-1,2020-21,Ligue 1,Montpellier,di_maria_angel,0.75,0.4,2
18,18,france_real_lineups.csv,france_real_lineups,Unknown,Ligue 1,psg_2021_ligue1 vs monaco_1998_ucl_semis,psg_2021_ligue1,Layvin Kurzawa,LB,20,French Professional,5,"PSG 2020/21 Ligue 1 (v Montpellier, 22 Jan 2021)",4-2-3-1,2020-21,Ligue 1,Montpellier,kurzawa_layvin,0.2,0.8,2
18,18,france_real_lineups.csv,france_real_lineups,Unknown,Ligue 1,psg_2021_ligue1 vs monaco_1998_ucl_semis,psg_2021_ligue1,Abdou Diallo,CB,22,Senegal,5,"PSG 2020/21 Ligue 1 (v Montpellier, 22 Jan 2021)",4-2-3-1,2020-21,Ligue 1,Montpellier,diallo_abdou,0.4,0.85,2
18,18,france_real_lineups.csv,france_real_lineups,Unknown,Ligue 1,psg_2021_ligue1 vs monaco_1998_ucl_semis,psg_2021_ligue1,Alessandro Florenzi,RB,24,Italy,5,"PSG 2020/21 Ligue 1 (v Montpellier, 22 Jan 2021)",4-2-3-1,2020-21,Ligue 1,Montpellier,florenzi_alessandro,0.8,0.8,2
19,19,france_real_lineups.csv,france_real_lineups,Unknown,Champions League,monaco_2004_ucl_final vs monaco_2017_ligue1,monaco_2004_ucl_final,Patrice Evra,LB,3,France,7,Monaco 2003/04 Champions League finalists,4-2-3-1,2003-04,Champions League,FC Porto,evra_patrice,0.2,0.8,3
19,19,france_real_lineups.csv,france_real_lineups,Unknown,Champions League,monaco_2004_ucl_final vs monaco_2017_ligue1,monaco_2004_ucl_final,Hugo Ibarra,RB,4,Argentina,7,Monaco 2003/04 Champions League finalists,4-2-3-1,2003-04,Champions League,FC Porto,ibarra_hugo,0.8,0.8,3
19,19,france_real_lineups.csv,france_real_lineups,Unknown,Champions League,monaco_2004_ucl_final vs monaco_2017_ligue1,monaco_2004_ucl_final,Lucas Bernardi,RW,7,France,7,Monaco 2003/04 Champions League finalists,4-2-3-1,2003-04,Champions League,FC Porto,bernardi_lucas,0.75,0.4,3
19,19,france_real_lineups.csv,france_real_lineups,Unknown,Champions League,monaco_2004_ucl_final vs monaco_2017_ligue1,monaco_2004_ucl_final,Ludovic Giuly,CAM,8,France,7,Monaco 2003/04 Champions League finalists,4-2-3-1,2003-04,Champions League,FC Porto,giuly_ludovic,0.5,0.45,3
19,19,france_real_lineups.csv,france_real_lineups,Unknown,Champions League,monaco_2004_ucl_final vs monaco_2017_ligue1,monaco_2004_ucl_final,Fernando Morientes,ST,10,Spain,7,Monaco 2003/04 Champions League finalists,4-2-3-1,2003-04,Champions League,FC Porto,morientes_fernando,0.5,0.25,3
19,19,france_real_lineups.csv,france_real_lineups,Unknown,Champions League,monaco_2004_ucl_final vs monaco_2017_ligue1,monaco_2004_ucl_final,Édouard Cissé,CDM,14,France,7,Monaco 2003/04 Champions League finalists,4-2-3-1,2003-04,Champions League,FC Porto,cisse_edouard,0.6,0.65,3
19,19,france_real_lineups.csv,france_real_lineups,Unknown,Champions League,monaco_2004_ucl_final vs monaco_2017_ligue1,monaco_2004_ucl_final,Andreas Zikos,CDM,15,Greece,7,Monaco 2003/04 Champions League finalists,4-2-3-1,2003-04,Champions League,FC Porto,zikos_andreas,0.4,0.65,3
19,19,france_real_lineups.csv,france_real_lineups,Unknown,Champions League,monaco_2004_ucl_final vs monaco_2017_ligue1,monaco_2004_ucl_final,Jérôme Rothen,LW,25,France,7,Monaco 2003/04 Champions League finalists,4-2-3-1,2003-04,Champions League,FC Porto,rothen_jerome,0.25,0.4,3
19,19,france_real_lineups.csv,france_real_lineups,Unknown,Champions League,monaco_2004_ucl_final vs monaco_2017_ligue1,monaco_2004_ucl_final,Julien Rodriguez,CB,27,France,7,Monaco 2003/04 Champions League finalists,4-2-3-1,2003-04,Champions League,FC Porto,rodriguez_julien,0.6,0.85,3
19,19,france_real_lineups.csv,france_real_lineups,Unknown,Champions League,monaco_2004_ucl_final vs monaco_2017_ligue1,monaco_2004_ucl_final,Flavio Roma,GK,30,Italy,7,Monaco 2003/04 Champions League finalists,4-2-3-1,2003-04,Champions League,FC Porto,roma_flavio,0.5,0.9,3
19,19,france_real_lineups.csv,france_real_lineups,Unknown,Champions League,monaco_2004_ucl_final vs monaco_2017_ligue1,monaco_2004_ucl_final,Gaël Givet,CB,32,France,7,Monaco 2003/04 Champions League finalists,4-2-3-1,2003-04,Champions League,FC Porto,givet_gael,0.4,0.85,3
19,19,france_real_lineups.csv,france_real_lineups,Unknown,Champions League,monaco_2004_ucl_final vs monaco_2017_ligue1,monaco_2017_ligue1,Danijel Subašić,GK,1,Croatia,8,"Monaco 2016/17 Ligue 1 winners (v Saint-Étienne, 17 May 2017)",4-4-2,2016-17,Ligue 1,Saint-Étienne,subasic_danijel,0.5,0.9,3
19,19,france_real_lineups.csv,france_real_lineups,Unknown,Champions League,monaco_2004_ucl_final vs monaco_2017_ligue1,monaco_2017_ligue1,Fabinho,CM,2,Brazil,8,"Monaco 2016/17 Ligue 1 winners (v Saint-Étienne, 17 May 2017)",4-4-2,2016-17,Ligue 1,Saint-Étienne,fabinho,0.6,0.6,3
19,19,france_real_lineups.csv,france_real_lineups,Unknown,Champions League,monaco_2004_ucl_final vs monaco_2017_ligue1,monaco_2017_ligue1,Jemerson,CB,5,Brazil,8,"Monaco 2016/17 Ligue 1 winners (v Saint-Étienne, 17 May 2017)",4-4-2,2016-17,Ligue 1,Saint-Étienne,jemerson,0.4,0.85,3
19,19,france_real_lineups.csv,france_real_lineups,Unknown,Champions League,monaco_2004_ucl_final vs monaco_2017_ligue1,monaco_2017_ligue1,João Moutinho,CM,8,Portugal,8,"Monaco 2016/17 Ligue 1 winners (v Saint-Étienne, 17 May 2017)",4-4-2,2016-17,Ligue 1,Saint-Étienne,moutinho_joao,0.4,0.6,3
19,19,france_real_lineups.csv,france_real_lineups,Unknown,Champions League,monaco_2004_ucl_final vs monaco_2017_ligue1,monaco_2017_ligue1,Radamel Falcao,ST,9,Colombia,8,"Monaco 2016/17 Ligue 1 winners (v Saint-Étienne, 17 May 2017)",4-4-2,2016-17,Ligue 1,Saint-Étienne,falcao_radamel,0.45,0.25,3
19,19,france_real_lineups.csv,france_real_lineups,Unknown,Champions League,monaco_2004_ucl_final vs monaco_2017_ligue1,monaco_2017_ligue1,Bernardo Silva,RM,10,Portugal,8,"Monaco 2016/17 Ligue 1 winners (v Saint-Étienne, 17 May 2017)",4-4-2,2016-17,Ligue 1,Saint-Étienne,silva_bernardo,0.75,0.55,3
19,19,france_real_lineups.csv,france_real_lineups,Unknown,Champions League,monaco_2004_ucl_final vs monaco_2017_ligue1,monaco_2017_ligue1,Djibril Sidibé,RB,19,Italy,8,"Monaco 2016/17 Ligue 1 winners (v Saint-Étienne, 17 May 2017)",4-4-2,2016-17,Ligue 1,Saint-Étienne,sidibe_djibril,0.8,0.8,3
19,19,france_real_lineups.csv,france_real_lineups,Unknown,Champions League,monaco_2004_ucl_final vs monaco_2017_ligue1,monaco_2017_ligue1,Benjamin Mendy,LB,23,France,8,"Monaco 2016/17 Ligue 1 winners (v Saint-Étienne, 17 May 2017)",4-4-2,2016-17,Ligue 1,Saint-Étienne,mendy_benjamin,0.2,0.8,3
19,19,france_real_lineups.csv,france_real_lineups,Unknown,Champions League,monaco_2004_ucl_final vs monaco_2017_ligue1,monaco_2017_ligue1,Kamil Glik,CB,25,Polish Professional,8,"Monaco 2016/17 Ligue 1 winners (v Saint-Étienne, 17 May 2017)",4-4-2,2016-17,Ligue 1,Saint-Étienne,glik_kamil,0.6,0.85,3
19,19,france_real_lineups.csv,france_real_lineups,Unknown,Champions League,monaco_2004_ucl_final vs monaco_2017_ligue1,monaco_2017_ligue1,Thomas Lemar,LM,27,France,8,"Monaco 2016/17 Ligue 1 winners (v Saint-Étienne, 17 May 2017)",4-4-2,2016-17,Ligue 1,Saint-Étienne,lemar_thomas,0.25,0.55,3
19,19,france_real_lineups.csv,france_real_lineups,Unknown,Champions League,monaco_2004_ucl_final vs monaco_2017_ligue1,monaco_2017_ligue1,Kylian Mbappé,ST,29,France,8,"Monaco 2016/17 Ligue 1 winners (v Saint-Étienne, 17 May 2017)",4-4-2,2016-17,Ligue 1,Saint-Étienne,mbappe_kylian,0.55,0.25,3
20,20,german_teams_lineups.csv,german_teams_lineups,Unknown,Champions League,bayern_2000_01 vs bayern_2012_13_treble,bayern_2000_01,Player1,GK,1,Unknown,1,Bayern Munich 2000/01 UCL Winners,4-4-2,2000-01,Champions League,Valencia,player_1,0.5,0.95,0
20,20,german_teams_lineups.csv,german_teams_lineups,Unknown,Champions League,bayern_2000_01 vs bayern_2012_13_treble,bayern_2000_01,Player2,RB,2,Former Professional,1,Bayern Munich 2000/01 UCL Winners,4-4-2,2000-01,Champions League,Valencia,player_2,0.85,0.8,0
20,20,german_teams_lineups.csv,german_teams_lineups,Unknown,Champions League,bayern_2000_01 vs bayern_2012_13_treble,bayern_2000_01,Player3,CB,3,Former Professional,1,Bayern Munich 2000/01 UCL Winners,4-4-2,2000-01,Champions League,Valencia,player_3,0.65,0.8,0
20,20,german_teams_lineups.csv,german_teams_lineups,Unknown,Champions League,bayern_2000_01 vs bayern_2012_13_treble,bayern_2000_01,Player4,CB,4,Blairgowrie,1,Bayern Munich 2000/01 UCL Winners,4-4-2,2000-01,Champions League,Valencia,player_4,0.35,0.8,0
20,20,german_teams_lineups.csv,german_teams_lineups,Unknown,Champions League,bayern_2000_01 vs bayern_2012_13_treble,bayern_2000_01,Player5,LB,5,Unknown,1,Bayern Munich 2000/01 UCL Winners,4-4-2,2000-01,Champions League,Valencia,player_5,0.15,0.8,0
20,20,german_teams_lineups.csv,german_teams_lineups,Unknown,Champions League,bayern_2000_01 vs bayern_2012_13_treble,bayern_2000_01,Player6,RM,6,Unknown,1,Bayern Munich 2000/01 UCL Winners,4-4-2,2000-01,Champions League,Valencia,player_6,0.85,0.6,0
20,20,german_teams_lineups.csv,german_teams_lineups,Unknown,Champions League,bayern_2000_01 vs bayern_2012_13_treble,bayern_2000_01,Player7,CM,7,Scottish Retired,1,Bayern Munich 2000/01 UCL Winners,4-4-2,2000-01,Champions League,Valencia,player_7,0.6,0.6,0
20,20,german_teams_lineups.csv,german_teams_lineups,Unknown,Champions League,bayern_2000_01 vs bayern_2012_13_treble,bayern_2000_01,Player8,CM,8,Unknown,1,Bayern Munich 2000/01 UCL Winners,4-4-2,2000-01,Champions League,Valencia,player_8,0.4,0.6,0
20,20,german_teams_lineups.csv,german_teams_lineups,Unknown,Champions League,bayern_2000_01 vs bayern_2012_13_treble,bayern_2000_01,Player9,LM,9,Unknown,1,Bayern Munich 2000/01 UCL Winners,4-4-2,2000-01,Champions League,Valencia,player_9,0.15,0.6,0
20,20,german_teams_lineups.csv,german_teams_lineups,Unknown,Champions League,bayern_2000_01 vs bayern_2012_13_treble,bayern_2000_01,Player10,ST,10,Unknown,1,Bayern Munich 2000/01 UCL Winners,4-4-2,2000-01,Champions League,Valencia,player_10,0.65,0.4,0
20,20,german_teams_lineups.csv,german_teams_lineups,Unknown,Champions League,bayern_2000_01 vs bayern_2012_13_treble,bayern_2000_01,Player11,ST,11,Unknown,1,Bayern Munich 2000/01 UCL Winners,4-4-2,2000-01,Champions League,Valencia,player_11,0.35,0.4,0
20,20,german_teams_lineups.csv,german_teams_lineups,Unknown,Champions League,bayern_2000_01 vs bayern_2012_13_treble,bayern_2012_13_treble,Player1,GK,1,Unknown,2,Bayern Munich 2012/13 Treble Winners,4-2-3-1,2012-13,Champions League,Borussia Dortmund,player_1,0.5,0.95,0
20,20,german_teams_lineups.csv,german_teams_lineups,Unknown,Champions League,bayern_2000_01 vs bayern_2012_13_treble,bayern_2012_13_treble,Player2,RB,2,Former Professional,2,Bayern Munich 2012/13 Treble Winners,4-2-3-1,2012-13,Champions League,Borussia Dortmund,player_2,0.85,0.8,0
20,20,german_teams_lineups.csv,german_teams_lineups,Unknown,Champions League,bayern_2000_01 vs bayern_2012_13_treble,bayern_2012_13_treble,Player3,CB,3,Former Professional,2,Bayern Munich 2012/13 Treble Winners,4-2-3-1,2012-13,Champions League,Borussia Dortmund,player_3,0.65,0.8,0
20,20,german_teams_lineups.csv,german_teams_lineups,Unknown,Champions League,bayern_2000_01 vs bayern_2012_13_treble,bayern_2012_13_treble,Player4,CB,4,Blairgowrie,2,Bayern Munich 2012/13 Treble Winners,4-2-3-1,2012-13,Champions League,Borussia Dortmund,player_4,0.35,0.8,0
20,20,german_teams_lineups.csv,german_teams_lineups,Unknown,Champions League,bayern_2000_01 vs bayern_2012_13_treble,bayern_2012_13_treble,Player5,LB,5,Unknown,2,Bayern Munich 2012/13 Treble Winners,4-2-3-1,2012-13,Champions League,Borussia Dortmund,player_5,0.15,0.8,0
20,20,german_teams_lineups.csv,german_teams_lineups,Unknown,Champions League,bayern_2000_01 vs bayern_2012_13_treble,bayern_2012_13_treble,Player6,CM,6,Unknown,2,Bayern Munich 2012/13 Treble Winners,4-2-3-1,2012-13,Champions League,Borussia Dortmund,player_6,0.6,0.65,0
20,20,german_teams_lineups.csv,german_teams_lineups,Unknown,Champions League,bayern_2000_01 vs bayern_2012_13_treble,bayern_2012_13_treble,Player7,CM,7,Scottish Retired,2,Bayern Munich 2012/13 Treble Winners,4-2-3-1,2012-13,Champions League,Borussia Dortmund,player_7,0.4,0.65,0
20,20,german_teams_lineups.csv,german_teams_lineups,Unknown,Champions League,bayern_2000_01 vs bayern_2012_13_treble,bayern_2012_13_treble,Player8,RW,8,Unknown,2,Bayern Munich 2012/13 Treble Winners,4-2-3-1,2012-13,Champions League,Borussia Dortmund,player_8,0.85,0.5,0
20,20,german_teams_lineups.csv,german_teams_lineups,Unknown,Champions League,bayern_2000_01 vs bayern_2012_13_treble,bayern_2012_13_treble,Player9,CAM,9,Unknown,2,Bayern Munich 2012/13 Treble Winners,4-2-3-1,2012-13,Champions League,Borussia Dortmund,player_9,0.5,0.5,0
20,20,german_teams_lineups.csv,german_teams_lineups,Unknown,Champions League,bayern_2000_01 vs bayern_2012_13_treble,bayern_2012_13_treble,Player10,LW,10,Unknown,2,Bayern Munich 2012/13 Treble Winners,4-2-3-1,2012-13,Champions League,Borussia Dortmund,player_10,0.15,0.5,0
20,20,german_teams_lineups.csv,german_teams_lineups,Unknown,Champions League,bayern_2000_01 vs bayern_2012_13_treble,bayern_2012_13_treble,Player11,ST,11,Unknown,2,Bayern Munich 2012/13 Treble Winners,4-2-3-1,2012-13,Champions League,Borussia Dortmund,player_11,0.5,0.3,0
21,21,german_teams_lineups.csv,german_teams_lineups,Unknown,Champions League,bayern_2019_20_treble vs dortmund_1996_97,bayern_2019_20_treble,Player1,GK,1,Unknown,3,Bayern Munich 2019/20 Treble Winners,4-2-3-1,2019-20,Champions League,PSG,player_1,0.5,0.95,1
21,21,german_teams_lineups.csv,german_teams_lineups,Unknown,Champions League,bayern_2019_20_treble vs dortmund_1996_97,bayern_2019_20_treble,Player2,RB,2,Former Professional,3,Bayern Munich 2019/20 Treble Winners,4-2-3-1,2019-20,Champions League,PSG,player_2,0.85,0.8,1
21,21,german_teams_lineups.csv,german_teams_lineups,Unknown,Champions League,bayern_2019_20_treble vs dortmund_1996_97,bayern_2019_20_treble,Player3,CB,3,Former Professional,3,Bayern Munich 2019/20 Treble Winners,4-2-3-1,2019-20,Champions League,PSG,player_3,0.65,0.8,1
21,21,german_teams_lineups.csv,german_teams_lineups,Unknown,Champions League,bayern_2019_20_treble vs dortmund_1996_97,bayern_2019_20_treble,Player4,CB,4,Blairgowrie,3,Bayern Munich 2019/20 Treble Winners,4-2-3-1,2019-20,Champions League,PSG,player_4,0.35,0.8,1
21,21,german_teams_lineups.csv,german_teams_lineups,Unknown,Champions League,bayern_2019_20_treble vs dortmund_1996_97,bayern_2019_20_treble,Player5,LB,5,Unknown,3,Bayern Munich 2019/20 Treble Winners,4-2-3-1,2019-20,Champions League,PSG,player_5,0.15,0.8,1
21,21,german_teams_lineups.csv,german_teams_lineups,Unknown,Champions League,bayern_2019_20_treble vs dortmund_1996_97,bayern_2019_20_treble,Player6,CM,6,Unknown,3,Bayern Munich 2019/20 Treble Winners,4-2-3-1,2019-20,Champions League,PSG,player_6,0.6,0.65,1
21,21,german_teams_lineups.csv,german_teams_lineups,Unknown,Champions League,bayern_2019_20_treble vs dortmund_1996_97,bayern_2019_20_treble,Player7,CM,7,Scottish Retired,3,Bayern Munich 2019/20 Treble Winners,4-2-3-1,2019-20,Champions League,PSG,player_7,0.4,0.65,1
21,21,german_teams_lineups.csv,german_teams_lineups,Unknown,Champions League,bayern_2019_20_treble vs dortmund_1996_97,bayern_2019_20_treble,Player8,RW,8,Unknown,3,Bayern Munich 2019/20 Treble Winners,4-2-3-1,2019-20,Champions League,PSG,player_8,0.85,0.5,1
21,21,german_teams_lineups.csv,german_teams_lineups,Unknown,Champions League,bayern_2019_20_treble vs dortmund_1996_97,bayern_2019_20_treble,Player9,CAM,9,Unknown,3,Bayern Munich 2019/20 Treble Winners,4-2-3-1,2019-20,Champions League,PSG,player_9,0.5,0.5,1
21,21,german_teams_lineups.csv,german_teams_lineups,Unknown,Champions League,bayern_2019_20_treble vs dortmund_1996_97,bayern_2019_20_treble,Player10,LW,10,Unknown,3,Bayern Munich 2019/20 Treble Winners,4-2-3-1,2019-20,Champions League,PSG,player_10,0.15,0.5,1
21,21,german_teams_lineups.csv,german_teams_lineups,Unknown,Champions League,bayern_2019_20_treble vs dortmund_1996_97,bayern_2019_20_treble,Player11,ST,11,Unknown,3,Bayern Munich 2019/20 Treble Winners,4-2-3-1,2019-20,Champions League,PSG,player_11,0.5,0.3,1
21,21,german_teams_lineups.csv,german_teams_lineups,Unknown,Champions League,bayern_2019_20_treble vs dortmund_1996_97,dortmund_1996_97,Player1,GK,1,Unknown,4,Borussia Dortmund 1996/97 UCL Winners,3-5-2,1996-97,Champions League,Juventus,player_1,0.5,0.95,1
21,21,german_teams_lineups.csv,german_teams_lineups,Unknown,Champions League,bayern_2019_20_treble vs dortmund_1996_97,dortmund_1996_97,Player2,CB,2,Former Professional,4,Borussia Dortmund 1996/97 UCL Winners,3-5-2,1996-97,Champions League,Juventus,player_2,0.75,0.8,1
21,21,german_teams_lineups.csv,german_teams_lineups,Unknown,Champions League,bayern_2019_20_treble vs dortmund_1996_97,dortmund_1996_97,Player3,CB,3,Former Professional,4,Borussia Dortmund 1996/97 UCL Winners,3-5-2,1996-97,Champions League,Juventus,player_3,0.5,0.8,1
21,21,german_teams_lineups.csv,german_teams_lineups,Unknown,Champions League,bayern_2019_20_treble vs dortmund_1996_97,dortmund_1996_97,Player4,CB,4,Blairgowrie,4,Borussia Dortmund 1996/97 UCL Winners,3-5-2,1996-97,Champions League,Juventus,player_4,0.25,0.8,1
21,21,german_teams_lineups.csv,german_teams_lineups,Unknown,Champions League,bayern_2019_20_treble vs dortmund_1996_97,dortmund_1996_97,Player5,RM,5,Unknown,4,Borussia Dortmund 1996/97 UCL Winners,3-5-2,1996-97,Champions League,Juventus,player_5,0.9,0.6,1
21,21,german_teams_lineups.csv,german_teams_lineups,Unknown,Champions League,bayern_2019_20_treble vs dortmund_1996_97,dortmund_1996_97,Player6,CM,6,Unknown,4,Borussia Dortmund 1996/97 UCL Winners,3-5-2,1996-97,Champions League,Juventus,player_6,0.7,0.6,1
21,21,german_teams_lineups.csv,german_teams_lineups,Unknown,Champions League,bayern_2019_20_treble vs dortmund_1996_97,dortmund_1996_97,Player7,CM,7,Scottish Retired,4,Borussia Dortmund 1996/97 UCL Winners,3-5-2,1996-97,Champions League,Juventus,player_7,0.5,0.6,1
21,21,german_teams_lineups.csv,german_teams_lineups,Unknown,Champions League,bayern_2019_20_treble vs dortmund_1996_97,dortmund_1996_97,Player8,CM,8,Unknown,4,Borussia Dortmund 1996/97 UCL Winners,3-5-2,1996-97,Champions League,Juventus,player_8,0.3,0.6,1
21,21,german_teams_lineups.csv,german_teams_lineups,Unknown,Champions League,bayern_2019_20_treble vs dortmund_1996_97,dortmund_1996_97,Player9,LM,9,Unknown,4,Borussia Dortmund 1996/97 UCL Winners,3-5-2,1996-97,Champions League,Juventus,player_9,0.1,0.6,1
21,21,german_teams_lineups.csv,german_teams_lineups,Unknown,Champions League,bayern_2019_20_treble vs dortmund_1996_97,dortmund_1996_97,Player10,ST,10,Unknown,4,Borussia Dortmund 1996/97 UCL Winners,3-5-2,1996-97,Champions League,Juventus,player_10,0.65,0.3,1
21,21,german_teams_lineups.csv,german_teams_lineups,Unknown,Champions League,bayern_2019_20_treble vs dortmund_1996_97,dortmund_1996_97,Player11,ST,11,Unknown,4,Borussia Dortmund 1996/97 UCL Winners,3-5-2,1996-97,Champions League,Juventus,player_11,0.35,0.3,1
22,22,german_teams_lineups.csv,german_teams_lineups,Unknown,Bundesliga,dortmund_2010_11 vs dortmund_2012_13,dortmund_2010_11,Player1,GK,1,Unknown,5,Borussia Dortmund 2010/11 Bundesliga Champions,4-2-3-1,2010-11,Bundesliga,RandomOpponent,player_1,0.5,0.95,2
22,22,german_teams_lineups.csv,german_teams_lineups,Unknown,Bundesliga,dortmund_2010_11 vs dortmund_2012_13,dortmund_2010_11,Player2,RB,2,Former Professional,5,Borussia Dortmund 2010/11 Bundesliga Champions,4-2-3-1,2010-11,Bundesliga,RandomOpponent,player_2,0.85,0.8,2
22,22,german_teams_lineups.csv,german_teams_lineups,Unknown,Bundesliga,dortmund_2010_11 vs dortmund_2012_13,dortmund_2010_11,Player3,CB,3,Former Professional,5,Borussia Dortmund 2010/11 Bundesliga Champions,4-2-3-1,2010-11,Bundesliga,RandomOpponent,player_3,0.65,0.8,2
22,22,german_teams_lineups.csv,german_teams_lineups,Unknown,Bundesliga,dortmund_2010_11 vs dortmund_2012_13,dortmund_2010_11,Player4,CB,4,Blairgowrie,5,Borussia Dortmund 2010/11 Bundesliga Champions,4-2-3-1,2010-11,Bundesliga,RandomOpponent,player_4,0.35,0.8,2
22,22,german_teams_lineups.csv,german_teams_lineups,Unknown,Bundesliga,dortmund_2010_11 vs dortmund_2012_13,dortmund_2010_11,Player5,LB,5,Unknown,5,Borussia Dortmund 2010/11 Bundesliga Champions,4-2-3-1,2010-11,Bundesliga,RandomOpponent,player_5,0.15,0.8,2
22,22,german_teams_lineups.csv,german_teams_lineups,Unknown,Bundesliga,dortmund_2010_11 vs dortmund_2012_13,dortmund_2010_11,Player6,CM,6,Unknown,5,Borussia Dortmund 2010/11 Bundesliga Champions,4-2-3-1,2010-11,Bundesliga,RandomOpponent,player_6,0.6,0.65,2
22,22,german_teams_lineups.csv,german_teams_lineups,Unknown,Bundesliga,dortmund_2010_11 vs dortmund_2012_13,dortmund_2010_11,Player7,CM,7,Scottish Retired,5,Borussia Dortmund 2010/11 Bundesliga Champions,4-2-3-1,2010-11,Bundesliga,RandomOpponent,player_7,0.4,0.65,2
22,22,german_teams_lineups.csv,german_teams_lineups,Unknown,Bundesliga,dortmund_2010_11 vs dortmund_2012_13,dortmund_2010_11,Player8,RW,8,Unknown,5,Borussia Dortmund 2010/11 Bundesliga Champions,4-2-3-1,2010-11,Bundesliga,RandomOpponent,player_8,0.85,0.5,2
22,22,german_teams_lineups.csv,german_teams_lineups,Unknown,Bundesliga,dortmund_2010_11 vs dortmund_2012_13,dortmund_2010_11,Player9,CAM,9,Unknown,5,Borussia Dortmund 2010/11 Bundesliga Champions,4-2-3-1,2010-11,Bundesliga,RandomOpponent,player_9,0.5,0.5,2
22,22,german_teams_lineups.csv,german_teams_lineups,Unknown,Bundesliga,dortmund_2010_11 vs dortmund_2012_13,dortmund_2010_11,Player10,LW,10,Unknown,5,Borussia Dortmund 2010/11 Bundesliga Champions,4-2-3-1,2010-11,Bundesliga,RandomOpponent,player_10,0.15,0.5,2
22,22,german_teams_lineups.csv,german_teams_lineups,Unknown,Bundesliga,dortmund_2010_11 vs dortmund_2012_13,dortmund_2010_11,Player11,ST,11,Unknown,5,Borussia Dortmund 2010/11 Bundesliga Champions,4-2-3-1,2010-11,Bundesliga,RandomOpponent,player_11,0.5,0.3,2
22,22,german_teams_lineups.csv,german_teams_lineups,Unknown,Bundesliga,dortmund_2010_11 vs dortmund_2012_13,dortmund_2012_13,Player1,GK,1,Unknown,6,Borussia Dortmund 2012/13 UCL Finalists,4-2-3-1,2012-13,Champions League,Bayern Munich,player_1,0.5,0.95,2
22,22,german_teams_lineups.csv,german_teams_lineups,Unknown,Bundesliga,dortmund_2010_11 vs dortmund_2012_13,dortmund_2012_13,Player2,RB,2,Former Professional,6,Borussia Dortmund 2012/13 UCL Finalists,4-2-3-1,2012-13,Champions League,Bayern Munich,player_2,0.85,0.8,2
22,22,german_teams_lineups.csv,german_teams_lineups,Unknown,Bundesliga,dortmund_2010_11 vs dortmund_2012_13,dortmund_2012_13,Player3,CB,3,Former Professional,6,Borussia Dortmund 2012/13 UCL Finalists,4-2-3-1,2012-13,Champions League,Bayern Munich,player_3,0.65,0.8,2
22,22,german_teams_lineups.csv,german_teams_lineups,Unknown,Bundesliga,dortmund_2010_11 vs dortmund_2012_13,dortmund_2012_13,Player4,CB,4,Blairgowrie,6,Borussia Dortmund 2012/13 UCL Finalists,4-2-3-1,2012-13,Champions League,Bayern Munich,player_4,0.35,0.8,2
22,22,german_teams_lineups.csv,german_teams_lineups,Unknown,Bundesliga,dortmund_2010_11 vs dortmund_2012_13,dortmund_2012_13,Player5,LB,5,Unknown,6,Borussia Dortmund 2012/13 UCL Finalists,4-2-3-1,2012-13,Champions League,Bayern Munich,player_5,0.15,0.8,2
22,22,german_teams_lineups.csv,german_teams_lineups,Unknown,Bundesliga,dortmund_2010_11 vs dortmund_2012_13,dortmund_2012_13,Player6,CM,6,Unknown,6,Borussia Dortmund 2012/13 UCL Finalists,4-2-3-1,2012-13,Champions League,Bayern Munich,player_6,0.6,0.65,2
22,22,german_teams_lineups.csv,german_teams_lineups,Unknown,Bundesliga,dortmund_2010_11 vs dortmund_2012_13,dortmund_2012_13,Player7,CM,7,Scottish Retired,6,Borussia Dortmund 2012/13 UCL Finalists,4-2-3-1,2012-13,Champions League,Bayern Munich,player_7,0.4,0.65,2
22,22,german_teams_lineups.csv,german_teams_lineups,Unknown,Bundesliga,dortmund_2010_11 vs dortmund_2012_13,dortmund_2012_13,Player8,RW,8,Unknown,6,Borussia Dortmund 2012/13 UCL Finalists,4-2-3-1,2012-13,Champions League,Bayern Munich,player_8,0.85,0.5,2
22,22,german_teams_lineups.csv,german_teams_lineups,Unknown,Bundesliga,dortmund_2010_11 vs dortmund_2012_13,dortmund_2012_13,Player9,CAM,9,Unknown,6,Borussia Dortmund 2012/13 UCL Finalists,4-2-3-1,2012-13,Champions League,Bayern Munich,player_9,0.5,0.5,2
22,22,german_teams_lineups.csv,german_teams_lineups,Unknown,Bundesliga,dortmund_2010_11 vs dortmund_2012_13,dortmund_2012_13,Player10,LW,10,Unknown,6,Borussia Dortmund 2012/13 UCL Finalists,4-2-3-1,2012-13,Champions League,Bayern Munich,player_10,0.15,0.5,2
22,22,german_teams_lineups.csv,german_teams_lineups,Unknown,Bundesliga,dortmund_2010_11 vs dortmund_2012_13,dortmund_2012_13,Player11,ST,11,Unknown,6,Borussia Dortmund 2012/13 UCL Finalists,4-2-3-1,2012-13,Champions League,Bayern Munich,player_11,0.5,0.3,2
23,23,german_teams_lineups.csv,german_teams_lineups,Unknown,Champions League,leverkusen_2001_02 vs schalke_1996_97,leverkusen_2001_02,Player1,GK,1,Unknown,7,Bayer Leverkusen 2001/02 UCL Finalists,4-4-2,2001-02,Champions League,Real Madrid,player_1,0.5,0.95,3
23,23,german_teams_lineups.csv,german_teams_lineups,Unknown,Champions League,leverkusen_2001_02 vs schalke_1996_97,leverkusen_2001_02,Player2,RB,2,Former Professional,7,Bayer Leverkusen 2001/02 UCL Finalists,4-4-2,2001-02,Champions League,Real Madrid,player_2,0.85,0.8,3
23,23,german_teams_lineups.csv,german_teams_lineups,Unknown,Champions League,leverkusen_2001_02 vs schalke_1996_97,leverkusen_2001_02,Player3,CB,3,Former Professional,7,Bayer Leverkusen 2001/02 UCL Finalists,4-4-2,2001-02,Champions League,Real Madrid,player_3,0.65,0.8,3
23,23,german_teams_lineups.csv,german_teams_lineups,Unknown,Champions League,leverkusen_2001_02 vs schalke_1996_97,leverkusen_2001_02,Player4,CB,4,Blairgowrie,7,Bayer Leverkusen 2001/02 UCL Finalists,4-4-2,2001-02,Champions League,Real Madrid,player_4,0.35,0.8,3
23,23,german_teams_lineups.csv,german_teams_lineups,Unknown,Champions League,leverkusen_2001_02 vs schalke_1996_97,leverkusen_2001_02,Player5,LB,5,Unknown,7,Bayer Leverkusen 2001/02 UCL Finalists,4-4-2,2001-02,Champions League,Real Madrid,player_5,0.15,0.8,3
23,23,german_teams_lineups.csv,german_teams_lineups,Unknown,Champions League,leverkusen_2001_02 vs schalke_1996_97,leverkusen_2001_02,Player6,RM,6,Unknown,7,Bayer Leverkusen 2001/02 UCL Finalists,4-4-2,2001-02,Champions League,Real Madrid,player_6,0.85,0.6,3
23,23,german_teams_lineups.csv,german_teams_lineups,Unknown,Champions League,leverkusen_2001_02 vs schalke_1996_97,leverkusen_2001_02,Player7,CM,7,Scottish Retired,7,Bayer Leverkusen 2001/02 UCL Finalists,4-4-2,2001-02,Champions League,Real Madrid,player_7,0.6,0.6,3
23,23,german_teams_lineups.csv,german_teams_lineups,Unknown,Champions League,leverkusen_2001_02 vs schalke_1996_97,leverkusen_2001_02,Player8,CM,8,Unknown,7,Bayer Leverkusen 2001/02 UCL Finalists,4-4-2,2001-02,Champions League,Real Madrid,player_8,0.4,0.6,3
23,23,german_teams_lineups.csv,german_teams_lineups,Unknown,Champions League,leverkusen_2001_02 vs schalke_1996_97,leverkusen_2001_02,Player9,LM,9,Unknown,7,Bayer Leverkusen 2001/02 UCL Finalists,4-4-2,2001-02,Champions League,Real Madrid,player_9,0.15,0.6,3
23,23,german_teams_lineups.csv,german_teams_lineups,Unknown,Champions League,leverkusen_2001_02 vs schalke_1996_97,leverkusen_2001_02,Player10,ST,10,Unknown,7,Bayer Leverkusen 2001/02 UCL Finalists,4-4-2,2001-02,Champions League,Real Madrid,player_10,0.65,0.4,3
23,23,german_teams_lineups.csv,german_teams_lineups,Unknown,Champions League,leverkusen_2001_02 vs schalke_1996_97,leverkusen_2001_02,Player11,ST,11,Unknown,7,Bayer Leverkusen 2001/02 UCL Finalists,4-4-2,2001-02,Champions League,Real Madrid,player_11,0.35,0.4,3
23,23,german_teams_lineups.csv,german_teams_lineups,Unknown,Champions League,leverkusen_2001_02 vs schalke_1996_97,schalke_1996_97,Player1,GK,1,Unknown,8,Schalke 1996/97 UEFA Cup Winners,4-4-2,1996-97,UEFA Cup,Inter Milan,player_1,0.5,0.95,3
23,23,german_teams_lineups.csv,german_teams_lineups,Unknown,Champions League,leverkusen_2001_02 vs schalke_1996_97,schalke_1996_97,Player2,RB,2,Former Professional,8,Schalke 1996/97 UEFA Cup Winners,4-4-2,1996-97,UEFA Cup,Inter Milan,player_2,0.85,0.8,3
23,23,german_teams_lineups.csv,german_teams_lineups,Unknown,Champions League,leverkusen_2001_02 vs schalke_1996_97,schalke_1996_97,Player3,CB,3,Former Professional,8,Schalke 1996/97 UEFA Cup Winners,4-4-2,1996-97,UEFA Cup,Inter Milan,player_3,0.65,0.8,3
23,23,german_teams_lineups.csv,german_teams_lineups,Unknown,Champions League,leverkusen_2001_02 vs schalke_1996_97,schalke_1996_97,Player4,CB,4,Blairgowrie,8,Schalke 1996/97 UEFA Cup Winners,4-4-2,1996-97,UEFA Cup,Inter Milan,player_4,0.35,0.8,3
23,23,german_teams_lineups.csv,german_teams_lineups,Unknown,Champions League,leverkusen_2001_02 vs schalke_1996_97,schalke_1996_97,Player5,LB,5,Unknown,8,Schalke 1996/97 UEFA Cup Winners,4-4-2,1996-97,UEFA Cup,Inter Milan,player_5,0.15,0.8,3
23,23,german_teams_lineups.csv,german_teams_lineups,Unknown,Champions League,leverkusen_2001_02 vs schalke_1996_97,schalke_1996_97,Player6,RM,6,Unknown,8,Schalke 1996/97 UEFA Cup Winners,4-4-2,1996-97,UEFA Cup,Inter Milan,player_6,0.85,0.6,3
23,23,german_teams_lineups.csv,german_teams_lineups,Unknown,Champions League,leverkusen_2001_02 vs schalke_1996_97,schalke_1996_97,Player7,CM,7,Scottish Retired,8,Schalke 1996/97 UEFA Cup Winners,4-4-2,1996-97,UEFA Cup,Inter Milan,player_7,0.6,0.6,3
23,23,german_teams_lineups.csv,german_teams_lineups,Unknown,Champions League,leverkusen_2001_02 vs schalke_1996_97,schalke_1996_97,Player8,CM,8,Unknown,8,Schalke 1996/97 UEFA Cup Winners,4-4-2,1996-97,UEFA Cup,Inter Milan,player_8,0.4,0.6,3
23,23,german_teams_lineups.csv,german_teams_lineups,Unknown,Champions League,leverkusen_2001_02 vs schalke_1996_97,schalke_1996_97,Player9,LM,9,Unknown,8,Schalke 1996/97 UEFA Cup Winners,4-4-2,1996-97,UEFA Cup,Inter Milan,player_9,0.15,0.6,3
23,23,german_teams_lineups.csv,german_teams_lineups,Unknown,Champions League,leverkusen_2001_02 vs schalke_1996_97,schalke_1996_97,Player10,ST,10,Unknown,8,Schalke 1996/97 UEFA Cup Winners,4-4-2,1996-97,UEFA Cup,Inter Milan,player_10,0.65,0.4,3
23,23,german_teams_lineups.csv,german_teams_lineups,Unknown,Champions League,leverkusen_2001_02 vs schalke_1996_97,schalke_1996_97,Player11,ST,11,Unknown,8,Schalke 1996/97 UEFA Cup Winners,4-4-2,1996-97,UEFA Cup,Inter Milan,player_11,0.35,0.4,3
24,24,german_teams_lineups.csv,german_teams_lineups,Unknown,Bundesliga,werder_2003_04 vs stuttgart_2006_07,stuttgart_2006_07,Player1,GK,1,Unknown,10,Stuttgart 2006/07 Bundesliga Champions,4-4-2,2006-07,Bundesliga,RandomOpponent,player_1,0.5,0.95,4
24,24,german_teams_lineups.csv,german_teams_lineups,Unknown,Bundesliga,werder_2003_04 vs stuttgart_2006_07,stuttgart_2006_07,Player2,RB,2,Former Professional,10,Stuttgart 2006/07 Bundesliga Champions,4-4-2,2006-07,Bundesliga,RandomOpponent,player_2,0.85,0.8,4
24,24,german_teams_lineups.csv,german_teams_lineups,Unknown,Bundesliga,werder_2003_04 vs stuttgart_2006_07,stuttgart_2006_07,Player3,CB,3,Former Professional,10,Stuttgart 2006/07 Bundesliga Champions,4-4-2,2006-07,Bundesliga,RandomOpponent,player_3,0.65,0.8,4
24,24,german_teams_lineups.csv,german_teams_lineups,Unknown,Bundesliga,werder_2003_04 vs stuttgart_2006_07,stuttgart_2006_07,Player4,CB,4,Blairgowrie,10,Stuttgart 2006/07 Bundesliga Champions,4-4-2,2006-07,Bundesliga,RandomOpponent,player_4,0.35,0.8,4
24,24,german_teams_lineups.csv,german_teams_lineups,Unknown,Bundesliga,werder_2003_04 vs stuttgart_2006_07,stuttgart_2006_07,Player5,LB,5,Unknown,10,Stuttgart 2006/07 Bundesliga Champions,4-4-2,2006-07,Bundesliga,RandomOpponent,player_5,0.15,0.8,4
24,24,german_teams_lineups.csv,german_teams_lineups,Unknown,Bundesliga,werder_2003_04 vs stuttgart_2006_07,stuttgart_2006_07,Player6,RM,6,Unknown,10,Stuttgart 2006/07 Bundesliga Champions,4-4-2,2006-07,Bundesliga,RandomOpponent,player_6,0.85,0.6,4
24,24,german_teams_lineups.csv,german_teams_lineups,Unknown,Bundesliga,werder_2003_04 vs stuttgart_2006_07,stuttgart_2006_07,Player7,CM,7,Scottish Retired,10,Stuttgart 2006/07 Bundesliga Champions,4-4-2,2006-07,Bundesliga,RandomOpponent,player_7,0.6,0.6,4
24,24,german_teams_lineups.csv,german_teams_lineups,Unknown,Bundesliga,werder_2003_04 vs stuttgart_2006_07,stuttgart_2006_07,Player8,CM,8,Unknown,10,Stuttgart 2006/07 Bundesliga Champions,4-4-2,2006-07,Bundesliga,RandomOpponent,player_8,0.4,0.6,4
24,24,german_teams_lineups.csv,german_teams_lineups,Unknown,Bundesliga,werder_2003_04 vs stuttgart_2006_07,stuttgart_2006_07,Player9,LM,9,Unknown,10,Stuttgart 2006/07 Bundesliga Champions,4-4-2,2006-07,Bundesliga,RandomOpponent,player_9,0.15,0.6,4
24,24,german_teams_lineups.csv,german_teams_lineups,Unknown,Bundesliga,werder_2003_04 vs stuttgart_2006_07,stuttgart_2006_07,Player10,ST,10,Unknown,10,Stuttgart 2006/07 Bundesliga Champions,4-4-2,2006-07,Bundesliga,RandomOpponent,player_10,0.65,0.4,4
24,24,german_teams_lineups.csv,german_teams_lineups,Unknown,Bundesliga,werder_2003_04 vs stuttgart_2006_07,stuttgart_2006_07,Player11,ST,11,Unknown,10,Stuttgart 2006/07 Bundesliga Champions,4-4-2,2006-07,Bundesliga,RandomOpponent,player_11,0.35,0.4,4
24,24,german_teams_lineups.csv,german_teams_lineups,Unknown,Bundesliga,werder_2003_04 vs stuttgart_2006_07,werder_2003_04,Player1,GK,1,Unknown,9,Werder Bremen 2003/04 Bundesliga Champions,4-4-2,2003-04,Bundesliga,RandomOpponent,player_1,0.5,0.95,4
24,24,german_teams_lineups.csv,german_teams_lineups,Unknown,Bundesliga,werder_2003_04 vs stuttgart_2006_07,werder_2003_04,Player2,RB,2,Former Professional,9,Werder Bremen 2003/04 Bundesliga Champions,4-4-2,2003-04,Bundesliga,RandomOpponent,player_2,0.85,0.8,4
24,24,german_teams_lineups.csv,german_teams_lineups,Unknown,Bundesliga,werder_2003_04 vs stuttgart_2006_07,werder_2003_04,Player3,CB,3,Former Professional,9,Werder Bremen 2003/04 Bundesliga Champions,4-4-2,2003-04,Bundesliga,RandomOpponent,player_3,0.65,0.8,4
24,24,german_teams_lineups.csv,german_teams_lineups,Unknown,Bundesliga,werder_2003_04 vs stuttgart_2006_07,werder_2003_04,Player4,CB,4,Blairgowrie,9,Werder Bremen 2003/04 Bundesliga Champions,4-4-2,2003-04,Bundesliga,RandomOpponent,player_4,0.35,0.8,4
24,24,german_teams_lineups.csv,german_teams_lineups,Unknown,Bundesliga,werder_2003_04 vs stuttgart_2006_07,werder_2003_04,Player5,LB,5,Unknown,9,Werder Bremen 2003/04 Bundesliga Champions,4-4-2,2003-04,Bundesliga,RandomOpponent,player_5,0.15,0.8,4
24,24,german_teams_lineups.csv,german_teams_lineups,Unknown,Bundesliga,werder_2003_04 vs stuttgart_2006_07,werder_2003_04,Player6,RM,6,Unknown,9,Werder Bremen 2003/04 Bundesliga Champions,4-4-2,2003-04,Bundesliga,RandomOpponent,player_6,0.85,0.6,4
24,24,german_teams_lineups.csv,german_teams_lineups,Unknown,Bundesliga,werder_2003_04 vs stuttgart_2006_07,werder_2003_04,Player7,CM,7,Scottish Retired,9,Werder Bremen 2003/04 Bundesliga Champions,4-4-2,2003-04,Bundesliga,RandomOpponent,player_7,0.6,0.6,4
24,24,german_teams_lineups.csv,german_teams_lineups,Unknown,Bundesliga,werder_2003_04 vs stuttgart_2006_07,werder_2003_04,Player8,CM,8,Unknown,9,Werder Bremen 2003/04 Bundesliga Champions,4-4-2,2003-04,Bundesliga,RandomOpponent,player_8,0.4,0.6,4
24,24,german_teams_lineups.csv,german_teams_lineups,Unknown,Bundesliga,werder_2003_04 vs stuttgart_2006_07,werder_2003_04,Player9,LM,9,Unknown,9,Werder Bremen 2003/04 Bundesliga Champions,4-4-2,2003-04,Bundesliga,RandomOpponent,player_9,0.15,0.6,4
24,24,german_teams_lineups.csv,german_teams_lineups,Unknown,Bundesliga,werder_2003_04 vs stuttgart_2006_07,werder_2003_04,Player10,ST,10,Unknown,9,Werder Bremen 2003/04 Bundesliga Champions,4-4-2,2003-04,Bundesliga,RandomOpponent,player_10,0.65,0.4,4
24,24,german_teams_lineups.csv,german_teams_lineups,Unknown,Bundesliga,werder_2003_04 vs stuttgart_2006_07,werder_2003_04,Player11,ST,11,Unknown,9,Werder Bremen 2003/04 Bundesliga Champions,4-4-2,2003-04,Bundesliga,RandomOpponent,player_11,0.35,0.4,4
25,25,missing_xi_extra.csv,missing_xi_extra,Unknown,Süper Lig,galatasaray_1999_00_uefa_winners vs fenerbahce_2007_08_ucl_qf,fenerbahce_2007_08_ucl_qf,Volkan Demirel,GK,1,Turkey,502,Fenerbahçe – 2007/08 Champions League quarterfinalists,4-2-3-1,2007-08,Süper Lig,Galatasaray,demirel_volkan,0.5,0.95,0
25,25,missing_xi_extra.csv,missing_xi_extra,Unknown,Süper Lig,galatasaray_1999_00_uefa_winners vs fenerbahce_2007_08_ucl_qf,fenerbahce_2007_08_ucl_qf,Diego Lugano,RCB,2,Uruguay,502,Fenerbahçe – 2007/08 Champions League quarterfinalists,4-2-3-1,2007-08,Süper Lig,Galatasaray,lugano_diego,0.65,0.85,0
25,25,missing_xi_extra.csv,missing_xi_extra,Unknown,Süper Lig,galatasaray_1999_00_uefa_winners vs fenerbahce_2007_08_ucl_qf,fenerbahce_2007_08_ucl_qf,Roberto Carlos,LB,3,Brazil,502,Fenerbahçe – 2007/08 Champions League quarterfinalists,4-2-3-1,2007-08,Süper Lig,Galatasaray,roberto_carlos,0.18,0.8,0
25,25,missing_xi_extra.csv,missing_xi_extra,Unknown,Süper Lig,galatasaray_1999_00_uefa_winners vs fenerbahce_2007_08_ucl_qf,fenerbahce_2007_08_ucl_qf,Mehmet Aurelio,RDM,5,Turkey,502,Fenerbahçe – 2007/08 Champions League quarterfinalists,4-2-3-1,2007-08,Süper Lig,Galatasaray,aurelio_mehmet,0.6,0.68,0
25,25,missing_xi_extra.csv,missing_xi_extra,Unknown,Süper Lig,galatasaray_1999_00_uefa_winners vs fenerbahce_2007_08_ucl_qf,fenerbahce_2007_08_ucl_qf,Uğur Boral,LAM,8,Turkey,502,Fenerbahçe – 2007/08 Champions League quarterfinalists,4-2-3-1,2007-08,Süper Lig,Galatasaray,boral_ugur,0.22,0.45,0
25,25,missing_xi_extra.csv,missing_xi_extra,Unknown,Süper Lig,galatasaray_1999_00_uefa_winners vs fenerbahce_2007_08_ucl_qf,fenerbahce_2007_08_ucl_qf,Mateja Kežman,ST,9,Serbia,502,Fenerbahçe – 2007/08 Champions League quarterfinalists,4-2-3-1,2007-08,Süper Lig,Galatasaray,kezman_mateja,0.5,0.18,0
25,25,missing_xi_extra.csv,missing_xi_extra,Unknown,Süper Lig,galatasaray_1999_00_uefa_winners vs fenerbahce_2007_08_ucl_qf,fenerbahce_2007_08_ucl_qf,Alex de Souza,CAM,10,Brazil,502,Fenerbahçe – 2007/08 Champions League quarterfinalists,4-2-3-1,2007-08,Süper Lig,Galatasaray,alex_de_souza,0.5,0.42,0
25,25,missing_xi_extra.csv,missing_xi_extra,Unknown,Süper Lig,galatasaray_1999_00_uefa_winners vs fenerbahce_2007_08_ucl_qf,fenerbahce_2007_08_ucl_qf,Colin Kazım-Richards,RAM,15,Turkey,502,Fenerbahçe – 2007/08 Champions League quarterfinalists,4-2-3-1,2007-08,Süper Lig,Galatasaray,kazim_colin,0.78,0.45,0
25,25,missing_xi_extra.csv,missing_xi_extra,Unknown,Süper Lig,galatasaray_1999_00_uefa_winners vs fenerbahce_2007_08_ucl_qf,fenerbahce_2007_08_ucl_qf,Selçuk Şahin,LDM,20,Turkey,502,Fenerbahçe – 2007/08 Champions League quarterfinalists,4-2-3-1,2007-08,Süper Lig,Galatasaray,sahin_selcuk,0.4,0.68,0
25,25,missing_xi_extra.csv,missing_xi_extra,Unknown,Süper Lig,galatasaray_1999_00_uefa_winners vs fenerbahce_2007_08_ucl_qf,fenerbahce_2007_08_ucl_qf,Edu Dracena,LCB,28,Brazil,502,Fenerbahçe – 2007/08 Champions League quarterfinalists,4-2-3-1,2007-08,Süper Lig,Galatasaray,dracena_edu,0.35,0.85,0
25,25,missing_xi_extra.csv,missing_xi_extra,Unknown,Süper Lig,galatasaray_1999_00_uefa_winners vs fenerbahce_2007_08_ucl_qf,fenerbahce_2007_08_ucl_qf,Gökhan Gönül,RB,77,Turkey,502,Fenerbahçe – 2007/08 Champions League quarterfinalists,4-2-3-1,2007-08,Süper Lig,Galatasaray,gonul_gokhan,0.82,0.8,0
25,25,missing_xi_extra.csv,missing_xi_extra,Unknown,Süper Lig,galatasaray_1999_00_uefa_winners vs fenerbahce_2007_08_ucl_qf,galatasaray_1999_00_uefa_winners,Cláudio Taffarel,GK,1,Brazil,501,Galatasaray – 1999/00 UEFA Cup winners,4-4-2,1999-00,Süper Lig,Fenerbahçe,taffarel_claudio,0.5,0.95,0
25,25,missing_xi_extra.csv,missing_xi_extra,Unknown,Süper Lig,galatasaray_1999_00_uefa_winners vs fenerbahce_2007_08_ucl_qf,galatasaray_1999_00_uefa_winners,Capone,RB,2,Brazil,501,Galatasaray – 1999/00 UEFA Cup winners,4-4-2,1999-00,Süper Lig,Fenerbahçe,capone,0.82,0.8,0
25,25,missing_xi_extra.csv,missing_xi_extra,Unknown,Süper Lig,galatasaray_1999_00_uefa_winners vs fenerbahce_2007_08_ucl_qf,galatasaray_1999_00_uefa_winners,Bülent Korkmaz,LCB,3,Turkey,501,Galatasaray – 1999/00 UEFA Cup winners,4-4-2,1999-00,Süper Lig,Fenerbahçe,korkmaz_bulent,0.35,0.85,0
25,25,missing_xi_extra.csv,missing_xi_extra,Unknown,Süper Lig,galatasaray_1999_00_uefa_winners vs fenerbahce_2007_08_ucl_qf,galatasaray_1999_00_uefa_winners,Gheorghe Popescu,RCB,5,Romania,501,Galatasaray – 1999/00 UEFA Cup winners,4-4-2,1999-00,Süper Lig,Fenerbahçe,popescu_gheorghe,0.65,0.85,0
25,25,missing_xi_extra.csv,missing_xi_extra,Unknown,Süper Lig,galatasaray_1999_00_uefa_winners vs fenerbahce_2007_08_ucl_qf,galatasaray_1999_00_uefa_winners,Suat Kaya,RCM,5,Turkey,501,Galatasaray – 1999/00 UEFA Cup winners,4-4-2,1999-00,Süper Lig,Fenerbahçe,kaya_suat,0.62,0.6,0
25,25,missing_xi_extra.csv,missing_xi_extra,Unknown,Süper Lig,galatasaray_1999_00_uefa_winners vs fenerbahce_2007_08_ucl_qf,galatasaray_1999_00_uefa_winners,Okan Buruk,RM,7,Turkey,501,Galatasaray – 1999/00 UEFA Cup winners,4-4-2,1999-00,Süper Lig,Fenerbahçe,buruk_okan,0.82,0.6,0
25,25,missing_xi_extra.csv,missing_xi_extra,Unknown,Süper Lig,galatasaray_1999_00_uefa_winners vs fenerbahce_2007_08_ucl_qf,galatasaray_1999_00_uefa_winners,Hakan Şükür,RST,9,Turkey,501,Galatasaray – 1999/00 UEFA Cup winners,4-4-2,1999-00,Süper Lig,Fenerbahçe,sukur_hakan,0.6,0.2,0
25,25,missing_xi_extra.csv,missing_xi_extra,Unknown,Süper Lig,galatasaray_1999_00_uefa_winners vs fenerbahce_2007_08_ucl_qf,galatasaray_1999_00_uefa_winners,Gheorghe Hagi,LM,10,Romania,501,Galatasaray – 1999/00 UEFA Cup winners,4-4-2,1999-00,Süper Lig,Fenerbahçe,hagi_gheorghe,0.18,0.6,0
25,25,missing_xi_extra.csv,missing_xi_extra,Unknown,Süper Lig,galatasaray_1999_00_uefa_winners vs fenerbahce_2007_08_ucl_qf,galatasaray_1999_00_uefa_winners,Arif Erdem,LST,11,Turkey,501,Galatasaray – 1999/00 UEFA Cup winners,4-4-2,1999-00,Süper Lig,Fenerbahçe,erdem_arif,0.4,0.2,0
25,25,missing_xi_extra.csv,missing_xi_extra,Unknown,Süper Lig,galatasaray_1999_00_uefa_winners vs fenerbahce_2007_08_ucl_qf,galatasaray_1999_00_uefa_winners,Emre Belözoğlu,LCM,20,Turkey,501,Galatasaray – 1999/00 UEFA Cup winners,4-4-2,1999-00,Süper Lig,Fenerbahçe,belozoglu_emre,0.38,0.6,0
25,25,missing_xi_extra.csv,missing_xi_extra,Unknown,Süper Lig,galatasaray_1999_00_uefa_winners vs fenerbahce_2007_08_ucl_qf,galatasaray_1999_00_uefa_winners,Hakan Ünsal,LB,66,Turkey,501,Galatasaray – 1999/00 UEFA Cup winners,4-4-2,1999-00,Süper Lig,Fenerbahçe,unsal_hakan,0.18,0.8,0
26,26,missing_xi_extra.csv,missing_xi_extra,Unknown,Swiss Super League,basel_2011_12_ucl_group vs apoel_2011_12_ucl_qf,apoel_2011_12_ucl_qf,Kaká,LCB,3,Brazil,504,APOEL – 2011/12 Champions League quarterfinalists,4-2-3-1,2011-12,Cypriot First Division,Omonia,kaka_apoel,0.35,0.85,1
26,26,missing_xi_extra.csv,missing_xi_extra,Unknown,Swiss Super League,basel_2011_12_ucl_group vs apoel_2011_12_ucl_qf,apoel_2011_12_ucl_qf,Nektarios Alexandrou,LAM,7,Cyprus,504,APOEL – 2011/12 Champions League quarterfinalists,4-2-3-1,2011-12,Cypriot First Division,Omonia,alexandrou_nektarios,0.22,0.45,1
26,26,missing_xi_extra.csv,missing_xi_extra,Unknown,Swiss Super League,basel_2011_12_ucl_group vs apoel_2011_12_ucl_qf,apoel_2011_12_ucl_qf,Hélio Pinto,RDM,8,Portugal,504,APOEL – 2011/12 Champions League quarterfinalists,4-2-3-1,2011-12,Cypriot First Division,Omonia,helio_pinto,0.6,0.68,1
26,26,missing_xi_extra.csv,missing_xi_extra,Unknown,Swiss Super League,basel_2011_12_ucl_group vs apoel_2011_12_ucl_qf,apoel_2011_12_ucl_qf,Aílton Almeida,ST,9,Brazil,504,APOEL – 2011/12 Champions League quarterfinalists,4-2-3-1,2011-12,Cypriot First Division,Omonia,ailton_almeida,0.5,0.18,1
26,26,missing_xi_extra.csv,missing_xi_extra,Unknown,Swiss Super League,basel_2011_12_ucl_group vs apoel_2011_12_ucl_qf,apoel_2011_12_ucl_qf,Aílton,CAM,10,Brazil,504,APOEL – 2011/12 Champions League quarterfinalists,4-2-3-1,2011-12,Cypriot First Division,Omonia,ailton_apoel,0.5,0.42,1
26,26,missing_xi_extra.csv,missing_xi_extra,Unknown,Swiss Super League,basel_2011_12_ucl_group vs apoel_2011_12_ucl_qf,apoel_2011_12_ucl_qf,Paulo Jorge,RCB,15,Portugal,504,APOEL – 2011/12 Champions League quarterfinalists,4-2-3-1,2011-12,Cypriot First Division,Omonia,paulo_jorge,0.65,0.85,1
26,26,missing_xi_extra.csv,missing_xi_extra,Unknown,Swiss Super League,basel_2011_12_ucl_group vs apoel_2011_12_ucl_qf,apoel_2011_12_ucl_qf,Constantinos Charalambides,RAM,20,Cyprus,504,APOEL – 2011/12 Champions League quarterfinalists,4-2-3-1,2011-12,Cypriot First Division,Omonia,charalambides_constantinos,0.78,0.45,1
26,26,missing_xi_extra.csv,missing_xi_extra,Unknown,Swiss Super League,basel_2011_12_ucl_group vs apoel_2011_12_ucl_qf,apoel_2011_12_ucl_qf,Dionisis Chiotis,GK,22,Greece,504,APOEL – 2011/12 Champions League quarterfinalists,4-2-3-1,2011-12,Cypriot First Division,Omonia,chiotis_dionisis,0.5,0.95,1
26,26,missing_xi_extra.csv,missing_xi_extra,Unknown,Swiss Super League,basel_2011_12_ucl_group vs apoel_2011_12_ucl_qf,apoel_2011_12_ucl_qf,Gustavo Manduca,LDM,26,Brazil,504,APOEL – 2011/12 Champions League quarterfinalists,4-2-3-1,2011-12,Cypriot First Division,Omonia,manduca_gustavo,0.4,0.68,1
26,26,missing_xi_extra.csv,missing_xi_extra,Unknown,Swiss Super League,basel_2011_12_ucl_group vs apoel_2011_12_ucl_qf,apoel_2011_12_ucl_qf,Nuno Morais,LB,27,Portugal,504,APOEL – 2011/12 Champions League quarterfinalists,4-2-3-1,2011-12,Cypriot First Division,Omonia,morais_nuno,0.18,0.8,1
26,26,missing_xi_extra.csv,missing_xi_extra,Unknown,Swiss Super League,basel_2011_12_ucl_group vs apoel_2011_12_ucl_qf,apoel_2011_12_ucl_qf,Mário Sérgio,RB,77,Portugal,504,APOEL – 2011/12 Champions League quarterfinalists,4-2-3-1,2011-12,Cypriot First Division,Omonia,mario_sergio,0.82,0.8,1
26,26,missing_xi_extra.csv,missing_xi_extra,Unknown,Swiss Super League,basel_2011_12_ucl_group vs apoel_2011_12_ucl_qf,basel_2011_12_ucl_group,Yann Sommer,GK,1,Switzerland,503,Basel – 2011/12 Champions League group upset (knocking out Man Utd),4-2-3-1,2011-12,Swiss Super League,FC Zürich,sommer_yann,0.5,0.95,1
26,26,missing_xi_extra.csv,missing_xi_extra,Unknown,Swiss Super League,basel_2011_12_ucl_group vs apoel_2011_12_ucl_qf,basel_2011_12_ucl_group,Joo-Ho Park,LB,3,South Korea,503,Basel – 2011/12 Champions League group upset (knocking out Man Utd),4-2-3-1,2011-12,Swiss Super League,FC Zürich,park_joo_ho,0.18,0.8,1
26,26,missing_xi_extra.csv,missing_xi_extra,Unknown,Swiss Super League,basel_2011_12_ucl_group vs apoel_2011_12_ucl_qf,basel_2011_12_ucl_group,Aleksandar Dragović,LCB,6,Austria,503,Basel – 2011/12 Champions League group upset (knocking out Man Utd),4-2-3-1,2011-12,Swiss Super League,FC Zürich,dragovic_aleksandar,0.35,0.85,1
26,26,missing_xi_extra.csv,missing_xi_extra,Unknown,Swiss Super League,basel_2011_12_ucl_group vs apoel_2011_12_ucl_qf,basel_2011_12_ucl_group,Cabral,LDM,8,Cape Verde,503,Basel – 2011/12 Champions League group upset (knocking out Man Utd),4-2-3-1,2011-12,Swiss Super League,FC Zürich,cabral,0.4,0.68,1
26,26,missing_xi_extra.csv,missing_xi_extra,Unknown,Swiss Super League,basel_2011_12_ucl_group vs apoel_2011_12_ucl_qf,basel_2011_12_ucl_group,Marco Streller,ST,9,Switzerland,503,Basel – 2011/12 Champions League group upset (knocking out Man Utd),4-2-3-1,2011-12,Swiss Super League,FC Zürich,streller_marco,0.5,0.18,1
26,26,missing_xi_extra.csv,missing_xi_extra,Unknown,Swiss Super League,basel_2011_12_ucl_group vs apoel_2011_12_ucl_qf,basel_2011_12_ucl_group,Valentin Stocker,LAM,14,Switzerland,503,Basel – 2011/12 Champions League group upset (knocking out Man Utd),4-2-3-1,2011-12,Swiss Super League,FC Zürich,stocker_valentin,0.22,0.45,1
26,26,missing_xi_extra.csv,missing_xi_extra,Unknown,Swiss Super League,basel_2011_12_ucl_group vs apoel_2011_12_ucl_qf,basel_2011_12_ucl_group,Xherdan Shaqiri,RAM,17,Switzerland,503,Basel – 2011/12 Champions League group upset (knocking out Man Utd),4-2-3-1,2011-12,Swiss Super League,FC Zürich,shaqiri_xherdan,0.78,0.45,1
26,26,missing_xi_extra.csv,missing_xi_extra,Unknown,Swiss Super League,basel_2011_12_ucl_group vs apoel_2011_12_ucl_qf,basel_2011_12_ucl_group,Fabian Frei,CAM,20,Switzerland,503,Basel – 2011/12 Champions League group upset (knocking out Man Utd),4-2-3-1,2011-12,Swiss Super League,FC Zürich,frei_fabian,0.5,0.42,1
26,26,missing_xi_extra.csv,missing_xi_extra,Unknown,Swiss Super League,basel_2011_12_ucl_group vs apoel_2011_12_ucl_qf,basel_2011_12_ucl_group,David Abraham,RCB,26,Argentina,503,Basel – 2011/12 Champions League group upset (knocking out Man Utd),4-2-3-1,2011-12,Swiss Super League,FC Zürich,abraham_david,0.65,0.85,1
26,26,missing_xi_extra.csv,missing_xi_extra,Unknown,Swiss Super League,basel_2011_12_ucl_group vs apoel_2011_12_ucl_qf,basel_2011_12_ucl_group,Markus Steinhöfer,RB,27,Germany,503,Basel – 2011/12 Champions League group upset (knocking out Man Utd),4-2-3-1,2011-12,Swiss Super League,FC Zürich,steinhofer_markus,0.82,0.8,1
26,26,missing_xi_extra.csv,missing_xi_extra,Unknown,Swiss Super League,basel_2011_12_ucl_group vs apoel_2011_12_ucl_qf,basel_2011_12_ucl_group,Granit Xhaka,RDM,34,Switzerland,503,Basel – 2011/12 Champions League group upset (knocking out Man Utd),4-2-3-1,2011-12,Swiss Super League,FC Zürich,xhaka_granit,0.6,0.68,1
27,27,missing_xi_extra.csv,missing_xi_extra,Unknown,Allsvenskan,malmo_2014_15_ucl_groups vs rosenborg_1990s_ucl,malmo_2014_15_ucl_groups,Erik Johansson,RCB,2,Sweden,505,Malmo – 2014/15 Champions League group stage return,4-4-2,2014-15,Allsvenskan,IFK Göteborg,johansson_erik,0.65,0.85,2
27,27,missing_xi_extra.csv,missing_xi_extra,Unknown,Allsvenskan,malmo_2014_15_ucl_groups vs rosenborg_1990s_ucl,malmo_2014_15_ucl_groups,Anton Tinnerholm,RB,3,Sweden,505,Malmo – 2014/15 Champions League group stage return,4-4-2,2014-15,Allsvenskan,IFK Göteborg,tinnerholm_anton,0.82,0.8,2
27,27,missing_xi_extra.csv,missing_xi_extra,Unknown,Allsvenskan,malmo_2014_15_ucl_groups vs rosenborg_1990s_ucl,malmo_2014_15_ucl_groups,Magnus Eriksson,RM,7,Sweden,505,Malmo – 2014/15 Champions League group stage return,4-4-2,2014-15,Allsvenskan,IFK Göteborg,eriksson_magnus,0.82,0.6,2
27,27,missing_xi_extra.csv,missing_xi_extra,Unknown,Allsvenskan,malmo_2014_15_ucl_groups vs rosenborg_1990s_ucl,malmo_2014_15_ucl_groups,Enock Adu,LCM,8,Ghana,505,Malmo – 2014/15 Champions League group stage return,4-4-2,2014-15,Allsvenskan,IFK Göteborg,adu_enock,0.38,0.6,2
27,27,missing_xi_extra.csv,missing_xi_extra,Unknown,Allsvenskan,malmo_2014_15_ucl_groups vs rosenborg_1990s_ucl,malmo_2014_15_ucl_groups,Markus Rosenberg,RST,9,Sweden,505,Malmo – 2014/15 Champions League group stage return,4-4-2,2014-15,Allsvenskan,IFK Göteborg,rosenberg_markus,0.6,0.2,2
27,27,missing_xi_extra.csv,missing_xi_extra,Unknown,Allsvenskan,malmo_2014_15_ucl_groups vs rosenborg_1990s_ucl,malmo_2014_15_ucl_groups,Isaac Kiese Thelin,LST,11,Sweden,505,Malmo – 2014/15 Champions League group stage return,4-4-2,2014-15,Allsvenskan,IFK Göteborg,kiese_thelin_isaac,0.4,0.2,2
27,27,missing_xi_extra.csv,missing_xi_extra,Unknown,Allsvenskan,malmo_2014_15_ucl_groups vs rosenborg_1990s_ucl,malmo_2014_15_ucl_groups,Ricardinho,LB,13,Brazil,505,Malmo – 2014/15 Champions League group stage return,4-4-2,2014-15,Allsvenskan,IFK Göteborg,ricardinho,0.18,0.8,2
27,27,missing_xi_extra.csv,missing_xi_extra,Unknown,Allsvenskan,malmo_2014_15_ucl_groups vs rosenborg_1990s_ucl,malmo_2014_15_ucl_groups,Markus Halsti,RCM,15,Finland,505,Malmo – 2014/15 Champions League group stage return,4-4-2,2014-15,Allsvenskan,IFK Göteborg,halsti_markus,0.62,0.6,2
27,27,missing_xi_extra.csv,missing_xi_extra,Unknown,Allsvenskan,malmo_2014_15_ucl_groups vs rosenborg_1990s_ucl,malmo_2014_15_ucl_groups,Filip Helander,LCB,17,Sweden,505,Malmo – 2014/15 Champions League group stage return,4-4-2,2014-15,Allsvenskan,IFK Göteborg,helander_filip,0.35,0.85,2
27,27,missing_xi_extra.csv,missing_xi_extra,Unknown,Allsvenskan,malmo_2014_15_ucl_groups vs rosenborg_1990s_ucl,malmo_2014_15_ucl_groups,Robin Olsen,GK,25,Sweden,505,Malmo – 2014/15 Champions League group stage return,4-4-2,2014-15,Allsvenskan,IFK Göteborg,olsen_robin,0.5,0.95,2
27,27,missing_xi_extra.csv,missing_xi_extra,Unknown,Allsvenskan,malmo_2014_15_ucl_groups vs rosenborg_1990s_ucl,malmo_2014_15_ucl_groups,Emil Forsberg,LM,33,Sweden,505,Malmo – 2014/15 Champions League group stage return,4-4-2,2014-15,Allsvenskan,IFK Göteborg,forsberg_emil,0.18,0.6,2
27,27,missing_xi_extra.csv,missing_xi_extra,Unknown,Allsvenskan,malmo_2014_15_ucl_groups vs rosenborg_1990s_ucl,rosenborg_1990s_ucl,Jørn Jamtfall,GK,1,Norway,506,Rosenborg – late 1990s UCL regulars,4-4-2,1997-98,Eliteserien,Molde,jamtfall_jorn,0.5,0.95,2
27,27,missing_xi_extra.csv,missing_xi_extra,Unknown,Allsvenskan,malmo_2014_15_ucl_groups vs rosenborg_1990s_ucl,rosenborg_1990s_ucl,Vidar Riseth,RB,2,Norway,506,Rosenborg – late 1990s UCL regulars,4-4-2,1997-98,Eliteserien,Molde,riseth_vidar,0.82,0.8,2
27,27,missing_xi_extra.csv,missing_xi_extra,Unknown,Allsvenskan,malmo_2014_15_ucl_groups vs rosenborg_1990s_ucl,rosenborg_1990s_ucl,Ståle Stensaas,LB,3,Norway,506,Rosenborg – late 1990s UCL regulars,4-4-2,1997-98,Eliteserien,Molde,stensaas_stale,0.18,0.8,2
27,27,missing_xi_extra.csv,missing_xi_extra,Unknown,Allsvenskan,malmo_2014_15_ucl_groups vs rosenborg_1990s_ucl,rosenborg_1990s_ucl,Bjørn Otto Bragstad,RCB,4,Norway,506,Rosenborg – late 1990s UCL regulars,4-4-2,1997-98,Eliteserien,Molde,bragstad_bjorn_otto,0.65,0.85,2
27,27,missing_xi_extra.csv,missing_xi_extra,Unknown,Allsvenskan,malmo_2014_15_ucl_groups vs rosenborg_1990s_ucl,rosenborg_1990s_ucl,Erik Hoftun,LCB,5,Norway,506,Rosenborg – late 1990s UCL regulars,4-4-2,1997-98,Eliteserien,Molde,hoftun_erik,0.35,0.85,2
27,27,missing_xi_extra.csv,missing_xi_extra,Unknown,Allsvenskan,malmo_2014_15_ucl_groups vs rosenborg_1990s_ucl,rosenborg_1990s_ucl,Roar Strand,RM,6,Norway,506,Rosenborg – late 1990s UCL regulars,4-4-2,1997-98,Eliteserien,Molde,strand_roar,0.82,0.6,2
27,27,missing_xi_extra.csv,missing_xi_extra,Unknown,Allsvenskan,malmo_2014_15_ucl_groups vs rosenborg_1990s_ucl,rosenborg_1990s_ucl,Bent Skammelsrud,RCM,7,Norway,506,Rosenborg – late 1990s UCL regulars,4-4-2,1997-98,Eliteserien,Molde,skammelsrud_bent,0.62,0.6,2
27,27,missing_xi_extra.csv,missing_xi_extra,Unknown,Allsvenskan,malmo_2014_15_ucl_groups vs rosenborg_1990s_ucl,rosenborg_1990s_ucl,Ørjan Berg,LCM,8,Norway,506,Rosenborg – late 1990s UCL regulars,4-4-2,1997-98,Eliteserien,Molde,berg_orjan,0.38,0.6,2
27,27,missing_xi_extra.csv,missing_xi_extra,Unknown,Allsvenskan,malmo_2014_15_ucl_groups vs rosenborg_1990s_ucl,rosenborg_1990s_ucl,Harald Brattbakk,RST,9,Norway,506,Rosenborg – late 1990s UCL regulars,4-4-2,1997-98,Eliteserien,Molde,brattbakk_harald,0.6,0.2,2
27,27,missing_xi_extra.csv,missing_xi_extra,Unknown,Allsvenskan,malmo_2014_15_ucl_groups vs rosenborg_1990s_ucl,rosenborg_1990s_ucl,Sigurd Rushfeldt,LST,10,Norway,506,Rosenborg – late 1990s UCL regulars,4-4-2,1997-98,Eliteserien,Molde,rushfeldt_sigurd,0.4,0.2,2
27,27,missing_xi_extra.csv,missing_xi_extra,Unknown,Allsvenskan,malmo_2014_15_ucl_groups vs rosenborg_1990s_ucl,rosenborg_1990s_ucl,Mini Jakobsen,LM,11,Norway,506,Rosenborg – late 1990s UCL regulars,4-4-2,1997-98,Eliteserien,Molde,jakobsen_mini,0.18,0.6,2
28,28,missing_xi_extra.csv,missing_xi_extra,Unknown,Europa League,olympiacos_2019_20_arsenal_win vs atalanta_2019_20_ucl_qf,atalanta_2019_20_ucl_qf,Rafael Toloi,RCB,2,Italy,508,Atalanta – 2019/20 Champions League quarterfinalists,3-4-1-2,2019-20,Serie A,Lazio,toloi_rafael,0.65,0.85,3
28,28,missing_xi_extra.csv,missing_xi_extra,Unknown,Europa League,olympiacos_2019_20_arsenal_win vs atalanta_2019_20_ucl_qf,atalanta_2019_20_ucl_qf,Robin Gosens,LB,8,Germany,508,Atalanta – 2019/20 Champions League quarterfinalists,3-4-1-2,2019-20,Serie A,Lazio,gosens_robin,0.18,0.8,3
28,28,missing_xi_extra.csv,missing_xi_extra,Unknown,Europa League,olympiacos_2019_20_arsenal_win vs atalanta_2019_20_ucl_qf,atalanta_2019_20_ucl_qf,Alejandro Gómez,RCM,10,Argentina,508,Atalanta – 2019/20 Champions League quarterfinalists,3-4-1-2,2019-20,Serie A,Lazio,gomez_alejandro,0.62,0.6,3
28,28,missing_xi_extra.csv,missing_xi_extra,Unknown,Europa League,olympiacos_2019_20_arsenal_win vs atalanta_2019_20_ucl_qf,atalanta_2019_20_ucl_qf,Remo Freuler,LM,11,Switzerland,508,Atalanta – 2019/20 Champions League quarterfinalists,3-4-1-2,2019-20,Serie A,Lazio,freuler_remo,0.18,0.6,3
28,28,missing_xi_extra.csv,missing_xi_extra,Unknown,Europa League,olympiacos_2019_20_arsenal_win vs atalanta_2019_20_ucl_qf,atalanta_2019_20_ucl_qf,Marten de Roon,RM,15,Netherlands,508,Atalanta – 2019/20 Champions League quarterfinalists,3-4-1-2,2019-20,Serie A,Lazio,de_roon_marten,0.82,0.6,3
28,28,missing_xi_extra.csv,missing_xi_extra,Unknown,Europa League,olympiacos_2019_20_arsenal_win vs atalanta_2019_20_ucl_qf,atalanta_2019_20_ucl_qf,Ruslan Malinovskyi,LCM,18,Ukraine,508,Atalanta – 2019/20 Champions League quarterfinalists,3-4-1-2,2019-20,Serie A,Lazio,malinovskyi_ruslan,0.38,0.6,3
28,28,missing_xi_extra.csv,missing_xi_extra,Unknown,Europa League,olympiacos_2019_20_arsenal_win vs atalanta_2019_20_ucl_qf,atalanta_2019_20_ucl_qf,Berat Djimsiti,LCB,19,Albania,508,Atalanta – 2019/20 Champions League quarterfinalists,3-4-1-2,2019-20,Serie A,Lazio,djimsiti_berat,0.35,0.85,3
28,28,missing_xi_extra.csv,missing_xi_extra,Unknown,Europa League,olympiacos_2019_20_arsenal_win vs atalanta_2019_20_ucl_qf,atalanta_2019_20_ucl_qf,Hans Hateboer,RB,33,Netherlands,508,Atalanta – 2019/20 Champions League quarterfinalists,3-4-1-2,2019-20,Serie A,Lazio,hateboer_hans,0.82,0.8,3
28,28,missing_xi_extra.csv,missing_xi_extra,Unknown,Europa League,olympiacos_2019_20_arsenal_win vs atalanta_2019_20_ucl_qf,atalanta_2019_20_ucl_qf,Josip Iličić,RST,72,Slovenia,508,Atalanta – 2019/20 Champions League quarterfinalists,3-4-1-2,2019-20,Serie A,Lazio,ilicic_josip,0.6,0.2,3
28,28,missing_xi_extra.csv,missing_xi_extra,Unknown,Europa League,olympiacos_2019_20_arsenal_win vs atalanta_2019_20_ucl_qf,atalanta_2019_20_ucl_qf,Duván Zapata,LST,91,Colombia,508,Atalanta – 2019/20 Champions League quarterfinalists,3-4-1-2,2019-20,Serie A,Lazio,zapata_duvan,0.4,0.2,3
28,28,missing_xi_extra.csv,missing_xi_extra,Unknown,Europa League,olympiacos_2019_20_arsenal_win vs atalanta_2019_20_ucl_qf,atalanta_2019_20_ucl_qf,Pierluigi Gollini,GK,95,Italy,508,Atalanta – 2019/20 Champions League quarterfinalists,3-4-1-2,2019-20,Serie A,Lazio,gollini_pierluigi,0.5,0.95,3
28,28,missing_xi_extra.csv,missing_xi_extra,Unknown,Europa League,olympiacos_2019_20_arsenal_win vs atalanta_2019_20_ucl_qf,olympiacos_2019_20_arsenal_win,José Sá,GK,1,Portugal,507,Olympiacos – 2019/20 UEL shock win vs Arsenal,4-3-3,2019-20,Europa League,Arsenal,sa_jose,0.5,0.95,3
28,28,missing_xi_extra.csv,missing_xi_extra,Unknown,Europa League,olympiacos_2019_20_arsenal_win vs atalanta_2019_20_ucl_qf,olympiacos_2019_20_arsenal_win,Mady Camara,RCM,4,Guinea,507,Olympiacos – 2019/20 UEL shock win vs Arsenal,4-3-3,2019-20,Europa League,Arsenal,camara_mady,0.62,0.6,3
28,28,missing_xi_extra.csv,missing_xi_extra,Unknown,Europa League,olympiacos_2019_20_arsenal_win vs atalanta_2019_20_ucl_qf,olympiacos_2019_20_arsenal_win,Andreas Bouchalakis,DM,5,Greece,507,Olympiacos – 2019/20 UEL shock win vs Arsenal,4-3-3,2019-20,Europa League,Arsenal,bouchalakis_andreas,0.5,0.65,3
28,28,missing_xi_extra.csv,missing_xi_extra,Unknown,Europa League,olympiacos_2019_20_arsenal_win vs atalanta_2019_20_ucl_qf,olympiacos_2019_20_arsenal_win,Youssef El-Arabi,ST,11,Morocco,507,Olympiacos – 2019/20 UEL shock win vs Arsenal,4-3-3,2019-20,Europa League,Arsenal,el_arabi_youssef,0.5,0.18,3
28,28,missing_xi_extra.csv,missing_xi_extra,Unknown,Europa League,olympiacos_2019_20_arsenal_win vs atalanta_2019_20_ucl_qf,olympiacos_2019_20_arsenal_win,Omar Elabdellaoui,RB,14,Norway,507,Olympiacos – 2019/20 UEL shock win vs Arsenal,4-3-3,2019-20,Europa League,Arsenal,elabdellaoui_omar,0.82,0.8,3
28,28,missing_xi_extra.csv,missing_xi_extra,Unknown,Europa League,olympiacos_2019_20_arsenal_win vs atalanta_2019_20_ucl_qf,olympiacos_2019_20_arsenal_win,Giorgos Masouras,RW,19,Greece,507,Olympiacos – 2019/20 UEL shock win vs Arsenal,4-3-3,2019-20,Europa League,Arsenal,masouras_giorgos,0.82,0.32,3
28,28,missing_xi_extra.csv,missing_xi_extra,Unknown,Europa League,olympiacos_2019_20_arsenal_win vs atalanta_2019_20_ucl_qf,olympiacos_2019_20_arsenal_win,Kostas Tsimikas,LB,21,Greece,507,Olympiacos – 2019/20 UEL shock win vs Arsenal,4-3-3,2019-20,Europa League,Arsenal,tsimikas_kostas,0.18,0.8,3
28,28,missing_xi_extra.csv,missing_xi_extra,Unknown,Europa League,olympiacos_2019_20_arsenal_win vs atalanta_2019_20_ucl_qf,olympiacos_2019_20_arsenal_win,Ousseynou Ba,RCB,24,Senegal,507,Olympiacos – 2019/20 UEL shock win vs Arsenal,4-3-3,2019-20,Europa League,Arsenal,ba_ousseynou,0.65,0.85,3
28,28,missing_xi_extra.csv,missing_xi_extra,Unknown,Europa League,olympiacos_2019_20_arsenal_win vs atalanta_2019_20_ucl_qf,olympiacos_2019_20_arsenal_win,Mathieu Valbuena,LCM,28,France,507,Olympiacos – 2019/20 UEL shock win vs Arsenal,4-3-3,2019-20,Europa League,Arsenal,valbuena_mathieu,0.38,0.6,3
28,28,missing_xi_extra.csv,missing_xi_extra,Unknown,Europa League,olympiacos_2019_20_arsenal_win vs atalanta_2019_20_ucl_qf,olympiacos_2019_20_arsenal_win,Pape Abou Cissé,LCB,66,Senegal,507,Olympiacos – 2019/20 UEL shock win vs Arsenal,4-3-3,2019-20,Europa League,Arsenal,cisse_pape_abou,0.35,0.85,3
28,28,missing_xi_extra.csv,missing_xi_extra,Unknown,Europa League,olympiacos_2019_20_arsenal_win vs atalanta_2019_20_ucl_qf,olympiacos_2019_20_arsenal_win,Lazar Randjelović,LW,97,Serbia,507,Olympiacos – 2019/20 UEL shock win vs Arsenal,4-3-3,2019-20,Europa League,Arsenal,randjelovic_lazar,0.18,0.32,3
29,29,missing_xi_iconic_matches.csv,missing_xi_iconic_matches,Unknown,Champions League,borussia_dortmund_2016 vs legia_warszawa_2016,borussia_dortmund_2016,Roman Weidenfeller,GK,1,Germany,1001,"Dortmund 8–4 Legia (Nov 22, 2016)",4-2-3-1,2016-17,Champions League,Legia Warszawa,weidenfeller_roman,0.5,0.95,0
29,29,missing_xi_iconic_matches.csv,missing_xi_iconic_matches,Unknown,Champions League,borussia_dortmund_2016 vs legia_warszawa_2016,borussia_dortmund_2016,Marc Bartra,LCB,5,Spain,1001,"Dortmund 8–4 Legia (Nov 22, 2016)",4-2-3-1,2016-17,Champions League,Legia Warszawa,bartra_marc,0.35,0.85,0
29,29,missing_xi_iconic_matches.csv,missing_xi_iconic_matches,Unknown,Champions League,borussia_dortmund_2016 vs legia_warszawa_2016,borussia_dortmund_2016,Ousmane Dembélé,RW,7,France,1001,"Dortmund 8–4 Legia (Nov 22, 2016)",4-2-3-1,2016-17,Champions League,Legia Warszawa,dembele_ousmane,0.82,0.35,0
29,29,missing_xi_iconic_matches.csv,missing_xi_iconic_matches,Unknown,Champions League,borussia_dortmund_2016 vs legia_warszawa_2016,borussia_dortmund_2016,Nuri Sahin,LCM,8,Turkey,1001,"Dortmund 8–4 Legia (Nov 22, 2016)",4-2-3-1,2016-17,Champions League,Legia Warszawa,sahin_nuri,0.38,0.6,0
29,29,missing_xi_iconic_matches.csv,missing_xi_iconic_matches,Unknown,Champions League,borussia_dortmund_2016 vs legia_warszawa_2016,borussia_dortmund_2016,Marco Reus,ST,11,Germany,1001,"Dortmund 8–4 Legia (Nov 22, 2016)",4-2-3-1,2016-17,Champions League,Legia Warszawa,reus_marco,0.5,0.2,0
29,29,missing_xi_iconic_matches.csv,missing_xi_iconic_matches,Unknown,Champions League,borussia_dortmund_2016 vs legia_warszawa_2016,borussia_dortmund_2016,Sebastian Rode,RB,18,Germany,1001,"Dortmund 8–4 Legia (Nov 22, 2016)",4-2-3-1,2016-17,Champions League,Legia Warszawa,rode_sebastian,0.82,0.8,0
29,29,missing_xi_iconic_matches.csv,missing_xi_iconic_matches,Unknown,Champions League,borussia_dortmund_2016 vs legia_warszawa_2016,borussia_dortmund_2016,Christian Pulisic,LW,22,United States,1001,"Dortmund 8–4 Legia (Nov 22, 2016)",4-2-3-1,2016-17,Champions League,Legia Warszawa,pulisic_christian,0.18,0.35,0
29,29,missing_xi_iconic_matches.csv,missing_xi_iconic_matches,Unknown,Champions League,borussia_dortmund_2016 vs legia_warszawa_2016,borussia_dortmund_2016,Shinji Kagawa,CAM,23,Japan,1001,"Dortmund 8–4 Legia (Nov 22, 2016)",4-2-3-1,2016-17,Champions League,Legia Warszawa,kagawa_shinji,0.5,0.42,0
29,29,missing_xi_iconic_matches.csv,missing_xi_iconic_matches,Unknown,Champions League,borussia_dortmund_2016 vs legia_warszawa_2016,borussia_dortmund_2016,Gonzalo Castro,RCM,27,Germany,1001,"Dortmund 8–4 Legia (Nov 22, 2016)",4-2-3-1,2016-17,Champions League,Legia Warszawa,castro_gonzalo,0.62,0.6,0
29,29,missing_xi_iconic_matches.csv,missing_xi_iconic_matches,Unknown,Champions League,borussia_dortmund_2016 vs legia_warszawa_2016,borussia_dortmund_2016,Matthias Ginter,RCB,28,Germany,1001,"Dortmund 8–4 Legia (Nov 22, 2016)",4-2-3-1,2016-17,Champions League,Legia Warszawa,ginter_matthias,0.65,0.85,0
29,29,missing_xi_iconic_matches.csv,missing_xi_iconic_matches,Unknown,Champions League,borussia_dortmund_2016 vs legia_warszawa_2016,borussia_dortmund_2016,Felix Passlack,LB,30,Germany,1001,"Dortmund 8–4 Legia (Nov 22, 2016)",4-2-3-1,2016-17,Champions League,Legia Warszawa,passlack_felix,0.18,0.8,0
29,29,missing_xi_iconic_matches.csv,missing_xi_iconic_matches,Unknown,Champions League,borussia_dortmund_2016 vs legia_warszawa_2016,legia_warszawa_2016,Michał Pazdan,LCB,2,Poland,1002,"Legia 4–8 Dortmund (Nov 22, 2016)",4-2-3-1,2016-17,Champions League,Borussia Dortmund,pazdan_michal,0.35,0.85,0
29,29,missing_xi_iconic_matches.csv,missing_xi_iconic_matches,Unknown,Champions League,borussia_dortmund_2016 vs legia_warszawa_2016,legia_warszawa_2016,Jakub Czerwiński,RCB,4,Poland,1002,"Legia 4–8 Dortmund (Nov 22, 2016)",4-2-3-1,2016-17,Champions League,Borussia Dortmund,czerwinski_jakub,0.65,0.85,0
29,29,missing_xi_iconic_matches.csv,missing_xi_iconic_matches,Unknown,Champions League,borussia_dortmund_2016 vs legia_warszawa_2016,legia_warszawa_2016,Guilherme,RW,6,Brazil,1002,"Legia 4–8 Dortmund (Nov 22, 2016)",4-2-3-1,2016-17,Champions League,Borussia Dortmund,guilherme_costa,0.82,0.35,0
29,29,missing_xi_iconic_matches.csv,missing_xi_iconic_matches,Unknown,Champions League,borussia_dortmund_2016 vs legia_warszawa_2016,legia_warszawa_2016,Vadis Odjidja-Ofoe,LCM,8,Belgium,1002,"Legia 4–8 Dortmund (Nov 22, 2016)",4-2-3-1,2016-17,Champions League,Borussia Dortmund,odjidja_vadis,0.38,0.6,0
29,29,missing_xi_iconic_matches.csv,missing_xi_iconic_matches,Unknown,Champions League,borussia_dortmund_2016 vs legia_warszawa_2016,legia_warszawa_2016,Michał Kopczyński,RCM,15,Poland,1002,"Legia 4–8 Dortmund (Nov 22, 2016)",4-2-3-1,2016-17,Champions League,Borussia Dortmund,kopczynski_michal,0.62,0.6,0
29,29,missing_xi_iconic_matches.csv,missing_xi_iconic_matches,Unknown,Champions League,borussia_dortmund_2016 vs legia_warszawa_2016,legia_warszawa_2016,Michał Kucharczyk,LW,18,Poland,1002,"Legia 4–8 Dortmund (Nov 22, 2016)",4-2-3-1,2016-17,Champions League,Borussia Dortmund,kucharczyk_michal,0.18,0.35,0
29,29,missing_xi_iconic_matches.csv,missing_xi_iconic_matches,Unknown,Champions League,borussia_dortmund_2016 vs legia_warszawa_2016,legia_warszawa_2016,Bartosz Bereszyński,RB,19,Poland,1002,"Legia 4–8 Dortmund (Nov 22, 2016)",4-2-3-1,2016-17,Champions League,Borussia Dortmund,bereszynski_bartosz,0.82,0.8,0
29,29,missing_xi_iconic_matches.csv,missing_xi_iconic_matches,Unknown,Champions League,borussia_dortmund_2016 vs legia_warszawa_2016,legia_warszawa_2016,Jakub Rzeźniczak,LB,25,Poland,1002,"Legia 4–8 Dortmund (Nov 22, 2016)",4-2-3-1,2016-17,Champions League,Borussia Dortmund,rzezniczak_jakub,0.18,0.8,0
29,29,missing_xi_iconic_matches.csv,missing_xi_iconic_matches,Unknown,Champions League,borussia_dortmund_2016 vs legia_warszawa_2016,legia_warszawa_2016,Miroslav Radović,CAM,32,Serbia,1002,"Legia 4–8 Dortmund (Nov 22, 2016)",4-2-3-1,2016-17,Champions League,Borussia Dortmund,radovic_miroslav,0.5,0.42,0
29,29,missing_xi_iconic_matches.csv,missing_xi_iconic_matches,Unknown,Champions League,borussia_dortmund_2016 vs legia_warszawa_2016,legia_warszawa_2016,Radosław Cierzniak,GK,33,Poland,1002,"Legia 4–8 Dortmund (Nov 22, 2016)",4-2-3-1,2016-17,Champions League,Borussia Dortmund,cierzniak_radoslaw,0.5,0.95,0
29,29,missing_xi_iconic_matches.csv,missing_xi_iconic_matches,Unknown,Champions League,borussia_dortmund_2016 vs legia_warszawa_2016,legia_warszawa_2016,Aleksandar Prijović,ST,99,Serbia,1002,"Legia 4–8 Dortmund (Nov 22, 2016)",4-2-3-1,2016-17,Champions League,Borussia Dortmund,prijovic_aleksandar,0.5,0.2,0
30,30,missing_xi_iconic_matches.csv,missing_xi_iconic_matches,Unknown,Champions League QF (2nd leg),as_monaco_2003_04 vs real_madrid_2003_04,as_monaco_2003_04,Patrice Evra,LB,3,France,1003,"Monaco 3–1 Real Madrid (Apr 6, 2004)",4-4-2,2003-04,Champions League QF (2nd leg),Real Madrid,evra_patrice,0.18,0.8,1
30,30,missing_xi_iconic_matches.csv,missing_xi_iconic_matches,Unknown,Champions League QF (2nd leg),as_monaco_2003_04 vs real_madrid_2003_04,as_monaco_2003_04,Hugo Ibarra,RB,4,Argentina,1003,"Monaco 3–1 Real Madrid (Apr 6, 2004)",4-4-2,2003-04,Champions League QF (2nd leg),Real Madrid,ibarra_hugo,0.82,0.8,1
30,30,missing_xi_iconic_matches.csv,missing_xi_iconic_matches,Unknown,Champions League QF (2nd leg),as_monaco_2003_04 vs real_madrid_2003_04,as_monaco_2003_04,Jaroslav Plašil,RW,6,Czech Republic,1003,"Monaco 3–1 Real Madrid (Apr 6, 2004)",4-4-2,2003-04,Champions League QF (2nd leg),Real Madrid,plasil_jaroslav,0.82,0.35,1
30,30,missing_xi_iconic_matches.csv,missing_xi_iconic_matches,Unknown,Champions League QF (2nd leg),as_monaco_2003_04 vs real_madrid_2003_04,as_monaco_2003_04,Ludovic Giuly,CAM,8,France,1003,"Monaco 3–1 Real Madrid (Apr 6, 2004)",4-4-2,2003-04,Champions League QF (2nd leg),Real Madrid,giuly_ludovic,0.5,0.42,1
30,30,missing_xi_iconic_matches.csv,missing_xi_iconic_matches,Unknown,Champions League QF (2nd leg),as_monaco_2003_04 vs real_madrid_2003_04,as_monaco_2003_04,Dado Pršo,LST,9,Croatia,1003,"Monaco 3–1 Real Madrid (Apr 6, 2004)",4-4-2,2003-04,Champions League QF (2nd leg),Real Madrid,prso_dado,0.42,0.2,1
30,30,missing_xi_iconic_matches.csv,missing_xi_iconic_matches,Unknown,Champions League QF (2nd leg),as_monaco_2003_04 vs real_madrid_2003_04,as_monaco_2003_04,Fernando Morientes,RST,10,Spain,1003,"Monaco 3–1 Real Madrid (Apr 6, 2004)",4-4-2,2003-04,Champions League QF (2nd leg),Real Madrid,morientes_fernando,0.58,0.2,1
30,30,missing_xi_iconic_matches.csv,missing_xi_iconic_matches,Unknown,Champions League QF (2nd leg),as_monaco_2003_04 vs real_madrid_2003_04,as_monaco_2003_04,Édouard Cissé,CM,14,France,1003,"Monaco 3–1 Real Madrid (Apr 6, 2004)",4-4-2,2003-04,Champions League QF (2nd leg),Real Madrid,cisse_edouard,0.5,0.6,1
30,30,missing_xi_iconic_matches.csv,missing_xi_iconic_matches,Unknown,Champions League QF (2nd leg),as_monaco_2003_04 vs real_madrid_2003_04,as_monaco_2003_04,Jérôme Rothen,LW,25,France,1003,"Monaco 3–1 Real Madrid (Apr 6, 2004)",4-4-2,2003-04,Champions League QF (2nd leg),Real Madrid,rothen_jerome,0.18,0.35,1
30,30,missing_xi_iconic_matches.csv,missing_xi_iconic_matches,Unknown,Champions League QF (2nd leg),as_monaco_2003_04 vs real_madrid_2003_04,as_monaco_2003_04,Julien Rodriguez,RCB,27,France,1003,"Monaco 3–1 Real Madrid (Apr 6, 2004)",4-4-2,2003-04,Champions League QF (2nd leg),Real Madrid,rodriguez_julien,0.65,0.85,1
30,30,missing_xi_iconic_matches.csv,missing_xi_iconic_matches,Unknown,Champions League QF (2nd leg),as_monaco_2003_04 vs real_madrid_2003_04,as_monaco_2003_04,Flavio Roma,GK,30,Italy,1003,"Monaco 3–1 Real Madrid (Apr 6, 2004)",4-4-2,2003-04,Champions League QF (2nd leg),Real Madrid,roma_flavio,0.5,0.95,1
30,30,missing_xi_iconic_matches.csv,missing_xi_iconic_matches,Unknown,Champions League QF (2nd leg),as_monaco_2003_04 vs real_madrid_2003_04,as_monaco_2003_04,Gaël Givet,LCB,32,France,1003,"Monaco 3–1 Real Madrid (Apr 6, 2004)",4-4-2,2003-04,Champions League QF (2nd leg),Real Madrid,givet_gael,0.35,0.85,1
30,30,missing_xi_iconic_matches.csv,missing_xi_iconic_matches,Unknown,Champions League QF (2nd leg),as_monaco_2003_04 vs real_madrid_2003_04,real_madrid_2003_04,Iker Casillas,GK,1,Spain,1004,"Real Madrid 1–3 Monaco (Apr 6, 2004)",4-4-2,2003-04,Champions League QF (2nd leg),AS Monaco,casillas_iker,0.5,0.95,1
30,30,missing_xi_iconic_matches.csv,missing_xi_iconic_matches,Unknown,Champions League QF (2nd leg),as_monaco_2003_04 vs real_madrid_2003_04,real_madrid_2003_04,Míchel Salgado,RB,2,Spain,1004,"Real Madrid 1–3 Monaco (Apr 6, 2004)",4-4-2,2003-04,Champions League QF (2nd leg),AS Monaco,salgado_michel,0.82,0.8,1
30,30,missing_xi_iconic_matches.csv,missing_xi_iconic_matches,Unknown,Champions League QF (2nd leg),as_monaco_2003_04 vs real_madrid_2003_04,real_madrid_2003_04,Roberto Carlos,LB,3,Brazil,1004,"Real Madrid 1–3 Monaco (Apr 6, 2004)",4-4-2,2003-04,Champions League QF (2nd leg),AS Monaco,carlos_roberto,0.18,0.8,1
30,30,missing_xi_iconic_matches.csv,missing_xi_iconic_matches,Unknown,Champions League QF (2nd leg),as_monaco_2003_04 vs real_madrid_2003_04,real_madrid_2003_04,Zinédine Zidane,RW,5,France,1004,"Real Madrid 1–3 Monaco (Apr 6, 2004)",4-4-2,2003-04,Champions League QF (2nd leg),AS Monaco,zidane_zinedine,0.82,0.35,1
30,30,missing_xi_iconic_matches.csv,missing_xi_iconic_matches,Unknown,Champions League QF (2nd leg),as_monaco_2003_04 vs real_madrid_2003_04,real_madrid_2003_04,Iván Helguera,RCB,6,Spain,1004,"Real Madrid 1–3 Monaco (Apr 6, 2004)",4-4-2,2003-04,Champions League QF (2nd leg),AS Monaco,helguera_ivan,0.65,0.85,1
30,30,missing_xi_iconic_matches.csv,missing_xi_iconic_matches,Unknown,Champions League QF (2nd leg),as_monaco_2003_04 vs real_madrid_2003_04,real_madrid_2003_04,Raúl,LST,7,Spain,1004,"Real Madrid 1–3 Monaco (Apr 6, 2004)",4-4-2,2003-04,Champions League QF (2nd leg),AS Monaco,raul_gonzalez,0.42,0.2,1
30,30,missing_xi_iconic_matches.csv,missing_xi_iconic_matches,Unknown,Champions League QF (2nd leg),as_monaco_2003_04 vs real_madrid_2003_04,real_madrid_2003_04,Ronaldo,RST,9,Brazil,1004,"Real Madrid 1–3 Monaco (Apr 6, 2004)",4-4-2,2003-04,Champions League QF (2nd leg),AS Monaco,ronaldo_nazario,0.58,0.2,1
30,30,missing_xi_iconic_matches.csv,missing_xi_iconic_matches,Unknown,Champions League QF (2nd leg),as_monaco_2003_04 vs real_madrid_2003_04,real_madrid_2003_04,Luís Figo,CAM,10,Portugal,1004,"Real Madrid 1–3 Monaco (Apr 6, 2004)",4-4-2,2003-04,Champions League QF (2nd leg),AS Monaco,figo_luis,0.5,0.42,1
30,30,missing_xi_iconic_matches.csv,missing_xi_iconic_matches,Unknown,Champions League QF (2nd leg),as_monaco_2003_04 vs real_madrid_2003_04,real_madrid_2003_04,Guti,LW,14,Spain,1004,"Real Madrid 1–3 Monaco (Apr 6, 2004)",4-4-2,2003-04,Champions League QF (2nd leg),AS Monaco,guti,0.18,0.35,1
30,30,missing_xi_iconic_matches.csv,missing_xi_iconic_matches,Unknown,Champions League QF (2nd leg),as_monaco_2003_04 vs real_madrid_2003_04,real_madrid_2003_04,Borja Fernández,CM,26,Spain,1004,"Real Madrid 1–3 Monaco (Apr 6, 2004)",4-4-2,2003-04,Champions League QF (2nd leg),AS Monaco,borja_fernandez,0.5,0.6,1
30,30,missing_xi_iconic_matches.csv,missing_xi_iconic_matches,Unknown,Champions League QF (2nd leg),as_monaco_2003_04 vs real_madrid_2003_04,real_madrid_2003_04,Álvaro Mejía,LCB,33,Spain,1004,"Real Madrid 1–3 Monaco (Apr 6, 2004)",4-4-2,2003-04,Champions League QF (2nd leg),AS Monaco,mejia_alvaro,0.35,0.85,1
31,31,missing_xi_iconic_matches.csv,missing_xi_iconic_matches,Unknown,Champions League QF (2nd leg),deportivo_2003_04 vs ac_milan_2003_04,ac_milan_2003_04,Dida,GK,1,Brazil,1006,"AC Milan 0–4 Deportivo (Apr 7, 2004)",4-3-1-2,2003-04,Champions League QF (2nd leg),Deportivo La Coruña,dida,0.5,0.95,2
31,31,missing_xi_iconic_matches.csv,missing_xi_iconic_matches,Unknown,Champions League QF (2nd leg),deportivo_2003_04 vs ac_milan_2003_04,ac_milan_2003_04,Cafú,RB,2,Brazil,1006,"AC Milan 0–4 Deportivo (Apr 7, 2004)",4-3-1-2,2003-04,Champions League QF (2nd leg),Deportivo La Coruña,cafu,0.82,0.8,2
31,31,missing_xi_iconic_matches.csv,missing_xi_iconic_matches,Unknown,Champions League QF (2nd leg),deportivo_2003_04 vs ac_milan_2003_04,ac_milan_2003_04,Paolo Maldini,LCB,3,Italy,1006,"AC Milan 0–4 Deportivo (Apr 7, 2004)",4-3-1-2,2003-04,Champions League QF (2nd leg),Deportivo La Coruña,maldini_paolo,0.35,0.85,2
31,31,missing_xi_iconic_matches.csv,missing_xi_iconic_matches,Unknown,Champions League QF (2nd leg),deportivo_2003_04 vs ac_milan_2003_04,ac_milan_2003_04,Andriy Shevchenko,LST,7,Ukraine,1006,"AC Milan 0–4 Deportivo (Apr 7, 2004)",4-3-1-2,2003-04,Champions League QF (2nd leg),Deportivo La Coruña,shevchenko_andriy,0.42,0.2,2
31,31,missing_xi_iconic_matches.csv,missing_xi_iconic_matches,Unknown,Champions League QF (2nd leg),deportivo_2003_04 vs ac_milan_2003_04,ac_milan_2003_04,Gennaro Gattuso,RCM,8,Italy,1006,"AC Milan 0–4 Deportivo (Apr 7, 2004)",4-3-1-2,2003-04,Champions League QF (2nd leg),Deportivo La Coruña,gattuso_gennaro,0.62,0.6,2
31,31,missing_xi_iconic_matches.csv,missing_xi_iconic_matches,Unknown,Champions League QF (2nd leg),deportivo_2003_04 vs ac_milan_2003_04,ac_milan_2003_04,Jon Dahl Tomasson,RST,10,Denmark,1006,"AC Milan 0–4 Deportivo (Apr 7, 2004)",4-3-1-2,2003-04,Champions League QF (2nd leg),Deportivo La Coruña,tomasson_jon_dahl,0.58,0.2,2
31,31,missing_xi_iconic_matches.csv,missing_xi_iconic_matches,Unknown,Champions League QF (2nd leg),deportivo_2003_04 vs ac_milan_2003_04,ac_milan_2003_04,Alessandro Nesta,RCB,13,Italy,1006,"AC Milan 0–4 Deportivo (Apr 7, 2004)",4-3-1-2,2003-04,Champions League QF (2nd leg),Deportivo La Coruña,nesta_alessandro,0.65,0.85,2
31,31,missing_xi_iconic_matches.csv,missing_xi_iconic_matches,Unknown,Champions League QF (2nd leg),deportivo_2003_04 vs ac_milan_2003_04,ac_milan_2003_04,Giuseppe Pancaro,LB,19,Italy,1006,"AC Milan 0–4 Deportivo (Apr 7, 2004)",4-3-1-2,2003-04,Champions League QF (2nd leg),Deportivo La Coruña,pancaro_giuseppe,0.18,0.8,2
31,31,missing_xi_iconic_matches.csv,missing_xi_iconic_matches,Unknown,Champions League QF (2nd leg),deportivo_2003_04 vs ac_milan_2003_04,ac_milan_2003_04,Clarence Seedorf,LCM,20,Netherlands,1006,"AC Milan 0–4 Deportivo (Apr 7, 2004)",4-3-1-2,2003-04,Champions League QF (2nd leg),Deportivo La Coruña,seedorf_clarence,0.38,0.6,2
31,31,missing_xi_iconic_matches.csv,missing_xi_iconic_matches,Unknown,Champions League QF (2nd leg),deportivo_2003_04 vs ac_milan_2003_04,ac_milan_2003_04,Andrea Pirlo,CM,21,Italy,1006,"AC Milan 0–4 Deportivo (Apr 7, 2004)",4-3-1-2,2003-04,Champions League QF (2nd leg),Deportivo La Coruña,pirlo_andrea,0.5,0.6,2
31,31,missing_xi_iconic_matches.csv,missing_xi_iconic_matches,Unknown,Champions League QF (2nd leg),deportivo_2003_04 vs ac_milan_2003_04,ac_milan_2003_04,Kaká,CAM,22,Brazil,1006,"AC Milan 0–4 Deportivo (Apr 7, 2004)",4-3-1-2,2003-04,Champions League QF (2nd leg),Deportivo La Coruña,kaka,0.5,0.42,2
31,31,missing_xi_iconic_matches.csv,missing_xi_iconic_matches,Unknown,Champions League QF (2nd leg),deportivo_2003_04 vs ac_milan_2003_04,deportivo_2003_04,José Molina,GK,1,Spain,1005,"Deportivo 4–0 AC Milan (Apr 7, 2004)",4-2-3-1,2003-04,Champions League QF (2nd leg),AC Milan,molina_jose,0.5,0.95,2
31,31,missing_xi_iconic_matches.csv,missing_xi_iconic_matches,Unknown,Champions League QF (2nd leg),deportivo_2003_04 vs ac_milan_2003_04,deportivo_2003_04,Manuel Pablo,RB,2,Spain,1005,"Deportivo 4–0 AC Milan (Apr 7, 2004)",4-2-3-1,2003-04,Champions League QF (2nd leg),AC Milan,manuel_pablo,0.82,0.8,2
31,31,missing_xi_iconic_matches.csv,missing_xi_iconic_matches,Unknown,Champions League QF (2nd leg),deportivo_2003_04 vs ac_milan_2003_04,deportivo_2003_04,Enrique Romero,LB,3,Spain,1005,"Deportivo 4–0 AC Milan (Apr 7, 2004)",4-2-3-1,2003-04,Champions League QF (2nd leg),AC Milan,romero_enrique,0.18,0.8,2
31,31,missing_xi_iconic_matches.csv,missing_xi_iconic_matches,Unknown,Champions League QF (2nd leg),deportivo_2003_04 vs ac_milan_2003_04,deportivo_2003_04,Aldo Duscher,RCM,6,Argentina,1005,"Deportivo 4–0 AC Milan (Apr 7, 2004)",4-2-3-1,2003-04,Champions League QF (2nd leg),AC Milan,duscher_aldo,0.62,0.6,2
31,31,missing_xi_iconic_matches.csv,missing_xi_iconic_matches,Unknown,Champions League QF (2nd leg),deportivo_2003_04 vs ac_milan_2003_04,deportivo_2003_04,Albert Luque,LW,7,Spain,1005,"Deportivo 4–0 AC Milan (Apr 7, 2004)",4-2-3-1,2003-04,Champions League QF (2nd leg),AC Milan,luque_albert,0.18,0.35,2
31,31,missing_xi_iconic_matches.csv,missing_xi_iconic_matches,Unknown,Champions League QF (2nd leg),deportivo_2003_04 vs ac_milan_2003_04,deportivo_2003_04,Mauro Silva,LCM,8,Brazil,1005,"Deportivo 4–0 AC Milan (Apr 7, 2004)",4-2-3-1,2003-04,Champions League QF (2nd leg),AC Milan,mauro_silva,0.38,0.6,2
31,31,missing_xi_iconic_matches.csv,missing_xi_iconic_matches,Unknown,Champions League QF (2nd leg),deportivo_2003_04 vs ac_milan_2003_04,deportivo_2003_04,Walter Pandiani,ST,9,Uruguay,1005,"Deportivo 4–0 AC Milan (Apr 7, 2004)",4-2-3-1,2003-04,Champions League QF (2nd leg),AC Milan,pandiani_walter,0.5,0.2,2
31,31,missing_xi_iconic_matches.csv,missing_xi_iconic_matches,Unknown,Champions League QF (2nd leg),deportivo_2003_04 vs ac_milan_2003_04,deportivo_2003_04,Víctor Sánchez,RW,11,Spain,1005,"Deportivo 4–0 AC Milan (Apr 7, 2004)",4-2-3-1,2003-04,Champions League QF (2nd leg),AC Milan,victor_sanchez,0.82,0.35,2
31,31,missing_xi_iconic_matches.csv,missing_xi_iconic_matches,Unknown,Champions League QF (2nd leg),deportivo_2003_04 vs ac_milan_2003_04,deportivo_2003_04,Jorge Andrade,LCB,14,Portugal,1005,"Deportivo 4–0 AC Milan (Apr 7, 2004)",4-2-3-1,2003-04,Champions League QF (2nd leg),AC Milan,andrade_jorge,0.35,0.85,2
31,31,missing_xi_iconic_matches.csv,missing_xi_iconic_matches,Unknown,Champions League QF (2nd leg),deportivo_2003_04 vs ac_milan_2003_04,deportivo_2003_04,Noureddine Naybet,RCB,15,Morocco,1005,"Deportivo 4–0 AC Milan (Apr 7, 2004)",4-2-3-1,2003-04,Champions League QF (2nd leg),AC Milan,naybet_noureddine,0.65,0.85,2
31,31,missing_xi_iconic_matches.csv,missing_xi_iconic_matches,Unknown,Champions League QF (2nd leg),deportivo_2003_04 vs ac_milan_2003_04,deportivo_2003_04,Juan Carlos Valerón,CAM,21,Spain,1005,"Deportivo 4–0 AC Milan (Apr 7, 2004)",4-2-3-1,2003-04,Champions League QF (2nd leg),AC Milan,valeron_juan_carlos,0.5,0.42,2
32,32,missing_xi_iconic_matches.csv,missing_xi_iconic_matches,Unknown,Champions League SF (1st leg),fc_barcelona_2014_15_sf vs bayern_munich_2014_15_sf,bayern_munich_2014_15_sf,Manuel Neuer,GK,1,Germany,1008,"Bayern 0–3 Barcelona (May 6, 2015)",4-3-3,2014-15,Champions League SF (1st leg),FC Barcelona,neuer_manuel,0.5,0.95,3
32,32,missing_xi_iconic_matches.csv,missing_xi_iconic_matches,Unknown,Champions League SF (1st leg),fc_barcelona_2014_15_sf vs bayern_munich_2014_15_sf,bayern_munich_2014_15_sf,Xabi Alonso,LCM,3,Spain,1008,"Bayern 0–3 Barcelona (May 6, 2015)",4-3-3,2014-15,Champions League SF (1st leg),FC Barcelona,alonso_xabi,0.38,0.6,3
32,32,missing_xi_iconic_matches.csv,missing_xi_iconic_matches,Unknown,Champions League SF (1st leg),fc_barcelona_2014_15_sf vs bayern_munich_2014_15_sf,bayern_munich_2014_15_sf,Medhi Benatia,LCB,5,Morocco,1008,"Bayern 0–3 Barcelona (May 6, 2015)",4-3-3,2014-15,Champions League SF (1st leg),FC Barcelona,benatia_medhi,0.35,0.85,3
32,32,missing_xi_iconic_matches.csv,missing_xi_iconic_matches,Unknown,Champions League SF (1st leg),fc_barcelona_2014_15_sf vs bayern_munich_2014_15_sf,bayern_munich_2014_15_sf,Thiago Alcântara,RCM,6,Spain,1008,"Bayern 0–3 Barcelona (May 6, 2015)",4-3-3,2014-15,Champions League SF (1st leg),FC Barcelona,thiago_alcantara,0.62,0.6,3
32,32,missing_xi_iconic_matches.csv,missing_xi_iconic_matches,Unknown,Champions League SF (1st leg),fc_barcelona_2014_15_sf vs bayern_munich_2014_15_sf,bayern_munich_2014_15_sf,Robert Lewandowski,ST,9,Poland,1008,"Bayern 0–3 Barcelona (May 6, 2015)",4-3-3,2014-15,Champions League SF (1st leg),FC Barcelona,lewandowski_robert,0.5,0.2,3
32,32,missing_xi_iconic_matches.csv,missing_xi_iconic_matches,Unknown,Champions League SF (1st leg),fc_barcelona_2014_15_sf vs bayern_munich_2014_15_sf,bayern_munich_2014_15_sf,Rafinha,RB,13,Brazil,1008,"Bayern 0–3 Barcelona (May 6, 2015)",4-3-3,2014-15,Champions League SF (1st leg),FC Barcelona,rafinha,0.82,0.8,3
32,32,missing_xi_iconic_matches.csv,missing_xi_iconic_matches,Unknown,Champions League SF (1st leg),fc_barcelona_2014_15_sf vs bayern_munich_2014_15_sf,bayern_munich_2014_15_sf,Jérôme Boateng,RCB,17,Germany,1008,"Bayern 0–3 Barcelona (May 6, 2015)",4-3-3,2014-15,Champions League SF (1st leg),FC Barcelona,boateng_jerome,0.65,0.85,3
32,32,missing_xi_iconic_matches.csv,missing_xi_iconic_matches,Unknown,Champions League SF (1st leg),fc_barcelona_2014_15_sf vs bayern_munich_2014_15_sf,bayern_munich_2014_15_sf,Juan Bernat,LB,18,Spain,1008,"Bayern 0–3 Barcelona (May 6, 2015)",4-3-3,2014-15,Champions League SF (1st leg),FC Barcelona,bernat_juan,0.18,0.8,3
32,32,missing_xi_iconic_matches.csv,missing_xi_iconic_matches,Unknown,Champions League SF (1st leg),fc_barcelona_2014_15_sf vs bayern_munich_2014_15_sf,bayern_munich_2014_15_sf,Philipp Lahm,DM,21,Germany,1008,"Bayern 0–3 Barcelona (May 6, 2015)",4-3-3,2014-15,Champions League SF (1st leg),FC Barcelona,lahm_philipp,0.5,0.68,3
32,32,missing_xi_iconic_matches.csv,missing_xi_iconic_matches,Unknown,Champions League SF (1st leg),fc_barcelona_2014_15_sf vs bayern_munich_2014_15_sf,bayern_munich_2014_15_sf,Thomas Müller,RW,25,Germany,1008,"Bayern 0–3 Barcelona (May 6, 2015)",4-3-3,2014-15,Champions League SF (1st leg),FC Barcelona,muller_thomas,0.82,0.35,3
32,32,missing_xi_iconic_matches.csv,missing_xi_iconic_matches,Unknown,Champions League SF (1st leg),fc_barcelona_2014_15_sf vs bayern_munich_2014_15_sf,bayern_munich_2014_15_sf,Bastian Schweinsteiger,CAM,31,Germany,1008,"Bayern 0–3 Barcelona (May 6, 2015)",4-3-3,2014-15,Champions League SF (1st leg),FC Barcelona,schweinsteiger_bastian,0.5,0.42,3
32,32,missing_xi_iconic_matches.csv,missing_xi_iconic_matches,Unknown,Champions League SF (1st leg),fc_barcelona_2014_15_sf vs bayern_munich_2014_15_sf,fc_barcelona_2014_15_sf,Marc-André ter Stegen,GK,1,Germany,1007,"Barcelona 3–0 Bayern (May 6, 2015)",4-3-3,2014-15,Champions League SF (1st leg),Bayern Munich,ter_stegen_marc,0.5,0.95,3
32,32,missing_xi_iconic_matches.csv,missing_xi_iconic_matches,Unknown,Champions League SF (1st leg),fc_barcelona_2014_15_sf vs bayern_munich_2014_15_sf,fc_barcelona_2014_15_sf,Gerard Piqué,RCB,3,Spain,1007,"Barcelona 3–0 Bayern (May 6, 2015)",4-3-3,2014-15,Champions League SF (1st leg),Bayern Munich,pique_gerard,0.65,0.85,3
32,32,missing_xi_iconic_matches.csv,missing_xi_iconic_matches,Unknown,Champions League SF (1st leg),fc_barcelona_2014_15_sf vs bayern_munich_2014_15_sf,fc_barcelona_2014_15_sf,Ivan Rakitić,RCM,4,Croatia,1007,"Barcelona 3–0 Bayern (May 6, 2015)",4-3-3,2014-15,Champions League SF (1st leg),Bayern Munich,rakitic_ivan,0.62,0.6,3
32,32,missing_xi_iconic_matches.csv,missing_xi_iconic_matches,Unknown,Champions League SF (1st leg),fc_barcelona_2014_15_sf vs bayern_munich_2014_15_sf,fc_barcelona_2014_15_sf,Sergio Busquets,DM,5,Spain,1007,"Barcelona 3–0 Bayern (May 6, 2015)",4-3-3,2014-15,Champions League SF (1st leg),Bayern Munich,busquets_sergio,0.5,0.68,3
32,32,missing_xi_iconic_matches.csv,missing_xi_iconic_matches,Unknown,Champions League SF (1st leg),fc_barcelona_2014_15_sf vs bayern_munich_2014_15_sf,fc_barcelona_2014_15_sf,Andrés Iniesta,LCM,8,Spain,1007,"Barcelona 3–0 Bayern (May 6, 2015)",4-3-3,2014-15,Champions League SF (1st leg),Bayern Munich,iniesta_andres,0.38,0.6,3
32,32,missing_xi_iconic_matches.csv,missing_xi_iconic_matches,Unknown,Champions League SF (1st leg),fc_barcelona_2014_15_sf vs bayern_munich_2014_15_sf,fc_barcelona_2014_15_sf,Luis Suárez,ST,9,Uruguay,1007,"Barcelona 3–0 Bayern (May 6, 2015)",4-3-3,2014-15,Champions League SF (1st leg),Bayern Munich,suarez_luis,0.5,0.2,3
32,32,missing_xi_iconic_matches.csv,missing_xi_iconic_matches,Unknown,Champions League SF (1st leg),fc_barcelona_2014_15_sf vs bayern_munich_2014_15_sf,fc_barcelona_2014_15_sf,Lionel Messi,RW,10,Argentina,1007,"Barcelona 3–0 Bayern (May 6, 2015)",4-3-3,2014-15,Champions League SF (1st leg),Bayern Munich,messi_lionel,0.82,0.35,3
32,32,missing_xi_iconic_matches.csv,missing_xi_iconic_matches,Unknown,Champions League SF (1st leg),fc_barcelona_2014_15_sf vs bayern_munich_2014_15_sf,fc_barcelona_2014_15_sf,Neymar,LW,11,Brazil,1007,"Barcelona 3–0 Bayern (May 6, 2015)",4-3-3,2014-15,Champions League SF (1st leg),Bayern Munich,neymar,0.18,0.35,3
32,32,missing_xi_iconic_matches.csv,missing_xi_iconic_matches,Unknown,Champions League SF (1st leg),fc_barcelona_2014_15_sf vs bayern_munich_2014_15_sf,fc_barcelona_2014_15_sf,Javier Mascherano,LCB,14,Argentina,1007,"Barcelona 3–0 Bayern (May 6, 2015)",4-3-3,2014-15,Champions League SF (1st leg),Bayern Munich,mascherano_javier,0.35,0.85,3
32,32,missing_xi_iconic_matches.csv,missing_xi_iconic_matches,Unknown,Champions League SF (1st leg),fc_barcelona_2014_15_sf vs bayern_munich_2014_15_sf,fc_barcelona_2014_15_sf,Jordi Alba,LB,18,Spain,1007,"Barcelona 3–0 Bayern (May 6, 2015)",4-3-3,2014-15,Champions League SF (1st leg),Bayern Munich,alba_jordi,0.18,0.8,3
32,32,missing_xi_iconic_matches.csv,missing_xi_iconic_matches,Unknown,Champions League SF (1st leg),fc_barcelona_2014_15_sf vs bayern_munich_2014_15_sf,fc_barcelona_2014_15_sf,Dani Alves,RB,22,Brazil,1007,"Barcelona 3–0 Bayern (May 6, 2015)",4-3-3,2014-15,Champions League SF (1st leg),Bayern Munich,alves_dani,0.82,0.8,3
33,33,missing_xi_iconic_matches.csv,missing_xi_iconic_matches,Unknown,Champions League QF,bayern_munich_2019_20_qf vs fc_barcelona_2019_20_qf,bayern_munich_2019_20_qf,Manuel Neuer,GK,1,Germany,1009,"Bayern 8–2 Barcelona (Aug 14, 2020)",4-2-3-1,2019-20,Champions League QF,FC Barcelona,neuer_manuel,0.5,0.95,4
33,33,missing_xi_iconic_matches.csv,missing_xi_iconic_matches,Unknown,Champions League QF,bayern_munich_2019_20_qf vs fc_barcelona_2019_20_qf,bayern_munich_2019_20_qf,Thiago Alcântara,RCM,6,Spain,1009,"Bayern 8–2 Barcelona (Aug 14, 2020)",4-2-3-1,2019-20,Champions League QF,FC Barcelona,thiago_alcantara,0.62,0.6,4
33,33,missing_xi_iconic_matches.csv,missing_xi_iconic_matches,Unknown,Champions League QF,bayern_munich_2019_20_qf vs fc_barcelona_2019_20_qf,bayern_munich_2019_20_qf,Robert Lewandowski,ST,9,Poland,1009,"Bayern 8–2 Barcelona (Aug 14, 2020)",4-2-3-1,2019-20,Champions League QF,FC Barcelona,lewandowski_robert,0.5,0.2,4
33,33,missing_xi_iconic_matches.csv,missing_xi_iconic_matches,Unknown,Champions League QF,bayern_munich_2019_20_qf vs fc_barcelona_2019_20_qf,bayern_munich_2019_20_qf,Ivan Perišić,LW,14,Croatia,1009,"Bayern 8–2 Barcelona (Aug 14, 2020)",4-2-3-1,2019-20,Champions League QF,FC Barcelona,perisic_ivan,0.18,0.35,4
33,33,missing_xi_iconic_matches.csv,missing_xi_iconic_matches,Unknown,Champions League QF,bayern_munich_2019_20_qf vs fc_barcelona_2019_20_qf,bayern_munich_2019_20_qf,Jérôme Boateng,RCB,17,Germany,1009,"Bayern 8–2 Barcelona (Aug 14, 2020)",4-2-3-1,2019-20,Champions League QF,FC Barcelona,boateng_jerome,0.65,0.85,4
33,33,missing_xi_iconic_matches.csv,missing_xi_iconic_matches,Unknown,Champions League QF,bayern_munich_2019_20_qf vs fc_barcelona_2019_20_qf,bayern_munich_2019_20_qf,Leon Goretzka,LCM,18,Germany,1009,"Bayern 8–2 Barcelona (Aug 14, 2020)",4-2-3-1,2019-20,Champions League QF,FC Barcelona,goretzka_leon,0.38,0.6,4
33,33,missing_xi_iconic_matches.csv,missing_xi_iconic_matches,Unknown,Champions League QF,bayern_munich_2019_20_qf vs fc_barcelona_2019_20_qf,bayern_munich_2019_20_qf,Alphonso Davies,LB,19,Canada,1009,"Bayern 8–2 Barcelona (Aug 14, 2020)",4-2-3-1,2019-20,Champions League QF,FC Barcelona,davies_alphonso,0.18,0.8,4
33,33,missing_xi_iconic_matches.csv,missing_xi_iconic_matches,Unknown,Champions League QF,bayern_munich_2019_20_qf vs fc_barcelona_2019_20_qf,bayern_munich_2019_20_qf,Serge Gnabry,RW,22,Germany,1009,"Bayern 8–2 Barcelona (Aug 14, 2020)",4-2-3-1,2019-20,Champions League QF,FC Barcelona,gnabry_serge,0.82,0.35,4
33,33,missing_xi_iconic_matches.csv,missing_xi_iconic_matches,Unknown,Champions League QF,bayern_munich_2019_20_qf vs fc_barcelona_2019_20_qf,bayern_munich_2019_20_qf,Thomas Müller,CAM,25,Germany,1009,"Bayern 8–2 Barcelona (Aug 14, 2020)",4-2-3-1,2019-20,Champions League QF,FC Barcelona,muller_thomas,0.5,0.42,4
33,33,missing_xi_iconic_matches.csv,missing_xi_iconic_matches,Unknown,Champions League QF,bayern_munich_2019_20_qf vs fc_barcelona_2019_20_qf,bayern_munich_2019_20_qf,David Alaba,LCB,27,Austria,1009,"Bayern 8–2 Barcelona (Aug 14, 2020)",4-2-3-1,2019-20,Champions League QF,FC Barcelona,alaba_david,0.35,0.85,4
33,33,missing_xi_iconic_matches.csv,missing_xi_iconic_matches,Unknown,Champions League QF,bayern_munich_2019_20_qf vs fc_barcelona_2019_20_qf,bayern_munich_2019_20_qf,Joshua Kimmich,RB,32,Germany,1009,"Bayern 8–2 Barcelona (Aug 14, 2020)",4-2-3-1,2019-20,Champions League QF,FC Barcelona,kimmich_joshua,0.82,0.8,4
33,33,missing_xi_iconic_matches.csv,missing_xi_iconic_matches,Unknown,Champions League QF,bayern_munich_2019_20_qf vs fc_barcelona_2019_20_qf,fc_barcelona_2019_20_qf,Marc-André ter Stegen,GK,1,Germany,1010,"Barcelona 2–8 Bayern (Aug 14, 2020)",4-4-2/4-3-3 hybrid,2019-20,Champions League QF,Bayern Munich,ter_stegen_marc,0.5,0.95,4
33,33,missing_xi_iconic_matches.csv,missing_xi_iconic_matches,Unknown,Champions League QF,bayern_munich_2019_20_qf vs fc_barcelona_2019_20_qf,fc_barcelona_2019_20_qf,Nélson Semedo,RB,2,Portugal,1010,"Barcelona 2–8 Bayern (Aug 14, 2020)",4-4-2/4-3-3 hybrid,2019-20,Champions League QF,Bayern Munich,semedo_nelson,0.82,0.8,4
33,33,missing_xi_iconic_matches.csv,missing_xi_iconic_matches,Unknown,Champions League QF,bayern_munich_2019_20_qf vs fc_barcelona_2019_20_qf,fc_barcelona_2019_20_qf,Gerard Piqué,RCB,3,Spain,1010,"Barcelona 2–8 Bayern (Aug 14, 2020)",4-4-2/4-3-3 hybrid,2019-20,Champions League QF,Bayern Munich,pique_gerard,0.65,0.85,4
33,33,missing_xi_iconic_matches.csv,missing_xi_iconic_matches,Unknown,Champions League QF,bayern_munich_2019_20_qf vs fc_barcelona_2019_20_qf,fc_barcelona_2019_20_qf,Sergio Busquets,DM,5,Spain,1010,"Barcelona 2–8 Bayern (Aug 14, 2020)",4-4-2/4-3-3 hybrid,2019-20,Champions League QF,Bayern Munich,busquets_sergio,0.5,0.68,4
33,33,missing_xi_iconic_matches.csv,missing_xi_iconic_matches,Unknown,Champions League QF,bayern_munich_2019_20_qf vs fc_barcelona_2019_20_qf,fc_barcelona_2019_20_qf,Luis Suárez,ST,9,Uruguay,1010,"Barcelona 2–8 Bayern (Aug 14, 2020)",4-4-2/4-3-3 hybrid,2019-20,Champions League QF,Bayern Munich,suarez_luis,0.5,0.2,4
33,33,missing_xi_iconic_matches.csv,missing_xi_iconic_matches,Unknown,Champions League QF,bayern_munich_2019_20_qf vs fc_barcelona_2019_20_qf,fc_barcelona_2019_20_qf,Lionel Messi,LW,10,Argentina,1010,"Barcelona 2–8 Bayern (Aug 14, 2020)",4-4-2/4-3-3 hybrid,2019-20,Champions League QF,Bayern Munich,messi_lionel,0.18,0.35,4
33,33,missing_xi_iconic_matches.csv,missing_xi_iconic_matches,Unknown,Champions League QF,bayern_munich_2019_20_qf vs fc_barcelona_2019_20_qf,fc_barcelona_2019_20_qf,Clément Lenglet,LCB,15,France,1010,"Barcelona 2–8 Bayern (Aug 14, 2020)",4-4-2/4-3-3 hybrid,2019-20,Champions League QF,Bayern Munich,lenglet_clement,0.35,0.85,4
33,33,missing_xi_iconic_matches.csv,missing_xi_iconic_matches,Unknown,Champions League QF,bayern_munich_2019_20_qf vs fc_barcelona_2019_20_qf,fc_barcelona_2019_20_qf,Jordi Alba,LB,18,Spain,1010,"Barcelona 2–8 Bayern (Aug 14, 2020)",4-4-2/4-3-3 hybrid,2019-20,Champions League QF,Bayern Munich,alba_jordi,0.18,0.8,4
33,33,missing_xi_iconic_matches.csv,missing_xi_iconic_matches,Unknown,Champions League QF,bayern_munich_2019_20_qf vs fc_barcelona_2019_20_qf,fc_barcelona_2019_20_qf,Sergi Roberto,RCM,20,Spain,1010,"Barcelona 2–8 Bayern (Aug 14, 2020)",4-4-2/4-3-3 hybrid,2019-20,Champions League QF,Bayern Munich,roberto_sergi,0.62,0.6,4
33,33,missing_xi_iconic_matches.csv,missing_xi_iconic_matches,Unknown,Champions League QF,bayern_munich_2019_20_qf vs fc_barcelona_2019_20_qf,fc_barcelona_2019_20_qf,Frenkie de Jong,LCM,21,Netherlands,1010,"Barcelona 2–8 Bayern (Aug 14, 2020)",4-4-2/4-3-3 hybrid,2019-20,Champions League QF,Bayern Munich,de_jong_frenkie,0.38,0.6,4
33,33,missing_xi_iconic_matches.csv,missing_xi_iconic_matches,Unknown,Champions League QF,bayern_munich_2019_20_qf vs fc_barcelona_2019_20_qf,fc_barcelona_2019_20_qf,Arturo Vidal,RW,22,Chile,1010,"Barcelona 2–8 Bayern (Aug 14, 2020)",4-4-2/4-3-3 hybrid,2019-20,Champions League QF,Bayern Munich,vidal_arturo,0.82,0.35,4
34,34,missing_xi_iconic_matches.csv,missing_xi_iconic_matches,Unknown,La Liga,real_madrid_2008_09 vs fc_barcelona_2008_09,fc_barcelona_2008_09,Víctor Valdés,GK,1,Spain,1012,"Barcelona 6–2 Real Madrid (May 2, 2009)",4-3-3,2008-09,La Liga,Real Madrid,valdes_victor,0.5,0.95,5
34,34,missing_xi_iconic_matches.csv,missing_xi_iconic_matches,Unknown,La Liga,real_madrid_2008_09 vs fc_barcelona_2008_09,fc_barcelona_2008_09,Gerard Piqué,RCB,3,Spain,1012,"Barcelona 6–2 Real Madrid (May 2, 2009)",4-3-3,2008-09,La Liga,Real Madrid,pique_gerard,0.65,0.85,5
34,34,missing_xi_iconic_matches.csv,missing_xi_iconic_matches,Unknown,La Liga,real_madrid_2008_09 vs fc_barcelona_2008_09,fc_barcelona_2008_09,Carles Puyol,LCB,5,Spain,1012,"Barcelona 6–2 Real Madrid (May 2, 2009)",4-3-3,2008-09,La Liga,Real Madrid,puyol_carles,0.35,0.85,5
34,34,missing_xi_iconic_matches.csv,missing_xi_iconic_matches,Unknown,La Liga,real_madrid_2008_09 vs fc_barcelona_2008_09,fc_barcelona_2008_09,Xavi,RCM,6,Spain,1012,"Barcelona 6–2 Real Madrid (May 2, 2009)",4-3-3,2008-09,La Liga,Real Madrid,xavi,0.62,0.6,5
34,34,missing_xi_iconic_matches.csv,missing_xi_iconic_matches,Unknown,La Liga,real_madrid_2008_09 vs fc_barcelona_2008_09,fc_barcelona_2008_09,Andrés Iniesta,LCM,8,Spain,1012,"Barcelona 6–2 Real Madrid (May 2, 2009)",4-3-3,2008-09,La Liga,Real Madrid,iniesta_andres,0.38,0.6,5
34,34,missing_xi_iconic_matches.csv,missing_xi_iconic_matches,Unknown,La Liga,real_madrid_2008_09 vs fc_barcelona_2008_09,fc_barcelona_2008_09,Samuel Eto'o,ST,9,Cameroon,1012,"Barcelona 6–2 Real Madrid (May 2, 2009)",4-3-3,2008-09,La Liga,Real Madrid,etoo_samuel,0.5,0.2,5
34,34,missing_xi_iconic_matches.csv,missing_xi_iconic_matches,Unknown,La Liga,real_madrid_2008_09 vs fc_barcelona_2008_09,fc_barcelona_2008_09,Lionel Messi,RW,10,Argentina,1012,"Barcelona 6–2 Real Madrid (May 2, 2009)",4-3-3,2008-09,La Liga,Real Madrid,messi_lionel,0.82,0.35,5
34,34,missing_xi_iconic_matches.csv,missing_xi_iconic_matches,Unknown,La Liga,real_madrid_2008_09 vs fc_barcelona_2008_09,fc_barcelona_2008_09,Thierry Henry,LW,14,France,1012,"Barcelona 6–2 Real Madrid (May 2, 2009)",4-3-3,2008-09,La Liga,Real Madrid,henry_thierry,0.18,0.35,5
34,34,missing_xi_iconic_matches.csv,missing_xi_iconic_matches,Unknown,La Liga,real_madrid_2008_09 vs fc_barcelona_2008_09,fc_barcelona_2008_09,Dani Alves,RB,20,Brazil,1012,"Barcelona 6–2 Real Madrid (May 2, 2009)",4-3-3,2008-09,La Liga,Real Madrid,alves_dani,0.82,0.8,5
34,34,missing_xi_iconic_matches.csv,missing_xi_iconic_matches,Unknown,La Liga,real_madrid_2008_09 vs fc_barcelona_2008_09,fc_barcelona_2008_09,Éric Abidal,LB,22,France,1012,"Barcelona 6–2 Real Madrid (May 2, 2009)",4-3-3,2008-09,La Liga,Real Madrid,abidal_eric,0.18,0.8,5
34,34,missing_xi_iconic_matches.csv,missing_xi_iconic_matches,Unknown,La Liga,real_madrid_2008_09 vs fc_barcelona_2008_09,fc_barcelona_2008_09,Yaya Touré,DM,24,Côte d’Ivoire,1012,"Barcelona 6–2 Real Madrid (May 2, 2009)",4-3-3,2008-09,La Liga,Real Madrid,toure_yaya,0.5,0.68,5
34,34,missing_xi_iconic_matches.csv,missing_xi_iconic_matches,Unknown,La Liga,real_madrid_2008_09 vs fc_barcelona_2008_09,real_madrid_2008_09,Iker Casillas,GK,1,Spain,1011,"Real Madrid 2–6 Barcelona (May 2, 2009)",4-2-3-1,2008-09,La Liga,FC Barcelona,casillas_iker,0.5,0.95,5
34,34,missing_xi_iconic_matches.csv,missing_xi_iconic_matches,Unknown,La Liga,real_madrid_2008_09 vs fc_barcelona_2008_09,real_madrid_2008_09,Sergio Ramos,RB,4,Spain,1011,"Real Madrid 2–6 Barcelona (May 2, 2009)",4-2-3-1,2008-09,La Liga,FC Barcelona,ramos_sergio,0.82,0.8,5
34,34,missing_xi_iconic_matches.csv,missing_xi_iconic_matches,Unknown,La Liga,real_madrid_2008_09 vs fc_barcelona_2008_09,real_madrid_2008_09,Fabio Cannavaro,RCB,5,Italy,1011,"Real Madrid 2–6 Barcelona (May 2, 2009)",4-2-3-1,2008-09,La Liga,FC Barcelona,cannavaro_fabio,0.65,0.85,5
34,34,missing_xi_iconic_matches.csv,missing_xi_iconic_matches,Unknown,La Liga,real_madrid_2008_09 vs fc_barcelona_2008_09,real_madrid_2008_09,Lassana Diarra,RCM,6,France,1011,"Real Madrid 2–6 Barcelona (May 2, 2009)",4-2-3-1,2008-09,La Liga,FC Barcelona,diarra_lassana,0.62,0.6,5
34,34,missing_xi_iconic_matches.csv,missing_xi_iconic_matches,Unknown,La Liga,real_madrid_2008_09 vs fc_barcelona_2008_09,real_madrid_2008_09,Raúl,CAM,7,Spain,1011,"Real Madrid 2–6 Barcelona (May 2, 2009)",4-2-3-1,2008-09,La Liga,FC Barcelona,raul_gonzalez,0.5,0.42,5
34,34,missing_xi_iconic_matches.csv,missing_xi_iconic_matches,Unknown,La Liga,real_madrid_2008_09 vs fc_barcelona_2008_09,real_madrid_2008_09,Fernando Gago,LCM,8,Argentina,1011,"Real Madrid 2–6 Barcelona (May 2, 2009)",4-2-3-1,2008-09,La Liga,FC Barcelona,gago_fernando,0.38,0.6,5
34,34,missing_xi_iconic_matches.csv,missing_xi_iconic_matches,Unknown,La Liga,real_madrid_2008_09 vs fc_barcelona_2008_09,real_madrid_2008_09,Arjen Robben,RW,11,Netherlands,1011,"Real Madrid 2–6 Barcelona (May 2, 2009)",4-2-3-1,2008-09,La Liga,FC Barcelona,robben_arjen,0.82,0.35,5
34,34,missing_xi_iconic_matches.csv,missing_xi_iconic_matches,Unknown,La Liga,real_madrid_2008_09 vs fc_barcelona_2008_09,real_madrid_2008_09,Marcelo,LW,12,Brazil,1011,"Real Madrid 2–6 Barcelona (May 2, 2009)",4-2-3-1,2008-09,La Liga,FC Barcelona,marcelo_vieira,0.18,0.35,5
34,34,missing_xi_iconic_matches.csv,missing_xi_iconic_matches,Unknown,La Liga,real_madrid_2008_09 vs fc_barcelona_2008_09,real_madrid_2008_09,Gabriel Heinze,LB,16,Argentina,1011,"Real Madrid 2–6 Barcelona (May 2, 2009)",4-2-3-1,2008-09,La Liga,FC Barcelona,heinze_gabriel,0.18,0.8,5
34,34,missing_xi_iconic_matches.csv,missing_xi_iconic_matches,Unknown,La Liga,real_madrid_2008_09 vs fc_barcelona_2008_09,real_madrid_2008_09,Gonzalo Higuaín,ST,20,Argentina,1011,"Real Madrid 2–6 Barcelona (May 2, 2009)",4-2-3-1,2008-09,La Liga,FC Barcelona,higuain_gonzalo,0.5,0.2,5
34,34,missing_xi_iconic_matches.csv,missing_xi_iconic_matches,Unknown,La Liga,real_madrid_2008_09 vs fc_barcelona_2008_09,real_madrid_2008_09,Christoph Metzelder,LCB,21,Germany,1011,"Real Madrid 2–6 Barcelona (May 2, 2009)",4-2-3-1,2008-09,La Liga,FC Barcelona,metzelder_christoph,0.35,0.85,5
35,35,missing_xi_iconic_matches.csv,missing_xi_iconic_matches,Unknown,Champions League Final,ac_milan_2004_05 vs liverpool_2004_05,ac_milan_2004_05,Dida,GK,1,Brazil,1013,"AC Milan 3–3 Liverpool (May 25, 2005)",4-3-1-2,2004-05,Champions League Final,Liverpool,dida,0.5,0.95,6
35,35,missing_xi_iconic_matches.csv,missing_xi_iconic_matches,Unknown,Champions League Final,ac_milan_2004_05 vs liverpool_2004_05,ac_milan_2004_05,Cafú,RB,2,Brazil,1013,"AC Milan 3–3 Liverpool (May 25, 2005)",4-3-1-2,2004-05,Champions League Final,Liverpool,cafu,0.82,0.8,6
35,35,missing_xi_iconic_matches.csv,missing_xi_iconic_matches,Unknown,Champions League Final,ac_milan_2004_05 vs liverpool_2004_05,ac_milan_2004_05,Paolo Maldini,LB,3,Italy,1013,"AC Milan 3–3 Liverpool (May 25, 2005)",4-3-1-2,2004-05,Champions League Final,Liverpool,maldini_paolo,0.18,0.8,6
35,35,missing_xi_iconic_matches.csv,missing_xi_iconic_matches,Unknown,Champions League Final,ac_milan_2004_05 vs liverpool_2004_05,ac_milan_2004_05,Andriy Shevchenko,LST,7,Ukraine,1013,"AC Milan 3–3 Liverpool (May 25, 2005)",4-3-1-2,2004-05,Champions League Final,Liverpool,shevchenko_andriy,0.42,0.2,6
35,35,missing_xi_iconic_matches.csv,missing_xi_iconic_matches,Unknown,Champions League Final,ac_milan_2004_05 vs liverpool_2004_05,ac_milan_2004_05,Gennaro Gattuso,RCM,8,Italy,1013,"AC Milan 3–3 Liverpool (May 25, 2005)",4-3-1-2,2004-05,Champions League Final,Liverpool,gattuso_gennaro,0.62,0.6,6
35,35,missing_xi_iconic_matches.csv,missing_xi_iconic_matches,Unknown,Champions League Final,ac_milan_2004_05 vs liverpool_2004_05,ac_milan_2004_05,Hernán Crespo,RST,11,Argentina,1013,"AC Milan 3–3 Liverpool (May 25, 2005)",4-3-1-2,2004-05,Champions League Final,Liverpool,crespo_hernan,0.58,0.2,6
35,35,missing_xi_iconic_matches.csv,missing_xi_iconic_matches,Unknown,Champions League Final,ac_milan_2004_05 vs liverpool_2004_05,ac_milan_2004_05,Alessandro Nesta,RCB,13,Italy,1013,"AC Milan 3–3 Liverpool (May 25, 2005)",4-3-1-2,2004-05,Champions League Final,Liverpool,nesta_alessandro,0.65,0.85,6
35,35,missing_xi_iconic_matches.csv,missing_xi_iconic_matches,Unknown,Champions League Final,ac_milan_2004_05 vs liverpool_2004_05,ac_milan_2004_05,Clarence Seedorf,LCM,20,Netherlands,1013,"AC Milan 3–3 Liverpool (May 25, 2005)",4-3-1-2,2004-05,Champions League Final,Liverpool,seedorf_clarence,0.38,0.6,6
35,35,missing_xi_iconic_matches.csv,missing_xi_iconic_matches,Unknown,Champions League Final,ac_milan_2004_05 vs liverpool_2004_05,ac_milan_2004_05,Andrea Pirlo,CM,21,Italy,1013,"AC Milan 3–3 Liverpool (May 25, 2005)",4-3-1-2,2004-05,Champions League Final,Liverpool,pirlo_andrea,0.5,0.6,6
35,35,missing_xi_iconic_matches.csv,missing_xi_iconic_matches,Unknown,Champions League Final,ac_milan_2004_05 vs liverpool_2004_05,ac_milan_2004_05,Kaká,CAM,22,Brazil,1013,"AC Milan 3–3 Liverpool (May 25, 2005)",4-3-1-2,2004-05,Champions League Final,Liverpool,kaka,0.5,0.42,6
35,35,missing_xi_iconic_matches.csv,missing_xi_iconic_matches,Unknown,Champions League Final,ac_milan_2004_05 vs liverpool_2004_05,ac_milan_2004_05,Jaap Stam,LCB,31,Netherlands,1013,"AC Milan 3–3 Liverpool (May 25, 2005)",4-3-1-2,2004-05,Champions League Final,Liverpool,stam_jaap,0.35,0.85,6
35,35,missing_xi_iconic_matches.csv,missing_xi_iconic_matches,Unknown,Champions League Final,ac_milan_2004_05 vs liverpool_2004_05,liverpool_2004_05,Jerzy Dudek,GK,1,Poland,1014,"Liverpool 3–3 AC Milan (May 25, 2005)",4-2-3-1/4-4-1-1,2004-05,Champions League Final,AC Milan,dudek_jerzy,0.5,0.95,6
35,35,missing_xi_iconic_matches.csv,missing_xi_iconic_matches,Unknown,Champions League Final,ac_milan_2004_05 vs liverpool_2004_05,liverpool_2004_05,Steve Finnan,RB,3,Republic of Ireland,1014,"Liverpool 3–3 AC Milan (May 25, 2005)",4-2-3-1/4-4-1-1,2004-05,Champions League Final,AC Milan,finnan_steve,0.82,0.8,6
35,35,missing_xi_iconic_matches.csv,missing_xi_iconic_matches,Unknown,Champions League Final,ac_milan_2004_05 vs liverpool_2004_05,liverpool_2004_05,Sami Hyypiä,LCB,4,Finland,1014,"Liverpool 3–3 AC Milan (May 25, 2005)",4-2-3-1/4-4-1-1,2004-05,Champions League Final,AC Milan,hyypia_sami,0.35,0.85,6
35,35,missing_xi_iconic_matches.csv,missing_xi_iconic_matches,Unknown,Champions League Final,ac_milan_2004_05 vs liverpool_2004_05,liverpool_2004_05,Milan Baroš,ST,5,Czech Republic,1014,"Liverpool 3–3 AC Milan (May 25, 2005)",4-2-3-1/4-4-1-1,2004-05,Champions League Final,AC Milan,baros_milan,0.5,0.2,6
35,35,missing_xi_iconic_matches.csv,missing_xi_iconic_matches,Unknown,Champions League Final,ac_milan_2004_05 vs liverpool_2004_05,liverpool_2004_05,John Arne Riise,LW,6,Norway,1014,"Liverpool 3–3 AC Milan (May 25, 2005)",4-2-3-1/4-4-1-1,2004-05,Champions League Final,AC Milan,riise_john_arne,0.18,0.35,6
35,35,missing_xi_iconic_matches.csv,missing_xi_iconic_matches,Unknown,Champions League Final,ac_milan_2004_05 vs liverpool_2004_05,liverpool_2004_05,Harry Kewell,CAM,7,Australia,1014,"Liverpool 3–3 AC Milan (May 25, 2005)",4-2-3-1/4-4-1-1,2004-05,Champions League Final,AC Milan,kewell_harry,0.5,0.42,6
35,35,missing_xi_iconic_matches.csv,missing_xi_iconic_matches,Unknown,Champions League Final,ac_milan_2004_05 vs liverpool_2004_05,liverpool_2004_05,Steven Gerrard,LCM,8,England,1014,"Liverpool 3–3 AC Milan (May 25, 2005)",4-2-3-1/4-4-1-1,2004-05,Champions League Final,AC Milan,gerrard_steven,0.38,0.6,6
35,35,missing_xi_iconic_matches.csv,missing_xi_iconic_matches,Unknown,Champions League Final,ac_milan_2004_05 vs liverpool_2004_05,liverpool_2004_05,Luis García,RW,10,Spain,1014,"Liverpool 3–3 AC Milan (May 25, 2005)",4-2-3-1/4-4-1-1,2004-05,Champions League Final,AC Milan,garcia_luis,0.82,0.35,6
35,35,missing_xi_iconic_matches.csv,missing_xi_iconic_matches,Unknown,Champions League Final,ac_milan_2004_05 vs liverpool_2004_05,liverpool_2004_05,Xabi Alonso,RCM,14,Spain,1014,"Liverpool 3–3 AC Milan (May 25, 2005)",4-2-3-1/4-4-1-1,2004-05,Champions League Final,AC Milan,alonso_xabi,0.62,0.6,6
35,35,missing_xi_iconic_matches.csv,missing_xi_iconic_matches,Unknown,Champions League Final,ac_milan_2004_05 vs liverpool_2004_05,liverpool_2004_05,Djimi Traoré,LB,21,Mali,1014,"Liverpool 3–3 AC Milan (May 25, 2005)",4-2-3-1/4-4-1-1,2004-05,Champions League Final,AC Milan,traore_djimi,0.18,0.8,6
35,35,missing_xi_iconic_matches.csv,missing_xi_iconic_matches,Unknown,Champions League Final,ac_milan_2004_05 vs liverpool_2004_05,liverpool_2004_05,Jamie Carragher,RCB,23,England,1014,"Liverpool 3–3 AC Milan (May 25, 2005)",4-2-3-1/4-4-1-1,2004-05,Champions League Final,AC Milan,carragher_jamie,0.65,0.85,6
36,36,missing_xi_iconic_matches.csv,missing_xi_iconic_matches,Unknown,Champions League QF (2nd leg),manchester_united_2006_07 vs as_roma_2006_07,as_roma_2006_07,Christian Panucci,RB,2,Italy,1016,"Roma 1–7 Manchester United (Apr 10, 2007)",4-2-3-1,2006-07,Champions League QF (2nd leg),Manchester United,panucci_christian,0.82,0.8,7
36,36,missing_xi_iconic_matches.csv,missing_xi_iconic_matches,Unknown,Champions League QF (2nd leg),manchester_united_2006_07 vs as_roma_2006_07,as_roma_2006_07,Philippe Mexès,RCB,5,France,1016,"Roma 1–7 Manchester United (Apr 10, 2007)",4-2-3-1,2006-07,Champions League QF (2nd leg),Manchester United,mexes_philippe,0.65,0.85,7
36,36,missing_xi_iconic_matches.csv,missing_xi_iconic_matches,Unknown,Champions League QF (2nd leg),manchester_united_2006_07 vs as_roma_2006_07,as_roma_2006_07,Christian Wilhelmsson,CAM,9,Sweden,1016,"Roma 1–7 Manchester United (Apr 10, 2007)",4-2-3-1,2006-07,Champions League QF (2nd leg),Manchester United,wilhelmsson_christian,0.5,0.42,7
36,36,missing_xi_iconic_matches.csv,missing_xi_iconic_matches,Unknown,Champions League QF (2nd leg),manchester_united_2006_07 vs as_roma_2006_07,as_roma_2006_07,Francesco Totti,ST,10,Italy,1016,"Roma 1–7 Manchester United (Apr 10, 2007)",4-2-3-1,2006-07,Champions League QF (2nd leg),Manchester United,totti_francesco,0.5,0.2,7
36,36,missing_xi_iconic_matches.csv,missing_xi_iconic_matches,Unknown,Champions League QF (2nd leg),manchester_united_2006_07 vs as_roma_2006_07,as_roma_2006_07,Rodrigo Taddei,LW,11,Brazil,1016,"Roma 1–7 Manchester United (Apr 10, 2007)",4-2-3-1,2006-07,Champions League QF (2nd leg),Manchester United,taddei_rodrigo,0.18,0.35,7
36,36,missing_xi_iconic_matches.csv,missing_xi_iconic_matches,Unknown,Champions League QF (2nd leg),manchester_united_2006_07 vs as_roma_2006_07,as_roma_2006_07,Cristian Chivu,LCB,13,Romania,1016,"Roma 1–7 Manchester United (Apr 10, 2007)",4-2-3-1,2006-07,Champions League QF (2nd leg),Manchester United,chivu_cristian,0.35,0.85,7
36,36,missing_xi_iconic_matches.csv,missing_xi_iconic_matches,Unknown,Champions League QF (2nd leg),manchester_united_2006_07 vs as_roma_2006_07,as_roma_2006_07,Daniele De Rossi,RCM,16,Italy,1016,"Roma 1–7 Manchester United (Apr 10, 2007)",4-2-3-1,2006-07,Champions League QF (2nd leg),Manchester United,de_rossi_daniele,0.62,0.6,7
36,36,missing_xi_iconic_matches.csv,missing_xi_iconic_matches,Unknown,Champions League QF (2nd leg),manchester_united_2006_07 vs as_roma_2006_07,as_roma_2006_07,David Pizarro,LCM,20,Chile,1016,"Roma 1–7 Manchester United (Apr 10, 2007)",4-2-3-1,2006-07,Champions League QF (2nd leg),Manchester United,pizarro_david,0.38,0.6,7
36,36,missing_xi_iconic_matches.csv,missing_xi_iconic_matches,Unknown,Champions League QF (2nd leg),manchester_united_2006_07 vs as_roma_2006_07,as_roma_2006_07,Mancini,RW,30,Brazil,1016,"Roma 1–7 Manchester United (Apr 10, 2007)",4-2-3-1,2006-07,Champions League QF (2nd leg),Manchester United,mancini_amantino,0.82,0.35,7
36,36,missing_xi_iconic_matches.csv,missing_xi_iconic_matches,Unknown,Champions League QF (2nd leg),manchester_united_2006_07 vs as_roma_2006_07,as_roma_2006_07,Doni,GK,32,Brazil,1016,"Roma 1–7 Manchester United (Apr 10, 2007)",4-2-3-1,2006-07,Champions League QF (2nd leg),Manchester United,doni,0.5,0.95,7
36,36,missing_xi_iconic_matches.csv,missing_xi_iconic_matches,Unknown,Champions League QF (2nd leg),manchester_united_2006_07 vs as_roma_2006_07,as_roma_2006_07,Marco Cassetti,LB,77,Italy,1016,"Roma 1–7 Manchester United (Apr 10, 2007)",4-2-3-1,2006-07,Champions League QF (2nd leg),Manchester United,cassetti_marco,0.18,0.8,7
36,36,missing_xi_iconic_matches.csv,missing_xi_iconic_matches,Unknown,Champions League QF (2nd leg),manchester_united_2006_07 vs as_roma_2006_07,manchester_united_2006_07,Edwin van der Sar,GK,1,Netherlands,1015,"Manchester United 7–1 Roma (Apr 10, 2007)",4-2-3-1,2006-07,Champions League QF (2nd leg),AS Roma,van_der_sar_edwin,0.5,0.95,7
36,36,missing_xi_iconic_matches.csv,missing_xi_iconic_matches,Unknown,Champions League QF (2nd leg),manchester_united_2006_07 vs as_roma_2006_07,manchester_united_2006_07,Patrice Evra,LB,3,France,1015,"Manchester United 7–1 Roma (Apr 10, 2007)",4-2-3-1,2006-07,Champions League QF (2nd leg),AS Roma,evra_patrice,0.18,0.8,7
36,36,missing_xi_iconic_matches.csv,missing_xi_iconic_matches,Unknown,Champions League QF (2nd leg),manchester_united_2006_07 vs as_roma_2006_07,manchester_united_2006_07,Gabriel Heinze,LCB,4,Argentina,1015,"Manchester United 7–1 Roma (Apr 10, 2007)",4-2-3-1,2006-07,Champions League QF (2nd leg),AS Roma,heinze_gabriel,0.35,0.85,7
36,36,missing_xi_iconic_matches.csv,missing_xi_iconic_matches,Unknown,Champions League QF (2nd leg),manchester_united_2006_07 vs as_roma_2006_07,manchester_united_2006_07,Wes Brown,RCB,6,England,1015,"Manchester United 7–1 Roma (Apr 10, 2007)",4-2-3-1,2006-07,Champions League QF (2nd leg),AS Roma,brown_wes,0.65,0.85,7
36,36,missing_xi_iconic_matches.csv,missing_xi_iconic_matches,Unknown,Champions League QF (2nd leg),manchester_united_2006_07 vs as_roma_2006_07,manchester_united_2006_07,Cristiano Ronaldo,RW,7,Portugal,1015,"Manchester United 7–1 Roma (Apr 10, 2007)",4-2-3-1,2006-07,Champions League QF (2nd leg),AS Roma,ronaldo_cristiano,0.82,0.35,7
36,36,missing_xi_iconic_matches.csv,missing_xi_iconic_matches,Unknown,Champions League QF (2nd leg),manchester_united_2006_07 vs as_roma_2006_07,manchester_united_2006_07,Wayne Rooney,ST,8,England,1015,"Manchester United 7–1 Roma (Apr 10, 2007)",4-2-3-1,2006-07,Champions League QF (2nd leg),AS Roma,rooney_wayne,0.5,0.2,7
36,36,missing_xi_iconic_matches.csv,missing_xi_iconic_matches,Unknown,Champions League QF (2nd leg),manchester_united_2006_07 vs as_roma_2006_07,manchester_united_2006_07,Ryan Giggs,CAM,11,Wales,1015,"Manchester United 7–1 Roma (Apr 10, 2007)",4-2-3-1,2006-07,Champions League QF (2nd leg),AS Roma,giggs_ryan,0.5,0.42,7
36,36,missing_xi_iconic_matches.csv,missing_xi_iconic_matches,Unknown,Champions League QF (2nd leg),manchester_united_2006_07 vs as_roma_2006_07,manchester_united_2006_07,Alan Smith,LW,14,England,1015,"Manchester United 7–1 Roma (Apr 10, 2007)",4-2-3-1,2006-07,Champions League QF (2nd leg),AS Roma,smith_alan,0.18,0.35,7
36,36,missing_xi_iconic_matches.csv,missing_xi_iconic_matches,Unknown,Champions League QF (2nd leg),manchester_united_2006_07 vs as_roma_2006_07,manchester_united_2006_07,Michael Carrick,RCM,16,England,1015,"Manchester United 7–1 Roma (Apr 10, 2007)",4-2-3-1,2006-07,Champions League QF (2nd leg),AS Roma,carrick_michael,0.62,0.6,7
36,36,missing_xi_iconic_matches.csv,missing_xi_iconic_matches,Unknown,Champions League QF (2nd leg),manchester_united_2006_07 vs as_roma_2006_07,manchester_united_2006_07,John O'Shea,RB,22,Republic of Ireland,1015,"Manchester United 7–1 Roma (Apr 10, 2007)",4-2-3-1,2006-07,Champions League QF (2nd leg),AS Roma,oshea_john,0.82,0.8,7
36,36,missing_xi_iconic_matches.csv,missing_xi_iconic_matches,Unknown,Champions League QF (2nd leg),manchester_united_2006_07 vs as_roma_2006_07,manchester_united_2006_07,Darren Fletcher,LCM,24,Scotland,1015,"Manchester United 7–1 Roma (Apr 10, 2007)",4-2-3-1,2006-07,Champions League QF (2nd leg),AS Roma,fletcher_darren,0.38,0.6,7
37,37,missing_xi_italy_batch2.csv,missing_xi_italy_batch2,Unknown,Serie A,juventus_2016_17_ucl_finalists vs roma_2000_01_serie_a,juventus_2016_17_ucl_finalists,Gianluigi Buffon,GK,1,Italy,109,Juventus – 2016/17 Champions League finalists,3-5-2,2016-17,Serie A,Napoli,buffon_gianluigi,0.5,0.95,0
37,37,missing_xi_italy_batch2.csv,missing_xi_italy_batch2,Unknown,Serie A,juventus_2016_17_ucl_finalists vs roma_2000_01_serie_a,juventus_2016_17_ucl_finalists,Giorgio Chiellini,LCB,3,Italy,109,Juventus – 2016/17 Champions League finalists,3-5-2,2016-17,Serie A,Napoli,chiellini_giorgio,0.35,0.85,0
37,37,missing_xi_italy_batch2.csv,missing_xi_italy_batch2,Unknown,Serie A,juventus_2016_17_ucl_finalists vs roma_2000_01_serie_a,juventus_2016_17_ucl_finalists,Miralem Pjanic,LCM,5,Bosnia and Herzegovina,109,Juventus – 2016/17 Champions League finalists,3-5-2,2016-17,Serie A,Napoli,pjanic_miralem,0.38,0.6,0
37,37,missing_xi_italy_batch2.csv,missing_xi_italy_batch2,Unknown,Serie A,juventus_2016_17_ucl_finalists vs roma_2000_01_serie_a,juventus_2016_17_ucl_finalists,Sami Khedira,LM,6,Germany,109,Juventus – 2016/17 Champions League finalists,3-5-2,2016-17,Serie A,Napoli,khedira_sami,0.18,0.6,0
37,37,missing_xi_italy_batch2.csv,missing_xi_italy_batch2,Unknown,Serie A,juventus_2016_17_ucl_finalists vs roma_2000_01_serie_a,juventus_2016_17_ucl_finalists,Claudio Marchisio,RCM,8,Italy,109,Juventus – 2016/17 Champions League finalists,3-5-2,2016-17,Serie A,Napoli,marchisio_claudio,0.62,0.6,0
37,37,missing_xi_italy_batch2.csv,missing_xi_italy_batch2,Unknown,Serie A,juventus_2016_17_ucl_finalists vs roma_2000_01_serie_a,juventus_2016_17_ucl_finalists,Gonzalo Higuain,RST,9,Argentina,109,Juventus – 2016/17 Champions League finalists,3-5-2,2016-17,Serie A,Napoli,higuain_gonzalo,0.6,0.2,0
37,37,missing_xi_italy_batch2.csv,missing_xi_italy_batch2,Unknown,Serie A,juventus_2016_17_ucl_finalists vs roma_2000_01_serie_a,juventus_2016_17_ucl_finalists,Alex Sandro,LB,12,Brazil,109,Juventus – 2016/17 Champions League finalists,3-5-2,2016-17,Serie A,Napoli,alex_sandro,0.18,0.8,0
37,37,missing_xi_italy_batch2.csv,missing_xi_italy_batch2,Unknown,Serie A,juventus_2016_17_ucl_finalists vs roma_2000_01_serie_a,juventus_2016_17_ucl_finalists,Andrea Barzagli,RB,15,Italy,109,Juventus – 2016/17 Champions League finalists,3-5-2,2016-17,Serie A,Napoli,barzagli_andrea,0.82,0.8,0
37,37,missing_xi_italy_batch2.csv,missing_xi_italy_batch2,Unknown,Serie A,juventus_2016_17_ucl_finalists vs roma_2000_01_serie_a,juventus_2016_17_ucl_finalists,Leonardo Bonucci,RCB,19,Italy,109,Juventus – 2016/17 Champions League finalists,3-5-2,2016-17,Serie A,Napoli,bonucci_leonardo,0.65,0.85,0
37,37,missing_xi_italy_batch2.csv,missing_xi_italy_batch2,Unknown,Serie A,juventus_2016_17_ucl_finalists vs roma_2000_01_serie_a,juventus_2016_17_ucl_finalists,Paulo Dybala,LST,21,Argentina,109,Juventus – 2016/17 Champions League finalists,3-5-2,2016-17,Serie A,Napoli,dybala_paulo,0.4,0.2,0
37,37,missing_xi_italy_batch2.csv,missing_xi_italy_batch2,Unknown,Serie A,juventus_2016_17_ucl_finalists vs roma_2000_01_serie_a,juventus_2016_17_ucl_finalists,Stephan Lichtsteiner,RM,26,Switzerland,109,Juventus – 2016/17 Champions League finalists,3-5-2,2016-17,Serie A,Napoli,lichtsteiner_stephan,0.82,0.6,0
37,37,missing_xi_italy_batch2.csv,missing_xi_italy_batch2,Unknown,Serie A,juventus_2016_17_ucl_finalists vs roma_2000_01_serie_a,roma_2000_01_serie_a,Francesco Antonioli,GK,1,Italy,110,Roma – 2000/01 Serie A champions,4-4-2,2000-01,Serie A,Juventus,antonioli_francesco,0.5,0.95,0
37,37,missing_xi_italy_batch2.csv,missing_xi_italy_batch2,Unknown,Serie A,juventus_2016_17_ucl_finalists vs roma_2000_01_serie_a,roma_2000_01_serie_a,Cafu,RB,2,Brazil,110,Roma – 2000/01 Serie A champions,4-4-2,2000-01,Serie A,Juventus,cafu,0.82,0.8,0
37,37,missing_xi_italy_batch2.csv,missing_xi_italy_batch2,Unknown,Serie A,juventus_2016_17_ucl_finalists vs roma_2000_01_serie_a,roma_2000_01_serie_a,Walter Samuel,LCB,3,Argentina,110,Roma – 2000/01 Serie A champions,4-4-2,2000-01,Serie A,Juventus,samuel_walter,0.35,0.85,0
37,37,missing_xi_italy_batch2.csv,missing_xi_italy_batch2,Unknown,Serie A,juventus_2016_17_ucl_finalists vs roma_2000_01_serie_a,roma_2000_01_serie_a,Emerson,RCM,4,Brazil,110,Roma – 2000/01 Serie A champions,4-4-2,2000-01,Serie A,Juventus,emerson,0.62,0.6,0
37,37,missing_xi_italy_batch2.csv,missing_xi_italy_batch2,Unknown,Serie A,juventus_2016_17_ucl_finalists vs roma_2000_01_serie_a,roma_2000_01_serie_a,Aldair,RCB,6,Brazil,110,Roma – 2000/01 Serie A champions,4-4-2,2000-01,Serie A,Juventus,aldair,0.65,0.85,0
37,37,missing_xi_italy_batch2.csv,missing_xi_italy_batch2,Unknown,Serie A,juventus_2016_17_ucl_finalists vs roma_2000_01_serie_a,roma_2000_01_serie_a,Gabriel Batistuta,RST,9,Argentina,110,Roma – 2000/01 Serie A champions,4-4-2,2000-01,Serie A,Juventus,batistuta_gabriel,0.6,0.2,0
37,37,missing_xi_italy_batch2.csv,missing_xi_italy_batch2,Unknown,Serie A,juventus_2016_17_ucl_finalists vs roma_2000_01_serie_a,roma_2000_01_serie_a,Francesco Totti,LST,10,Italy,110,Roma – 2000/01 Serie A champions,4-4-2,2000-01,Serie A,Juventus,totti_francesco,0.4,0.2,0
37,37,missing_xi_italy_batch2.csv,missing_xi_italy_batch2,Unknown,Serie A,juventus_2016_17_ucl_finalists vs roma_2000_01_serie_a,roma_2000_01_serie_a,Vincent Candela,LM,11,France,110,Roma – 2000/01 Serie A champions,4-4-2,2000-01,Serie A,Juventus,candela_vincent,0.18,0.6,0
37,37,missing_xi_italy_batch2.csv,missing_xi_italy_batch2,Unknown,Serie A,juventus_2016_17_ucl_finalists vs roma_2000_01_serie_a,roma_2000_01_serie_a,Vincent Candela,LB,12,France,110,Roma – 2000/01 Serie A champions,4-4-2,2000-01,Serie A,Juventus,candela_vincent,0.18,0.8,0
37,37,missing_xi_italy_batch2.csv,missing_xi_italy_batch2,Unknown,Serie A,juventus_2016_17_ucl_finalists vs roma_2000_01_serie_a,roma_2000_01_serie_a,Damiano Tommasi,RM,13,Italy,110,Roma – 2000/01 Serie A champions,4-4-2,2000-01,Serie A,Juventus,tommasi_damiano,0.82,0.6,0
37,37,missing_xi_italy_batch2.csv,missing_xi_italy_batch2,Unknown,Serie A,juventus_2016_17_ucl_finalists vs roma_2000_01_serie_a,roma_2000_01_serie_a,Cristiano Zanetti,LCM,32,Italy,110,Roma – 2000/01 Serie A champions,4-4-2,2000-01,Serie A,Juventus,zanetti_cristiano,0.38,0.6,0
38,38,missing_xi_italy_batch2.csv,missing_xi_italy_batch2,Unknown,Serie A,napoli_1989_90_scudetto vs napoli_2022_23_scudetto,napoli_1989_90_scudetto,Giuliano Giuliani,GK,1,Italy,111,Napoli – 1989/90 Maradona’s Scudetto side,4-4-2,1989-90,Serie A,AC Milan,giuliani_giuliano,0.5,0.95,1
38,38,missing_xi_italy_batch2.csv,missing_xi_italy_batch2,Unknown,Serie A,napoli_1989_90_scudetto vs napoli_2022_23_scudetto,napoli_1989_90_scudetto,Ciro Ferrara,RB,2,Italy,111,Napoli – 1989/90 Maradona’s Scudetto side,4-4-2,1989-90,Serie A,AC Milan,ferrara_ciro,0.82,0.8,1
38,38,missing_xi_italy_batch2.csv,missing_xi_italy_batch2,Unknown,Serie A,napoli_1989_90_scudetto vs napoli_2022_23_scudetto,napoli_1989_90_scudetto,Luca Fusi,LB,3,Italy,111,Napoli – 1989/90 Maradona’s Scudetto side,4-4-2,1989-90,Serie A,AC Milan,fusi_luca,0.18,0.8,1
38,38,missing_xi_italy_batch2.csv,missing_xi_italy_batch2,Unknown,Serie A,napoli_1989_90_scudetto vs napoli_2022_23_scudetto,napoli_1989_90_scudetto,Alessandro Renica,RCB,4,Italy,111,Napoli – 1989/90 Maradona’s Scudetto side,4-4-2,1989-90,Serie A,AC Milan,renica_alessandro,0.65,0.85,1
38,38,missing_xi_italy_batch2.csv,missing_xi_italy_batch2,Unknown,Serie A,napoli_1989_90_scudetto vs napoli_2022_23_scudetto,napoli_1989_90_scudetto,Massimo Crippa,LCM,5,Italy,111,Napoli – 1989/90 Maradona’s Scudetto side,4-4-2,1989-90,Serie A,AC Milan,crippa_massimo,0.38,0.6,1
38,38,missing_xi_italy_batch2.csv,missing_xi_italy_batch2,Unknown,Serie A,napoli_1989_90_scudetto vs napoli_2022_23_scudetto,napoli_1989_90_scudetto,Giovanni Francini,LCB,6,Italy,111,Napoli – 1989/90 Maradona’s Scudetto side,4-4-2,1989-90,Serie A,AC Milan,francini_giovanni,0.35,0.85,1
38,38,missing_xi_italy_batch2.csv,missing_xi_italy_batch2,Unknown,Serie A,napoli_1989_90_scudetto vs napoli_2022_23_scudetto,napoli_1989_90_scudetto,Diego Maradona,RM,7,Argentina,111,Napoli – 1989/90 Maradona’s Scudetto side,4-4-2,1989-90,Serie A,AC Milan,maradona_diego,0.82,0.6,1
38,38,missing_xi_italy_batch2.csv,missing_xi_italy_batch2,Unknown,Serie A,napoli_1989_90_scudetto vs napoli_2022_23_scudetto,napoli_1989_90_scudetto,Fernando De Napoli,RCM,8,Italy,111,Napoli – 1989/90 Maradona’s Scudetto side,4-4-2,1989-90,Serie A,AC Milan,de_napoli_fernando,0.62,0.6,1
38,38,missing_xi_italy_batch2.csv,missing_xi_italy_batch2,Unknown,Serie A,napoli_1989_90_scudetto vs napoli_2022_23_scudetto,napoli_1989_90_scudetto,Careca,RST,9,Brazil,111,Napoli – 1989/90 Maradona’s Scudetto side,4-4-2,1989-90,Serie A,AC Milan,careca,0.6,0.2,1
38,38,missing_xi_italy_batch2.csv,missing_xi_italy_batch2,Unknown,Serie A,napoli_1989_90_scudetto vs napoli_2022_23_scudetto,napoli_1989_90_scudetto,Diego Maradona,LST,10,Argentina,111,Napoli – 1989/90 Maradona’s Scudetto side,4-4-2,1989-90,Serie A,AC Milan,maradona_diego,0.4,0.2,1
38,38,missing_xi_italy_batch2.csv,missing_xi_italy_batch2,Unknown,Serie A,napoli_1989_90_scudetto vs napoli_2022_23_scudetto,napoli_1989_90_scudetto,Andrea Carnevale,LM,11,Italy,111,Napoli – 1989/90 Maradona’s Scudetto side,4-4-2,1989-90,Serie A,AC Milan,carnevale_andrea,0.18,0.6,1
38,38,missing_xi_italy_batch2.csv,missing_xi_italy_batch2,Unknown,Serie A,napoli_1989_90_scudetto vs napoli_2022_23_scudetto,napoli_2022_23_scudetto,Alex Meret,GK,1,Italy,112,"Napoli – 2022/23 Serie A winners (Osimhen, Kvaratskhelia)",4-3-3,2022-23,Serie A,Inter Milan,meret_alex,0.5,0.95,1
38,38,missing_xi_italy_batch2.csv,missing_xi_italy_batch2,Unknown,Serie A,napoli_1989_90_scudetto vs napoli_2022_23_scudetto,napoli_2022_23_scudetto,Kim Min-jae,LCB,3,South Korea,112,"Napoli – 2022/23 Serie A winners (Osimhen, Kvaratskhelia)",4-3-3,2022-23,Serie A,Inter Milan,kim_minjae,0.35,0.85,1
38,38,missing_xi_italy_batch2.csv,missing_xi_italy_batch2,Unknown,Serie A,napoli_1989_90_scudetto vs napoli_2022_23_scudetto,napoli_2022_23_scudetto,Victor Osimhen,ST,9,Nigeria,112,"Napoli – 2022/23 Serie A winners (Osimhen, Kvaratskhelia)",4-3-3,2022-23,Serie A,Inter Milan,osimhen_victor,0.5,0.18,1
38,38,missing_xi_italy_batch2.csv,missing_xi_italy_batch2,Unknown,Serie A,napoli_1989_90_scudetto vs napoli_2022_23_scudetto,napoli_2022_23_scudetto,Amir Rrahmani,RCB,13,Kosovo,112,"Napoli – 2022/23 Serie A winners (Osimhen, Kvaratskhelia)",4-3-3,2022-23,Serie A,Inter Milan,rrahmani_amir,0.65,0.85,1
38,38,missing_xi_italy_batch2.csv,missing_xi_italy_batch2,Unknown,Serie A,napoli_1989_90_scudetto vs napoli_2022_23_scudetto,napoli_2022_23_scudetto,Mathias Olivera,LB,17,Uruguay,112,"Napoli – 2022/23 Serie A winners (Osimhen, Kvaratskhelia)",4-3-3,2022-23,Serie A,Inter Milan,olivera_mathias,0.18,0.8,1
38,38,missing_xi_italy_batch2.csv,missing_xi_italy_batch2,Unknown,Serie A,napoli_1989_90_scudetto vs napoli_2022_23_scudetto,napoli_2022_23_scudetto,Piotr Zielinski,RCM,20,Poland,112,"Napoli – 2022/23 Serie A winners (Osimhen, Kvaratskhelia)",4-3-3,2022-23,Serie A,Inter Milan,zielinski_piotr,0.62,0.6,1
38,38,missing_xi_italy_batch2.csv,missing_xi_italy_batch2,Unknown,Serie A,napoli_1989_90_scudetto vs napoli_2022_23_scudetto,napoli_2022_23_scudetto,Matteo Politano,RW,21,Italy,112,"Napoli – 2022/23 Serie A winners (Osimhen, Kvaratskhelia)",4-3-3,2022-23,Serie A,Inter Milan,politano_matteo,0.82,0.32,1
38,38,missing_xi_italy_batch2.csv,missing_xi_italy_batch2,Unknown,Serie A,napoli_1989_90_scudetto vs napoli_2022_23_scudetto,napoli_2022_23_scudetto,Giovanni Di Lorenzo,RB,22,Italy,112,"Napoli – 2022/23 Serie A winners (Osimhen, Kvaratskhelia)",4-3-3,2022-23,Serie A,Inter Milan,di_lorenzo_giovanni,0.82,0.8,1
38,38,missing_xi_italy_batch2.csv,missing_xi_italy_batch2,Unknown,Serie A,napoli_1989_90_scudetto vs napoli_2022_23_scudetto,napoli_2022_23_scudetto,Stanislav Lobotka,DM,68,Slovakia,112,"Napoli – 2022/23 Serie A winners (Osimhen, Kvaratskhelia)",4-3-3,2022-23,Serie A,Inter Milan,lobotka_stanislav,0.5,0.65,1
38,38,missing_xi_italy_batch2.csv,missing_xi_italy_batch2,Unknown,Serie A,napoli_1989_90_scudetto vs napoli_2022_23_scudetto,napoli_2022_23_scudetto,Khvicha Kvaratskhelia,LW,77,Georgia,112,"Napoli – 2022/23 Serie A winners (Osimhen, Kvaratskhelia)",4-3-3,2022-23,Serie A,Inter Milan,kvaratskhelia_khvicha,0.18,0.32,1
38,38,missing_xi_italy_batch2.csv,missing_xi_italy_batch2,Unknown,Serie A,napoli_1989_90_scudetto vs napoli_2022_23_scudetto,napoli_2022_23_scudetto,Frank Anguissa,LCM,99,Cameroon,112,"Napoli – 2022/23 Serie A winners (Osimhen, Kvaratskhelia)",4-3-3,2022-23,Serie A,Inter Milan,anguissa_frank,0.38,0.6,1
39,39,missing_xi_italy_batch2.csv,missing_xi_italy_batch2,Unknown,Serie A,lazio_1999_00_scudetto vs parma_1994_95_uefa,lazio_1999_00_scudetto,Angelo Peruzzi,GK,1,Italy,113,Lazio – 1999/00 Serie A winners,4-4-2,1999-00,Serie A,Inter Milan,peruzzi_angelo,0.5,0.95,2
39,39,missing_xi_italy_batch2.csv,missing_xi_italy_batch2,Unknown,Serie A,lazio_1999_00_scudetto vs parma_1994_95_uefa,lazio_1999_00_scudetto,Giuseppe Pancaro,RB,2,Italy,113,Lazio – 1999/00 Serie A winners,4-4-2,1999-00,Serie A,Inter Milan,pancaro_giuseppe,0.82,0.8,2
39,39,missing_xi_italy_batch2.csv,missing_xi_italy_batch2,Unknown,Serie A,lazio_1999_00_scudetto vs parma_1994_95_uefa,lazio_1999_00_scudetto,Paolo Negro,LB,3,Italy,113,Lazio – 1999/00 Serie A winners,4-4-2,1999-00,Serie A,Inter Milan,negro_paolo,0.18,0.8,2
39,39,missing_xi_italy_batch2.csv,missing_xi_italy_batch2,Unknown,Serie A,lazio_1999_00_scudetto vs parma_1994_95_uefa,lazio_1999_00_scudetto,Sinisa Mihajlovic,LCB,4,Serbia,113,Lazio – 1999/00 Serie A winners,4-4-2,1999-00,Serie A,Inter Milan,mihajlovic_sinisa,0.35,0.85,2
39,39,missing_xi_italy_batch2.csv,missing_xi_italy_batch2,Unknown,Serie A,lazio_1999_00_scudetto vs parma_1994_95_uefa,lazio_1999_00_scudetto,Diego Simeone,LCM,6,Argentina,113,Lazio – 1999/00 Serie A winners,4-4-2,1999-00,Serie A,Inter Milan,simeone_diego,0.38,0.6,2
39,39,missing_xi_italy_batch2.csv,missing_xi_italy_batch2,Unknown,Serie A,lazio_1999_00_scudetto vs parma_1994_95_uefa,lazio_1999_00_scudetto,Dejan Stankovic,RM,7,Serbia,113,Lazio – 1999/00 Serie A winners,4-4-2,1999-00,Serie A,Inter Milan,stankovic_dejan,0.82,0.6,2
39,39,missing_xi_italy_batch2.csv,missing_xi_italy_batch2,Unknown,Serie A,lazio_1999_00_scudetto vs parma_1994_95_uefa,lazio_1999_00_scudetto,Marcelo Salas,RST,9,Chile,113,Lazio – 1999/00 Serie A winners,4-4-2,1999-00,Serie A,Inter Milan,salas_marcelo,0.6,0.2,2
39,39,missing_xi_italy_batch2.csv,missing_xi_italy_batch2,Unknown,Serie A,lazio_1999_00_scudetto vs parma_1994_95_uefa,lazio_1999_00_scudetto,Juan Sebastián Verón,RCM,10,Argentina,113,Lazio – 1999/00 Serie A winners,4-4-2,1999-00,Serie A,Inter Milan,veron_juan,0.62,0.6,2
39,39,missing_xi_italy_batch2.csv,missing_xi_italy_batch2,Unknown,Serie A,lazio_1999_00_scudetto vs parma_1994_95_uefa,lazio_1999_00_scudetto,Pavel Nedved,LM,11,Czech Republic,113,Lazio – 1999/00 Serie A winners,4-4-2,1999-00,Serie A,Inter Milan,nedved_pavel,0.18,0.6,2
39,39,missing_xi_italy_batch2.csv,missing_xi_italy_batch2,Unknown,Serie A,lazio_1999_00_scudetto vs parma_1994_95_uefa,lazio_1999_00_scudetto,Alessandro Nesta,RCB,13,Italy,113,Lazio – 1999/00 Serie A winners,4-4-2,1999-00,Serie A,Inter Milan,nesta_alessandro,0.65,0.85,2
39,39,missing_xi_italy_batch2.csv,missing_xi_italy_batch2,Unknown,Serie A,lazio_1999_00_scudetto vs parma_1994_95_uefa,lazio_1999_00_scudetto,Roberto Mancini,LST,20,Italy,113,Lazio – 1999/00 Serie A winners,4-4-2,1999-00,Serie A,Inter Milan,mancini_roberto,0.4,0.2,2
39,39,missing_xi_italy_batch2.csv,missing_xi_italy_batch2,Unknown,Serie A,lazio_1999_00_scudetto vs parma_1994_95_uefa,parma_1994_95_uefa,Luca Bucci,GK,1,Italy,114,Parma – 1994/95 UEFA Cup winners,4-4-2,1994-95,Serie A,Juventus,bucci_luca,0.5,0.95,2
39,39,missing_xi_italy_batch2.csv,missing_xi_italy_batch2,Unknown,Serie A,lazio_1999_00_scudetto vs parma_1994_95_uefa,parma_1994_95_uefa,Roberto Mussi,RB,2,Italy,114,Parma – 1994/95 UEFA Cup winners,4-4-2,1994-95,Serie A,Juventus,mussi_roberto,0.82,0.8,2
39,39,missing_xi_italy_batch2.csv,missing_xi_italy_batch2,Unknown,Serie A,lazio_1999_00_scudetto vs parma_1994_95_uefa,parma_1994_95_uefa,Antonio Benarrivo,LB,3,Italy,114,Parma – 1994/95 UEFA Cup winners,4-4-2,1994-95,Serie A,Juventus,benarrivo_antonio,0.18,0.8,2
39,39,missing_xi_italy_batch2.csv,missing_xi_italy_batch2,Unknown,Serie A,lazio_1999_00_scudetto vs parma_1994_95_uefa,parma_1994_95_uefa,Tomas Brolin,LCM,4,Sweden,114,Parma – 1994/95 UEFA Cup winners,4-4-2,1994-95,Serie A,Juventus,brolin_tomas,0.38,0.6,2
39,39,missing_xi_italy_batch2.csv,missing_xi_italy_batch2,Unknown,Serie A,lazio_1999_00_scudetto vs parma_1994_95_uefa,parma_1994_95_uefa,Luigi Apolloni,LCB,5,Italy,114,Parma – 1994/95 UEFA Cup winners,4-4-2,1994-95,Serie A,Juventus,apolloni_luigi,0.35,0.85,2
39,39,missing_xi_italy_batch2.csv,missing_xi_italy_batch2,Unknown,Serie A,lazio_1999_00_scudetto vs parma_1994_95_uefa,parma_1994_95_uefa,Lorenzo Minotti,RCB,6,Italy,114,Parma – 1994/95 UEFA Cup winners,4-4-2,1994-95,Serie A,Juventus,minotti_lorenzo,0.65,0.85,2
39,39,missing_xi_italy_batch2.csv,missing_xi_italy_batch2,Unknown,Serie A,lazio_1999_00_scudetto vs parma_1994_95_uefa,parma_1994_95_uefa,Roberto Baggio,RM,7,Italy,114,Parma – 1994/95 UEFA Cup winners,4-4-2,1994-95,Serie A,Juventus,baggio_roberto,0.82,0.6,2
39,39,missing_xi_italy_batch2.csv,missing_xi_italy_batch2,Unknown,Serie A,lazio_1999_00_scudetto vs parma_1994_95_uefa,parma_1994_95_uefa,Daniele Zoratto,RCM,8,Italy,114,Parma – 1994/95 UEFA Cup winners,4-4-2,1994-95,Serie A,Juventus,zoratto_daniele,0.62,0.6,2
39,39,missing_xi_italy_batch2.csv,missing_xi_italy_batch2,Unknown,Serie A,lazio_1999_00_scudetto vs parma_1994_95_uefa,parma_1994_95_uefa,Gianfranco Zola,RST,9,Italy,114,Parma – 1994/95 UEFA Cup winners,4-4-2,1994-95,Serie A,Juventus,zola_gianfranco,0.6,0.2,2
39,39,missing_xi_italy_batch2.csv,missing_xi_italy_batch2,Unknown,Serie A,lazio_1999_00_scudetto vs parma_1994_95_uefa,parma_1994_95_uefa,Faustino Asprilla,LST,10,Colombia,114,Parma – 1994/95 UEFA Cup winners,4-4-2,1994-95,Serie A,Juventus,asprilla_faustino,0.4,0.2,2
39,39,missing_xi_italy_batch2.csv,missing_xi_italy_batch2,Unknown,Serie A,lazio_1999_00_scudetto vs parma_1994_95_uefa,parma_1994_95_uefa,Antonio Di Carlo,LM,11,Italy,114,Parma – 1994/95 UEFA Cup winners,4-4-2,1994-95,Serie A,Juventus,di_carlo_antonio,0.18,0.6,2
40,40,missing_xi_italy_batch2.csv,missing_xi_italy_batch2,Unknown,Serie A,parma_1998_99_uefa (single team data),parma_1998_99_uefa,Gianluigi Buffon,GK,1,Italy,115,Parma – 1998/99 UEFA Cup winners,3-5-2,1998-99,Serie A,Fiorentina,buffon_gianluigi,0.5,0.95,3
40,40,missing_xi_italy_batch2.csv,missing_xi_italy_batch2,Unknown,Serie A,parma_1998_99_uefa (single team data),parma_1998_99_uefa,Liliana Thuram,RB,2,France,115,Parma – 1998/99 UEFA Cup winners,3-5-2,1998-99,Serie A,Fiorentina,thuram_lilian,0.82,0.8,3
40,40,missing_xi_italy_batch2.csv,missing_xi_italy_batch2,Unknown,Serie A,parma_1998_99_uefa (single team data),parma_1998_99_uefa,Paolo Vanoli,LB,3,Italy,115,Parma – 1998/99 UEFA Cup winners,3-5-2,1998-99,Serie A,Fiorentina,vanoli_paolo,0.18,0.8,3
40,40,missing_xi_italy_batch2.csv,missing_xi_italy_batch2,Unknown,Serie A,parma_1998_99_uefa (single team data),parma_1998_99_uefa,Ariel Ortega,LCM,4,Argentina,115,Parma – 1998/99 UEFA Cup winners,3-5-2,1998-99,Serie A,Fiorentina,ortega_ariel,0.38,0.6,3
40,40,missing_xi_italy_batch2.csv,missing_xi_italy_batch2,Unknown,Serie A,parma_1998_99_uefa (single team data),parma_1998_99_uefa,Fabio Cannavaro,LCB,5,Italy,115,Parma – 1998/99 UEFA Cup winners,3-5-2,1998-99,Serie A,Fiorentina,cannavaro_fabio,0.35,0.85,3
40,40,missing_xi_italy_batch2.csv,missing_xi_italy_batch2,Unknown,Serie A,parma_1998_99_uefa (single team data),parma_1998_99_uefa,Roberto Sensini,RCB,6,Argentina,115,Parma – 1998/99 UEFA Cup winners,3-5-2,1998-99,Serie A,Fiorentina,sensini_roberto,0.65,0.85,3
40,40,missing_xi_italy_batch2.csv,missing_xi_italy_batch2,Unknown,Serie A,parma_1998_99_uefa (single team data),parma_1998_99_uefa,Diego Fuser,RM,7,Italy,115,Parma – 1998/99 UEFA Cup winners,3-5-2,1998-99,Serie A,Fiorentina,fuser_diego,0.82,0.6,3
40,40,missing_xi_italy_batch2.csv,missing_xi_italy_batch2,Unknown,Serie A,parma_1998_99_uefa (single team data),parma_1998_99_uefa,Diego Fuser,RCM,8,Italy,115,Parma – 1998/99 UEFA Cup winners,3-5-2,1998-99,Serie A,Fiorentina,fuser_diego,0.62,0.6,3
40,40,missing_xi_italy_batch2.csv,missing_xi_italy_batch2,Unknown,Serie A,parma_1998_99_uefa (single team data),parma_1998_99_uefa,Hernan Crespo,RST,9,Argentina,115,Parma – 1998/99 UEFA Cup winners,3-5-2,1998-99,Serie A,Fiorentina,crespo_hernan,0.6,0.2,3
40,40,missing_xi_italy_batch2.csv,missing_xi_italy_batch2,Unknown,Serie A,parma_1998_99_uefa (single team data),parma_1998_99_uefa,Enrico Chiesa,LST,10,Italy,115,Parma – 1998/99 UEFA Cup winners,3-5-2,1998-99,Serie A,Fiorentina,chiesa_enrico,0.4,0.2,3
40,40,missing_xi_italy_batch2.csv,missing_xi_italy_batch2,Unknown,Serie A,parma_1998_99_uefa (single team data),parma_1998_99_uefa,Baggio?,LM,11,Italy,115,Parma – 1998/99 UEFA Cup winners,3-5-2,1998-99,Serie A,Fiorentina,baggio_dino,0.18,0.6,3
41,41,missing_xi_lineups_with_nationality.csv,missing_xi_lineups_with_nationality,Unknown,Premier League,manchester_united_1998_99_treble vs manchester_united_2007_08_ucl_winners,manchester_united_1998_99_treble,Peter Schmeichel,GK,1,Denmark,1,Manchester United – 1998/99 Treble winners,4-4-2,1998-99,Premier League,Leeds United,schmeichel_peter,0.5,0.95,0
41,41,missing_xi_lineups_with_nationality.csv,missing_xi_lineups_with_nationality,Unknown,Premier League,manchester_united_1998_99_treble vs manchester_united_2007_08_ucl_winners,manchester_united_1998_99_treble,Gary Neville,RB,2,England,1,Manchester United – 1998/99 Treble winners,4-4-2,1998-99,Premier League,Leeds United,neville_gary,0.8,0.8,0
41,41,missing_xi_lineups_with_nationality.csv,missing_xi_lineups_with_nationality,Unknown,Premier League,manchester_united_1998_99_treble vs manchester_united_2007_08_ucl_winners,manchester_united_1998_99_treble,Jaap Stam,RCB,6,Netherlands,1,Manchester United – 1998/99 Treble winners,4-4-2,1998-99,Premier League,Leeds United,stam_jaap,0.65,0.85,0
41,41,missing_xi_lineups_with_nationality.csv,missing_xi_lineups_with_nationality,Unknown,Premier League,manchester_united_1998_99_treble vs manchester_united_2007_08_ucl_winners,manchester_united_1998_99_treble,Nicky Butt,LCM,8,England,1,Manchester United – 1998/99 Treble winners,4-4-2,1998-99,Premier League,Leeds United,butt_nicky,0.38,0.6,0
41,41,missing_xi_lineups_with_nationality.csv,missing_xi_lineups_with_nationality,Unknown,Premier League,manchester_united_1998_99_treble vs manchester_united_2007_08_ucl_winners,manchester_united_1998_99_treble,Andy Cole,LST,9,England,1,Manchester United – 1998/99 Treble winners,4-4-2,1998-99,Premier League,Leeds United,cole_andy,0.4,0.2,0
41,41,missing_xi_lineups_with_nationality.csv,missing_xi_lineups_with_nationality,Unknown,Premier League,manchester_united_1998_99_treble vs manchester_united_2007_08_ucl_winners,manchester_united_1998_99_treble,Phil Neville,LB,12,England,1,Manchester United – 1998/99 Treble winners,4-4-2,1998-99,Premier League,Leeds United,neville_phil,0.2,0.8,0
41,41,missing_xi_lineups_with_nationality.csv,missing_xi_lineups_with_nationality,Unknown,Premier League,manchester_united_1998_99_treble vs manchester_united_2007_08_ucl_winners,manchester_united_1998_99_treble,Roy Keane,RCM,16,Ireland,1,Manchester United – 1998/99 Treble winners,4-4-2,1998-99,Premier League,Leeds United,keane_roy,0.62,0.6,0
41,41,missing_xi_lineups_with_nationality.csv,missing_xi_lineups_with_nationality,Unknown,Premier League,manchester_united_1998_99_treble vs manchester_united_2007_08_ucl_winners,manchester_united_1998_99_treble,Paul Scholes,LM,18,England,1,Manchester United – 1998/99 Treble winners,4-4-2,1998-99,Premier League,Leeds United,scholes_paul,0.2,0.6,0
41,41,missing_xi_lineups_with_nationality.csv,missing_xi_lineups_with_nationality,Unknown,Premier League,manchester_united_1998_99_treble vs manchester_united_2007_08_ucl_winners,manchester_united_1998_99_treble,Dwight Yorke,RST,19,Trinidad & Tobago,1,Manchester United – 1998/99 Treble winners,4-4-2,1998-99,Premier League,Leeds United,yorke_dwight,0.6,0.2,0
41,41,missing_xi_lineups_with_nationality.csv,missing_xi_lineups_with_nationality,Unknown,Premier League,manchester_united_1998_99_treble vs manchester_united_2007_08_ucl_winners,manchester_united_1998_99_treble,Ole Gunnar Solskjaer,RM,20,Norway,1,Manchester United – 1998/99 Treble winners,4-4-2,1998-99,Premier League,Leeds United,solskjaer_ole_gunnar,0.8,0.6,0
41,41,missing_xi_lineups_with_nationality.csv,missing_xi_lineups_with_nationality,Unknown,Premier League,manchester_united_1998_99_treble vs manchester_united_2007_08_ucl_winners,manchester_united_1998_99_treble,Wes Brown,LCB,24,England,1,Manchester United – 1998/99 Treble winners,4-4-2,1998-99,Premier League,Leeds United,brown_wes,0.35,0.85,0
41,41,missing_xi_lineups_with_nationality.csv,missing_xi_lineups_with_nationality,Unknown,Premier League,manchester_united_1998_99_treble vs manchester_united_2007_08_ucl_winners,manchester_united_2007_08_ucl_winners,Edwin van der Sar,GK,1,Netherlands,2,Manchester United – 2007/08 Champions League winners,4-3-3,2007-08,Premier League,Tottenham Hotspur,van_der_sar_edwin,0.5,0.95,0
41,41,missing_xi_lineups_with_nationality.csv,missing_xi_lineups_with_nationality,Unknown,Premier League,manchester_united_1998_99_treble vs manchester_united_2007_08_ucl_winners,manchester_united_2007_08_ucl_winners,Patrice Evra,LB,3,France,2,Manchester United – 2007/08 Champions League winners,4-3-3,2007-08,Premier League,Tottenham Hotspur,evra_patrice,0.18,0.8,0
41,41,missing_xi_lineups_with_nationality.csv,missing_xi_lineups_with_nationality,Unknown,Premier League,manchester_united_1998_99_treble vs manchester_united_2007_08_ucl_winners,manchester_united_2007_08_ucl_winners,Owen Hargreaves,DM,4,England,2,Manchester United – 2007/08 Champions League winners,4-3-3,2007-08,Premier League,Tottenham Hotspur,hargreaves_owen,0.5,0.65,0
41,41,missing_xi_lineups_with_nationality.csv,missing_xi_lineups_with_nationality,Unknown,Premier League,manchester_united_1998_99_treble vs manchester_united_2007_08_ucl_winners,manchester_united_2007_08_ucl_winners,Rio Ferdinand,RCB,5,England,2,Manchester United – 2007/08 Champions League winners,4-3-3,2007-08,Premier League,Tottenham Hotspur,ferdinand_rio,0.65,0.85,0
41,41,missing_xi_lineups_with_nationality.csv,missing_xi_lineups_with_nationality,Unknown,Premier League,manchester_united_1998_99_treble vs manchester_united_2007_08_ucl_winners,manchester_united_2007_08_ucl_winners,Wes Brown,RB,6,England,2,Manchester United – 2007/08 Champions League winners,4-3-3,2007-08,Premier League,Tottenham Hotspur,brown_wes,0.82,0.8,0
41,41,missing_xi_lineups_with_nationality.csv,missing_xi_lineups_with_nationality,Unknown,Premier League,manchester_united_1998_99_treble vs manchester_united_2007_08_ucl_winners,manchester_united_2007_08_ucl_winners,Ryan Giggs,LW,11,Wales,2,Manchester United – 2007/08 Champions League winners,4-3-3,2007-08,Premier League,Tottenham Hotspur,giggs_ryan,0.18,0.32,0
41,41,missing_xi_lineups_with_nationality.csv,missing_xi_lineups_with_nationality,Unknown,Premier League,manchester_united_1998_99_treble vs manchester_united_2007_08_ucl_winners,manchester_united_2007_08_ucl_winners,Nemanja Vidic,LCB,15,Serbia,2,Manchester United – 2007/08 Champions League winners,4-3-3,2007-08,Premier League,Tottenham Hotspur,vidic_nemanja,0.35,0.85,0
41,41,missing_xi_lineups_with_nationality.csv,missing_xi_lineups_with_nationality,Unknown,Premier League,manchester_united_1998_99_treble vs manchester_united_2007_08_ucl_winners,manchester_united_2007_08_ucl_winners,Michael Carrick,RCM,16,England,2,Manchester United – 2007/08 Champions League winners,4-3-3,2007-08,Premier League,Tottenham Hotspur,carrick_michael,0.62,0.6,0
41,41,missing_xi_lineups_with_nationality.csv,missing_xi_lineups_with_nationality,Unknown,Premier League,manchester_united_1998_99_treble vs manchester_united_2007_08_ucl_winners,manchester_united_2007_08_ucl_winners,Nani,RW,17,Portugal,2,Manchester United – 2007/08 Champions League winners,4-3-3,2007-08,Premier League,Tottenham Hotspur,nani_luis,0.82,0.32,0
41,41,missing_xi_lineups_with_nationality.csv,missing_xi_lineups_with_nationality,Unknown,Premier League,manchester_united_1998_99_treble vs manchester_united_2007_08_ucl_winners,manchester_united_2007_08_ucl_winners,Paul Scholes,LCM,18,England,2,Manchester United – 2007/08 Champions League winners,4-3-3,2007-08,Premier League,Tottenham Hotspur,scholes_paul,0.38,0.6,0
41,41,missing_xi_lineups_with_nationality.csv,missing_xi_lineups_with_nationality,Unknown,Premier League,manchester_united_1998_99_treble vs manchester_united_2007_08_ucl_winners,manchester_united_2007_08_ucl_winners,Carlos Tevez,ST,32,Argentina,2,Manchester United – 2007/08 Champions League winners,4-3-3,2007-08,Premier League,Tottenham Hotspur,tevez_carlos,0.5,0.18,0
42,42,missing_xi_lineups_with_nationality.csv,missing_xi_lineups_with_nationality,Unknown,Premier League,manchester_united_1993_94_first_pl_dominant vs arsenal_2003_04_invincibles,arsenal_2003_04_invincibles,Jens Lehmann,GK,1,Germany,4,Arsenal – 2003/04 Invincibles,4-4-2,2003-04,Premier League,Middlesbrough,lehmann_jens,0.5,0.95,1
42,42,missing_xi_lineups_with_nationality.csv,missing_xi_lineups_with_nationality,Unknown,Premier League,manchester_united_1993_94_first_pl_dominant vs arsenal_2003_04_invincibles,arsenal_2003_04_invincibles,Patrick Vieira,RCM,4,France,4,Arsenal – 2003/04 Invincibles,4-4-2,2003-04,Premier League,Middlesbrough,vieira_patrick,0.62,0.6,1
42,42,missing_xi_lineups_with_nationality.csv,missing_xi_lineups_with_nationality,Unknown,Premier League,manchester_united_1993_94_first_pl_dominant vs arsenal_2003_04_invincibles,arsenal_2003_04_invincibles,Robert Pires,LM,7,France,4,Arsenal – 2003/04 Invincibles,4-4-2,2003-04,Premier League,Middlesbrough,pires_robert,0.2,0.6,1
42,42,missing_xi_lineups_with_nationality.csv,missing_xi_lineups_with_nationality,Unknown,Premier League,manchester_united_1993_94_first_pl_dominant vs arsenal_2003_04_invincibles,arsenal_2003_04_invincibles,Fredrik Ljungberg,RM,8,Sweden,4,Arsenal – 2003/04 Invincibles,4-4-2,2003-04,Premier League,Middlesbrough,ljungberg_fredrik,0.8,0.6,1
42,42,missing_xi_lineups_with_nationality.csv,missing_xi_lineups_with_nationality,Unknown,Premier League,manchester_united_1993_94_first_pl_dominant vs arsenal_2003_04_invincibles,arsenal_2003_04_invincibles,Dennis Bergkamp,RST,10,Netherlands,4,Arsenal – 2003/04 Invincibles,4-4-2,2003-04,Premier League,Middlesbrough,bergkamp_dennis,0.6,0.2,1
42,42,missing_xi_lineups_with_nationality.csv,missing_xi_lineups_with_nationality,Unknown,Premier League,manchester_united_1993_94_first_pl_dominant vs arsenal_2003_04_invincibles,arsenal_2003_04_invincibles,Lauren,RB,12,Cameroon,4,Arsenal – 2003/04 Invincibles,4-4-2,2003-04,Premier League,Middlesbrough,lauren_etame_mayer,0.8,0.8,1
42,42,missing_xi_lineups_with_nationality.csv,missing_xi_lineups_with_nationality,Unknown,Premier League,manchester_united_1993_94_first_pl_dominant vs arsenal_2003_04_invincibles,arsenal_2003_04_invincibles,Thierry Henry,LST,14,France,4,Arsenal – 2003/04 Invincibles,4-4-2,2003-04,Premier League,Middlesbrough,henry_thierry,0.4,0.2,1
42,42,missing_xi_lineups_with_nationality.csv,missing_xi_lineups_with_nationality,Unknown,Premier League,manchester_united_1993_94_first_pl_dominant vs arsenal_2003_04_invincibles,arsenal_2003_04_invincibles,Ashley Cole,LB,18,England,4,Arsenal – 2003/04 Invincibles,4-4-2,2003-04,Premier League,Middlesbrough,cole_ashley,0.2,0.8,1
42,42,missing_xi_lineups_with_nationality.csv,missing_xi_lineups_with_nationality,Unknown,Premier League,manchester_united_1993_94_first_pl_dominant vs arsenal_2003_04_invincibles,arsenal_2003_04_invincibles,Gilberto Silva,LCM,19,Brazil,4,Arsenal – 2003/04 Invincibles,4-4-2,2003-04,Premier League,Middlesbrough,gilberto_silva,0.38,0.6,1
42,42,missing_xi_lineups_with_nationality.csv,missing_xi_lineups_with_nationality,Unknown,Premier League,manchester_united_1993_94_first_pl_dominant vs arsenal_2003_04_invincibles,arsenal_2003_04_invincibles,Sol Campbell,RCB,23,England,4,Arsenal – 2003/04 Invincibles,4-4-2,2003-04,Premier League,Middlesbrough,campbell_sol,0.65,0.85,1
42,42,missing_xi_lineups_with_nationality.csv,missing_xi_lineups_with_nationality,Unknown,Premier League,manchester_united_1993_94_first_pl_dominant vs arsenal_2003_04_invincibles,arsenal_2003_04_invincibles,Kolo Toure,LCB,28,Ivory Coast,4,Arsenal – 2003/04 Invincibles,4-4-2,2003-04,Premier League,Middlesbrough,toure_kolo,0.35,0.85,1
42,42,missing_xi_lineups_with_nationality.csv,missing_xi_lineups_with_nationality,Unknown,Premier League,manchester_united_1993_94_first_pl_dominant vs arsenal_2003_04_invincibles,manchester_united_1993_94_first_pl_dominant,Peter Schmeichel,GK,1,Denmark,3,Manchester United – 1993/94 first dominant PL side,4-4-2,1993-94,Premier League,Manchester City,schmeichel_peter,0.5,0.95,1
42,42,missing_xi_lineups_with_nationality.csv,missing_xi_lineups_with_nationality,Unknown,Premier League,manchester_united_1993_94_first_pl_dominant vs arsenal_2003_04_invincibles,manchester_united_1993_94_first_pl_dominant,Paul Parker,RB,2,England,3,Manchester United – 1993/94 first dominant PL side,4-4-2,1993-94,Premier League,Manchester City,parker_paul,0.8,0.8,1
42,42,missing_xi_lineups_with_nationality.csv,missing_xi_lineups_with_nationality,Unknown,Premier League,manchester_united_1993_94_first_pl_dominant vs arsenal_2003_04_invincibles,manchester_united_1993_94_first_pl_dominant,Denis Irwin,LB,3,Ireland,3,Manchester United – 1993/94 first dominant PL side,4-4-2,1993-94,Premier League,Manchester City,irwin_denis,0.2,0.8,1
42,42,missing_xi_lineups_with_nationality.csv,missing_xi_lineups_with_nationality,Unknown,Premier League,manchester_united_1993_94_first_pl_dominant vs arsenal_2003_04_invincibles,manchester_united_1993_94_first_pl_dominant,Steve Bruce,RCB,4,England,3,Manchester United – 1993/94 first dominant PL side,4-4-2,1993-94,Premier League,Manchester City,bruce_steve,0.65,0.85,1
42,42,missing_xi_lineups_with_nationality.csv,missing_xi_lineups_with_nationality,Unknown,Premier League,manchester_united_1993_94_first_pl_dominant vs arsenal_2003_04_invincibles,manchester_united_1993_94_first_pl_dominant,Gary Pallister,LCB,6,England,3,Manchester United – 1993/94 first dominant PL side,4-4-2,1993-94,Premier League,Manchester City,pallister_gary,0.35,0.85,1
42,42,missing_xi_lineups_with_nationality.csv,missing_xi_lineups_with_nationality,Unknown,Premier League,manchester_united_1993_94_first_pl_dominant vs arsenal_2003_04_invincibles,manchester_united_1993_94_first_pl_dominant,Andrei Kanchelskis,LM,7,Russia,3,Manchester United – 1993/94 first dominant PL side,4-4-2,1993-94,Premier League,Manchester City,kanchelskis_andrei,0.2,0.6,1
42,42,missing_xi_lineups_with_nationality.csv,missing_xi_lineups_with_nationality,Unknown,Premier League,manchester_united_1993_94_first_pl_dominant vs arsenal_2003_04_invincibles,manchester_united_1993_94_first_pl_dominant,Paul Ince,RCM,8,England,3,Manchester United – 1993/94 first dominant PL side,4-4-2,1993-94,Premier League,Manchester City,ince_paul,0.62,0.6,1
42,42,missing_xi_lineups_with_nationality.csv,missing_xi_lineups_with_nationality,Unknown,Premier League,manchester_united_1993_94_first_pl_dominant vs arsenal_2003_04_invincibles,manchester_united_1993_94_first_pl_dominant,Brian McClair,LST,9,Scotland,3,Manchester United – 1993/94 first dominant PL side,4-4-2,1993-94,Premier League,Manchester City,mcclair_brian,0.4,0.2,1
42,42,missing_xi_lineups_with_nationality.csv,missing_xi_lineups_with_nationality,Unknown,Premier League,manchester_united_1993_94_first_pl_dominant vs arsenal_2003_04_invincibles,manchester_united_1993_94_first_pl_dominant,Mark Hughes,RST,10,Wales,3,Manchester United – 1993/94 first dominant PL side,4-4-2,1993-94,Premier League,Manchester City,hughes_mark,0.6,0.2,1
42,42,missing_xi_lineups_with_nationality.csv,missing_xi_lineups_with_nationality,Unknown,Premier League,manchester_united_1993_94_first_pl_dominant vs arsenal_2003_04_invincibles,manchester_united_1993_94_first_pl_dominant,Ryan Giggs,RM,11,Wales,3,Manchester United – 1993/94 first dominant PL side,4-4-2,1993-94,Premier League,Manchester City,giggs_ryan,0.8,0.6,1
42,42,missing_xi_lineups_with_nationality.csv,missing_xi_lineups_with_nationality,Unknown,Premier League,manchester_united_1993_94_first_pl_dominant vs arsenal_2003_04_invincibles,manchester_united_1993_94_first_pl_dominant,Roy Keane,LCM,16,Ireland,3,Manchester United – 1993/94 first dominant PL side,4-4-2,1993-94,Premier League,Manchester City,keane_roy,0.38,0.6,1
43,43,missing_xi_lineups_with_nationality.csv,missing_xi_lineups_with_nationality,Unknown,Premier League,arsenal_1997_98_double vs chelsea_2004_05_mourinho_first_title,arsenal_1997_98_double,David Seaman,GK,1,England,5,Arsenal – 1997/98 Double winners,4-4-2,1997-98,Premier League,Everton,seaman_david,0.5,0.95,2
43,43,missing_xi_lineups_with_nationality.csv,missing_xi_lineups_with_nationality,Unknown,Premier League,arsenal_1997_98_double vs chelsea_2004_05_mourinho_first_title,arsenal_1997_98_double,Lee Dixon,RB,2,England,5,Arsenal – 1997/98 Double winners,4-4-2,1997-98,Premier League,Everton,dixon_lee,0.8,0.8,2
43,43,missing_xi_lineups_with_nationality.csv,missing_xi_lineups_with_nationality,Unknown,Premier League,arsenal_1997_98_double vs chelsea_2004_05_mourinho_first_title,arsenal_1997_98_double,Nigel Winterburn,LB,3,England,5,Arsenal – 1997/98 Double winners,4-4-2,1997-98,Premier League,Everton,winterburn_nigel,0.2,0.8,2
43,43,missing_xi_lineups_with_nationality.csv,missing_xi_lineups_with_nationality,Unknown,Premier League,arsenal_1997_98_double vs chelsea_2004_05_mourinho_first_title,arsenal_1997_98_double,Patrick Vieira,RCM,4,France,5,Arsenal – 1997/98 Double winners,4-4-2,1997-98,Premier League,Everton,vieira_patrick,0.62,0.6,2
43,43,missing_xi_lineups_with_nationality.csv,missing_xi_lineups_with_nationality,Unknown,Premier League,arsenal_1997_98_double vs chelsea_2004_05_mourinho_first_title,arsenal_1997_98_double,Martin Keown,LCB,5,England,5,Arsenal – 1997/98 Double winners,4-4-2,1997-98,Premier League,Everton,keown_martin,0.35,0.85,2
43,43,missing_xi_lineups_with_nationality.csv,missing_xi_lineups_with_nationality,Unknown,Premier League,arsenal_1997_98_double vs chelsea_2004_05_mourinho_first_title,arsenal_1997_98_double,Tony Adams,RCB,6,England,5,Arsenal – 1997/98 Double winners,4-4-2,1997-98,Premier League,Everton,adams_tony,0.65,0.85,2
43,43,missing_xi_lineups_with_nationality.csv,missing_xi_lineups_with_nationality,Unknown,Premier League,arsenal_1997_98_double vs chelsea_2004_05_mourinho_first_title,arsenal_1997_98_double,Nicolas Anelka,RST,9,France,5,Arsenal – 1997/98 Double winners,4-4-2,1997-98,Premier League,Everton,anelka_nicolas,0.6,0.2,2
43,43,missing_xi_lineups_with_nationality.csv,missing_xi_lineups_with_nationality,Unknown,Premier League,arsenal_1997_98_double vs chelsea_2004_05_mourinho_first_title,arsenal_1997_98_double,Marc Overmars,LM,11,Netherlands,5,Arsenal – 1997/98 Double winners,4-4-2,1997-98,Premier League,Everton,overmars_marc,0.2,0.6,2
43,43,missing_xi_lineups_with_nationality.csv,missing_xi_lineups_with_nationality,Unknown,Premier League,arsenal_1997_98_double vs chelsea_2004_05_mourinho_first_title,arsenal_1997_98_double,Ray Parlour,RM,15,England,5,Arsenal – 1997/98 Double winners,4-4-2,1997-98,Premier League,Everton,parlour_ray,0.8,0.6,2
43,43,missing_xi_lineups_with_nationality.csv,missing_xi_lineups_with_nationality,Unknown,Premier League,arsenal_1997_98_double vs chelsea_2004_05_mourinho_first_title,arsenal_1997_98_double,Emmanuel Petit,LCM,17,France,5,Arsenal – 1997/98 Double winners,4-4-2,1997-98,Premier League,Everton,petit_emmanuel,0.38,0.6,2
43,43,missing_xi_lineups_with_nationality.csv,missing_xi_lineups_with_nationality,Unknown,Premier League,arsenal_1997_98_double vs chelsea_2004_05_mourinho_first_title,arsenal_1997_98_double,Christopher Wreh,LST,27,Liberia,5,Arsenal – 1997/98 Double winners,4-4-2,1997-98,Premier League,Everton,wreh_christopher,0.4,0.2,2
43,43,missing_xi_lineups_with_nationality.csv,missing_xi_lineups_with_nationality,Unknown,Premier League,arsenal_1997_98_double vs chelsea_2004_05_mourinho_first_title,chelsea_2004_05_mourinho_first_title,Petr Cech,GK,1,Czech Republic,6,Chelsea – 2004/05 Mourinho’s first title,4-3-3,2004-05,Premier League,Bolton Wanderers,cech_petr,0.5,0.95,2
43,43,missing_xi_lineups_with_nationality.csv,missing_xi_lineups_with_nationality,Unknown,Premier League,arsenal_1997_98_double vs chelsea_2004_05_mourinho_first_title,chelsea_2004_05_mourinho_first_title,Claude Makelele,DM,4,France,6,Chelsea – 2004/05 Mourinho’s first title,4-3-3,2004-05,Premier League,Bolton Wanderers,makelele_claude,0.5,0.65,2
43,43,missing_xi_lineups_with_nationality.csv,missing_xi_lineups_with_nationality,Unknown,Premier League,arsenal_1997_98_double vs chelsea_2004_05_mourinho_first_title,chelsea_2004_05_mourinho_first_title,Ricardo Carvalho,RCB,6,Portugal,6,Chelsea – 2004/05 Mourinho’s first title,4-3-3,2004-05,Premier League,Bolton Wanderers,carvalho_ricardo,0.65,0.85,2
43,43,missing_xi_lineups_with_nationality.csv,missing_xi_lineups_with_nationality,Unknown,Premier League,arsenal_1997_98_double vs chelsea_2004_05_mourinho_first_title,chelsea_2004_05_mourinho_first_title,Frank Lampard,RCM,8,England,6,Chelsea – 2004/05 Mourinho’s first title,4-3-3,2004-05,Premier League,Bolton Wanderers,lampard_frank,0.62,0.6,2
43,43,missing_xi_lineups_with_nationality.csv,missing_xi_lineups_with_nationality,Unknown,Premier League,arsenal_1997_98_double vs chelsea_2004_05_mourinho_first_title,chelsea_2004_05_mourinho_first_title,William Gallas,RB,13,France,6,Chelsea – 2004/05 Mourinho’s first title,4-3-3,2004-05,Premier League,Bolton Wanderers,gallas_william,0.82,0.8,2
43,43,missing_xi_lineups_with_nationality.csv,missing_xi_lineups_with_nationality,Unknown,Premier League,arsenal_1997_98_double vs chelsea_2004_05_mourinho_first_title,chelsea_2004_05_mourinho_first_title,Geremi,LB,14,Cameroon,6,Chelsea – 2004/05 Mourinho’s first title,4-3-3,2004-05,Premier League,Bolton Wanderers,geremi_njitap,0.18,0.8,2
43,43,missing_xi_lineups_with_nationality.csv,missing_xi_lineups_with_nationality,Unknown,Premier League,arsenal_1997_98_double vs chelsea_2004_05_mourinho_first_title,chelsea_2004_05_mourinho_first_title,Didier Drogba,ST,15,Ivory Coast,6,Chelsea – 2004/05 Mourinho’s first title,4-3-3,2004-05,Premier League,Bolton Wanderers,drogba_didier,0.5,0.18,2
43,43,missing_xi_lineups_with_nationality.csv,missing_xi_lineups_with_nationality,Unknown,Premier League,arsenal_1997_98_double vs chelsea_2004_05_mourinho_first_title,chelsea_2004_05_mourinho_first_title,Jiri Jarosik,LCM,16,Czech Republic,6,Chelsea – 2004/05 Mourinho’s first title,4-3-3,2004-05,Premier League,Bolton Wanderers,jarosik_jiri,0.38,0.6,2
43,43,missing_xi_lineups_with_nationality.csv,missing_xi_lineups_with_nationality,Unknown,Premier League,arsenal_1997_98_double vs chelsea_2004_05_mourinho_first_title,chelsea_2004_05_mourinho_first_title,Tiago,RW,20,Portugal,6,Chelsea – 2004/05 Mourinho’s first title,4-3-3,2004-05,Premier League,Bolton Wanderers,tiago_mendes,0.82,0.32,2
43,43,missing_xi_lineups_with_nationality.csv,missing_xi_lineups_with_nationality,Unknown,Premier League,arsenal_1997_98_double vs chelsea_2004_05_mourinho_first_title,chelsea_2004_05_mourinho_first_title,Eidur Gudjohnsen,LW,22,Iceland,6,Chelsea – 2004/05 Mourinho’s first title,4-3-3,2004-05,Premier League,Bolton Wanderers,gudjohnsen_eidur,0.18,0.32,2
43,43,missing_xi_lineups_with_nationality.csv,missing_xi_lineups_with_nationality,Unknown,Premier League,arsenal_1997_98_double vs chelsea_2004_05_mourinho_first_title,chelsea_2004_05_mourinho_first_title,John Terry,LCB,26,England,6,Chelsea – 2004/05 Mourinho’s first title,4-3-3,2004-05,Premier League,Bolton Wanderers,terry_john,0.35,0.85,2
44,44,missing_xi_lineups_with_nationality.csv,missing_xi_lineups_with_nationality,Unknown,Premier League,chelsea_2011_12_ucl_winners vs chelsea_2020_21_ucl_winners,chelsea_2011_12_ucl_winners,Petr Cech,GK,1,Czech Republic,7,Chelsea – 2011/12 Champions League winners,4-2-3-1,2011-12,Premier League,Manchester City,cech_petr,0.5,0.95,3
44,44,missing_xi_lineups_with_nationality.csv,missing_xi_lineups_with_nationality,Unknown,Premier League,chelsea_2011_12_ucl_winners vs chelsea_2020_21_ucl_winners,chelsea_2011_12_ucl_winners,Branislav Ivanovic,RCB,2,Serbia,7,Chelsea – 2011/12 Champions League winners,4-2-3-1,2011-12,Premier League,Manchester City,ivanovic_branislav,0.65,0.85,3
44,44,missing_xi_lineups_with_nationality.csv,missing_xi_lineups_with_nationality,Unknown,Premier League,chelsea_2011_12_ucl_winners vs chelsea_2020_21_ucl_winners,chelsea_2011_12_ucl_winners,Ashley Cole,LB,3,England,7,Chelsea – 2011/12 Champions League winners,4-2-3-1,2011-12,Premier League,Manchester City,cole_ashley,0.18,0.8,3
44,44,missing_xi_lineups_with_nationality.csv,missing_xi_lineups_with_nationality,Unknown,Premier League,chelsea_2011_12_ucl_winners vs chelsea_2020_21_ucl_winners,chelsea_2011_12_ucl_winners,Oriol Romeu,RDM,6,Spain,7,Chelsea – 2011/12 Champions League winners,4-2-3-1,2011-12,Premier League,Manchester City,romeu_oriol,0.6,0.68,3
44,44,missing_xi_lineups_with_nationality.csv,missing_xi_lineups_with_nationality,Unknown,Premier League,chelsea_2011_12_ucl_winners vs chelsea_2020_21_ucl_winners,chelsea_2011_12_ucl_winners,Ramires,RAM,7,Brazil,7,Chelsea – 2011/12 Champions League winners,4-2-3-1,2011-12,Premier League,Manchester City,ramires_santos,0.78,0.45,3
44,44,missing_xi_lineups_with_nationality.csv,missing_xi_lineups_with_nationality,Unknown,Premier League,chelsea_2011_12_ucl_winners vs chelsea_2020_21_ucl_winners,chelsea_2011_12_ucl_winners,Juan Mata,CAM,10,Spain,7,Chelsea – 2011/12 Champions League winners,4-2-3-1,2011-12,Premier League,Manchester City,mata_juan,0.5,0.42,3
44,44,missing_xi_lineups_with_nationality.csv,missing_xi_lineups_with_nationality,Unknown,Premier League,chelsea_2011_12_ucl_winners vs chelsea_2020_21_ucl_winners,chelsea_2011_12_ucl_winners,Didier Drogba,ST,11,Ivory Coast,7,Chelsea – 2011/12 Champions League winners,4-2-3-1,2011-12,Premier League,Manchester City,drogba_didier,0.5,0.18,3
44,44,missing_xi_lineups_with_nationality.csv,missing_xi_lineups_with_nationality,Unknown,Premier League,chelsea_2011_12_ucl_winners vs chelsea_2020_21_ucl_winners,chelsea_2011_12_ucl_winners,Raul Meireles,LDM,16,Portugal,7,Chelsea – 2011/12 Champions League winners,4-2-3-1,2011-12,Premier League,Manchester City,meireles_raul,0.4,0.68,3
44,44,missing_xi_lineups_with_nationality.csv,missing_xi_lineups_with_nationality,Unknown,Premier League,chelsea_2011_12_ucl_winners vs chelsea_2020_21_ucl_winners,chelsea_2011_12_ucl_winners,Jose Bosingwa,RB,17,Portugal,7,Chelsea – 2011/12 Champions League winners,4-2-3-1,2011-12,Premier League,Manchester City,bosingwa_jose,0.82,0.8,3
44,44,missing_xi_lineups_with_nationality.csv,missing_xi_lineups_with_nationality,Unknown,Premier League,chelsea_2011_12_ucl_winners vs chelsea_2020_21_ucl_winners,chelsea_2011_12_ucl_winners,Daniel Sturridge,LAM,23,England,7,Chelsea – 2011/12 Champions League winners,4-2-3-1,2011-12,Premier League,Manchester City,sturridge_daniel,0.22,0.45,3
44,44,missing_xi_lineups_with_nationality.csv,missing_xi_lineups_with_nationality,Unknown,Premier League,chelsea_2011_12_ucl_winners vs chelsea_2020_21_ucl_winners,chelsea_2011_12_ucl_winners,John Terry,LCB,26,England,7,Chelsea – 2011/12 Champions League winners,4-2-3-1,2011-12,Premier League,Manchester City,terry_john,0.35,0.85,3
44,44,missing_xi_lineups_with_nationality.csv,missing_xi_lineups_with_nationality,Unknown,Premier League,chelsea_2011_12_ucl_winners vs chelsea_2020_21_ucl_winners,chelsea_2020_21_ucl_winners,Antonio Rudiger,LCB,2,Germany,8,Chelsea – 2020/21 Champions League winners,3-4-2-1,2020-21,Premier League,Manchester City,rudiger_antonio,0.35,0.85,3
44,44,missing_xi_lineups_with_nationality.csv,missing_xi_lineups_with_nationality,Unknown,Premier League,chelsea_2011_12_ucl_winners vs chelsea_2020_21_ucl_winners,chelsea_2020_21_ucl_winners,Marcos Alonso,LAM,3,Spain,8,Chelsea – 2020/21 Champions League winners,3-4-2-1,2020-21,Premier League,Manchester City,alonso_marcos,0.22,0.45,3
44,44,missing_xi_lineups_with_nationality.csv,missing_xi_lineups_with_nationality,Unknown,Premier League,chelsea_2011_12_ucl_winners vs chelsea_2020_21_ucl_winners,chelsea_2020_21_ucl_winners,Andreas Christensen,RCB,4,Denmark,8,Chelsea – 2020/21 Champions League winners,3-4-2-1,2020-21,Premier League,Manchester City,christensen_andreas,0.65,0.85,3
44,44,missing_xi_lineups_with_nationality.csv,missing_xi_lineups_with_nationality,Unknown,Premier League,chelsea_2011_12_ucl_winners vs chelsea_2020_21_ucl_winners,chelsea_2020_21_ucl_winners,N'Golo Kante,RDM,7,France,8,Chelsea – 2020/21 Champions League winners,3-4-2-1,2020-21,Premier League,Manchester City,kante_ngolo,0.6,0.68,3
44,44,missing_xi_lineups_with_nationality.csv,missing_xi_lineups_with_nationality,Unknown,Premier League,chelsea_2011_12_ucl_winners vs chelsea_2020_21_ucl_winners,chelsea_2020_21_ucl_winners,Christian Pulisic,ST,10,USA,8,Chelsea – 2020/21 Champions League winners,3-4-2-1,2020-21,Premier League,Manchester City,pulisic_christian,0.5,0.18,3
44,44,missing_xi_lineups_with_nationality.csv,missing_xi_lineups_with_nationality,Unknown,Premier League,chelsea_2011_12_ucl_winners vs chelsea_2020_21_ucl_winners,chelsea_2020_21_ucl_winners,Timo Werner,RAM,11,Germany,8,Chelsea – 2020/21 Champions League winners,3-4-2-1,2020-21,Premier League,Manchester City,werner_timo,0.78,0.45,3
44,44,missing_xi_lineups_with_nationality.csv,missing_xi_lineups_with_nationality,Unknown,Premier League,chelsea_2011_12_ucl_winners vs chelsea_2020_21_ucl_winners,chelsea_2020_21_ucl_winners,Edouard Mendy,GK,16,Senegal,8,Chelsea – 2020/21 Champions League winners,3-4-2-1,2020-21,Premier League,Manchester City,mendy_edouard,0.5,0.95,3
44,44,missing_xi_lineups_with_nationality.csv,missing_xi_lineups_with_nationality,Unknown,Premier League,chelsea_2011_12_ucl_winners vs chelsea_2020_21_ucl_winners,chelsea_2020_21_ucl_winners,Hakim Ziyech,CAM,22,Morocco,8,Chelsea – 2020/21 Champions League winners,3-4-2-1,2020-21,Premier League,Manchester City,ziyech_hakim,0.5,0.42,3
44,44,missing_xi_lineups_with_nationality.csv,missing_xi_lineups_with_nationality,Unknown,Premier League,chelsea_2011_12_ucl_winners vs chelsea_2020_21_ucl_winners,chelsea_2020_21_ucl_winners,Billy Gilmour,LDM,23,Scotland,8,Chelsea – 2020/21 Champions League winners,3-4-2-1,2020-21,Premier League,Manchester City,gilmour_billy,0.4,0.68,3
44,44,missing_xi_lineups_with_nationality.csv,missing_xi_lineups_with_nationality,Unknown,Premier League,chelsea_2011_12_ucl_winners vs chelsea_2020_21_ucl_winners,chelsea_2020_21_ucl_winners,Reece James,LB,24,England,8,Chelsea – 2020/21 Champions League winners,3-4-2-1,2020-21,Premier League,Manchester City,james_reece,0.18,0.8,3
44,44,missing_xi_lineups_with_nationality.csv,missing_xi_lineups_with_nationality,Unknown,Premier League,chelsea_2011_12_ucl_winners vs chelsea_2020_21_ucl_winners,chelsea_2020_21_ucl_winners,Cesar Azpilicueta,RB,28,Spain,8,Chelsea – 2020/21 Champions League winners,3-4-2-1,2020-21,Premier League,Manchester City,azpilicueta_cesar,0.82,0.8,3
45,45,missing_xi_lineups_with_nationality.csv,missing_xi_lineups_with_nationality,Unknown,Premier League,liverpool_2004_05_istanbul vs liverpool_2018_19_ucl_winners,liverpool_2004_05_istanbul,Jerzy Dudek,GK,1,Poland,9,Liverpool – 2004/05 Champions League winners (Istanbul),4-4-2,2004-05,Premier League,Charlton Athletic,dudek_jerzy,0.5,0.95,4
45,45,missing_xi_lineups_with_nationality.csv,missing_xi_lineups_with_nationality,Unknown,Premier League,liverpool_2004_05_istanbul vs liverpool_2018_19_ucl_winners,liverpool_2004_05_istanbul,Steve Finnan,RB,3,Ireland,9,Liverpool – 2004/05 Champions League winners (Istanbul),4-4-2,2004-05,Premier League,Charlton Athletic,finnan_steve,0.8,0.8,4
45,45,missing_xi_lineups_with_nationality.csv,missing_xi_lineups_with_nationality,Unknown,Premier League,liverpool_2004_05_istanbul vs liverpool_2018_19_ucl_winners,liverpool_2004_05_istanbul,Sami Hyypia,LCB,4,Finland,9,Liverpool – 2004/05 Champions League winners (Istanbul),4-4-2,2004-05,Premier League,Charlton Athletic,hyypia_sami,0.35,0.85,4
45,45,missing_xi_lineups_with_nationality.csv,missing_xi_lineups_with_nationality,Unknown,Premier League,liverpool_2004_05_istanbul vs liverpool_2018_19_ucl_winners,liverpool_2004_05_istanbul,Milan Baros,LST,5,Czech Republic,9,Liverpool – 2004/05 Champions League winners (Istanbul),4-4-2,2004-05,Premier League,Charlton Athletic,baros_milan,0.4,0.2,4
45,45,missing_xi_lineups_with_nationality.csv,missing_xi_lineups_with_nationality,Unknown,Premier League,liverpool_2004_05_istanbul vs liverpool_2018_19_ucl_winners,liverpool_2004_05_istanbul,John Arne Riise,LB,6,Norway,9,Liverpool – 2004/05 Champions League winners (Istanbul),4-4-2,2004-05,Premier League,Charlton Athletic,riise_john_arne,0.2,0.8,4
45,45,missing_xi_lineups_with_nationality.csv,missing_xi_lineups_with_nationality,Unknown,Premier League,liverpool_2004_05_istanbul vs liverpool_2018_19_ucl_winners,liverpool_2004_05_istanbul,Luis Garcia,RM,7,Spain,9,Liverpool – 2004/05 Champions League winners (Istanbul),4-4-2,2004-05,Premier League,Charlton Athletic,garcia_luis,0.8,0.6,4
45,45,missing_xi_lineups_with_nationality.csv,missing_xi_lineups_with_nationality,Unknown,Premier League,liverpool_2004_05_istanbul vs liverpool_2018_19_ucl_winners,liverpool_2004_05_istanbul,Steven Gerrard,RCM,8,England,9,Liverpool – 2004/05 Champions League winners (Istanbul),4-4-2,2004-05,Premier League,Charlton Athletic,gerrard_steven,0.62,0.6,4
45,45,missing_xi_lineups_with_nationality.csv,missing_xi_lineups_with_nationality,Unknown,Premier League,liverpool_2004_05_istanbul vs liverpool_2018_19_ucl_winners,liverpool_2004_05_istanbul,Djibril Cisse,RST,9,France,9,Liverpool – 2004/05 Champions League winners (Istanbul),4-4-2,2004-05,Premier League,Charlton Athletic,cisse_djibril,0.6,0.2,4
45,45,missing_xi_lineups_with_nationality.csv,missing_xi_lineups_with_nationality,Unknown,Premier League,liverpool_2004_05_istanbul vs liverpool_2018_19_ucl_winners,liverpool_2004_05_istanbul,Harry Kewell,LM,14,Australia,9,Liverpool – 2004/05 Champions League winners (Istanbul),4-4-2,2004-05,Premier League,Charlton Athletic,kewell_harry,0.2,0.6,4
45,45,missing_xi_lineups_with_nationality.csv,missing_xi_lineups_with_nationality,Unknown,Premier League,liverpool_2004_05_istanbul vs liverpool_2018_19_ucl_winners,liverpool_2004_05_istanbul,Dietmar Hamann,LCM,17,Germany,9,Liverpool – 2004/05 Champions League winners (Istanbul),4-4-2,2004-05,Premier League,Charlton Athletic,hamann_dietmar,0.38,0.6,4
45,45,missing_xi_lineups_with_nationality.csv,missing_xi_lineups_with_nationality,Unknown,Premier League,liverpool_2004_05_istanbul vs liverpool_2018_19_ucl_winners,liverpool_2004_05_istanbul,Jamie Carragher,RCB,23,England,9,Liverpool – 2004/05 Champions League winners (Istanbul),4-4-2,2004-05,Premier League,Charlton Athletic,carragher_jamie,0.65,0.85,4
45,45,missing_xi_lineups_with_nationality.csv,missing_xi_lineups_with_nationality,Unknown,Premier League,liverpool_2004_05_istanbul vs liverpool_2018_19_ucl_winners,liverpool_2018_19_ucl_winners,Alisson Becker,GK,1,Brazil,10,Liverpool – 2018/19 Champions League winners,4-3-3,2018-19,Premier League,Crystal Palace,alisson_becker,0.5,0.95,4
45,45,missing_xi_lineups_with_nationality.csv,missing_xi_lineups_with_nationality,Unknown,Premier League,liverpool_2004_05_istanbul vs liverpool_2018_19_ucl_winners,liverpool_2018_19_ucl_winners,Fabinho,DM,3,Brazil,10,Liverpool – 2018/19 Champions League winners,4-3-3,2018-19,Premier League,Crystal Palace,fabinho,0.5,0.65,4
45,45,missing_xi_lineups_with_nationality.csv,missing_xi_lineups_with_nationality,Unknown,Premier League,liverpool_2004_05_istanbul vs liverpool_2018_19_ucl_winners,liverpool_2018_19_ucl_winners,Virgil van Dijk,LCB,4,Netherlands,10,Liverpool – 2018/19 Champions League winners,4-3-3,2018-19,Premier League,Crystal Palace,van_dijk_virgil,0.35,0.85,4
45,45,missing_xi_lineups_with_nationality.csv,missing_xi_lineups_with_nationality,Unknown,Premier League,liverpool_2004_05_istanbul vs liverpool_2018_19_ucl_winners,liverpool_2018_19_ucl_winners,Georginio Wijnaldum,RCM,5,Netherlands,10,Liverpool – 2018/19 Champions League winners,4-3-3,2018-19,Premier League,Crystal Palace,wijnaldum_georginio,0.62,0.6,4
45,45,missing_xi_lineups_with_nationality.csv,missing_xi_lineups_with_nationality,Unknown,Premier League,liverpool_2004_05_istanbul vs liverpool_2018_19_ucl_winners,liverpool_2018_19_ucl_winners,Naby Keita,LCM,8,Guinea,10,Liverpool – 2018/19 Champions League winners,4-3-3,2018-19,Premier League,Crystal Palace,keita_naby,0.38,0.6,4
45,45,missing_xi_lineups_with_nationality.csv,missing_xi_lineups_with_nationality,Unknown,Premier League,liverpool_2004_05_istanbul vs liverpool_2018_19_ucl_winners,liverpool_2018_19_ucl_winners,Roberto Firmino,ST,9,Brazil,10,Liverpool – 2018/19 Champions League winners,4-3-3,2018-19,Premier League,Crystal Palace,firmino_roberto,0.5,0.18,4
45,45,missing_xi_lineups_with_nationality.csv,missing_xi_lineups_with_nationality,Unknown,Premier League,liverpool_2004_05_istanbul vs liverpool_2018_19_ucl_winners,liverpool_2018_19_ucl_winners,Sadio Mane,LW,10,Senegal,10,Liverpool – 2018/19 Champions League winners,4-3-3,2018-19,Premier League,Crystal Palace,mane_sadio,0.18,0.32,4
45,45,missing_xi_lineups_with_nationality.csv,missing_xi_lineups_with_nationality,Unknown,Premier League,liverpool_2004_05_istanbul vs liverpool_2018_19_ucl_winners,liverpool_2018_19_ucl_winners,Mohamed Salah,RW,11,Egypt,10,Liverpool – 2018/19 Champions League winners,4-3-3,2018-19,Premier League,Crystal Palace,salah_mohamed,0.82,0.32,4
45,45,missing_xi_lineups_with_nationality.csv,missing_xi_lineups_with_nationality,Unknown,Premier League,liverpool_2004_05_istanbul vs liverpool_2018_19_ucl_winners,liverpool_2018_19_ucl_winners,Andrew Robertson,LB,26,Scotland,10,Liverpool – 2018/19 Champions League winners,4-3-3,2018-19,Premier League,Crystal Palace,robertson_andrew,0.18,0.8,4
45,45,missing_xi_lineups_with_nationality.csv,missing_xi_lineups_with_nationality,Unknown,Premier League,liverpool_2004_05_istanbul vs liverpool_2018_19_ucl_winners,liverpool_2018_19_ucl_winners,Joel Matip,RCB,32,Cameroon,10,Liverpool – 2018/19 Champions League winners,4-3-3,2018-19,Premier League,Crystal Palace,matip_joel,0.65,0.85,4
45,45,missing_xi_lineups_with_nationality.csv,missing_xi_lineups_with_nationality,Unknown,Premier League,liverpool_2004_05_istanbul vs liverpool_2018_19_ucl_winners,liverpool_2018_19_ucl_winners,Trent Alexander-Arnold,RB,66,England,10,Liverpool – 2018/19 Champions League winners,4-3-3,2018-19,Premier League,Crystal Palace,alexander_arnold_trent,0.82,0.8,4
46,46,missing_xi_lineups_with_nationality.csv,missing_xi_lineups_with_nationality,Unknown,Premier League,liverpool_2019_20_pl_winners vs man_city_2011_12_first_title,liverpool_2019_20_pl_winners,Alisson Becker,GK,1,Brazil,11,Liverpool – 2019/20 Premier League winners,4-3-3,2019-20,Premier League,Manchester City,alisson_becker,0.5,0.95,5
46,46,missing_xi_lineups_with_nationality.csv,missing_xi_lineups_with_nationality,Unknown,Premier League,liverpool_2019_20_pl_winners vs man_city_2011_12_first_title,liverpool_2019_20_pl_winners,Fabinho,DM,3,Brazil,11,Liverpool – 2019/20 Premier League winners,4-3-3,2019-20,Premier League,Manchester City,fabinho,0.5,0.65,5
46,46,missing_xi_lineups_with_nationality.csv,missing_xi_lineups_with_nationality,Unknown,Premier League,liverpool_2019_20_pl_winners vs man_city_2011_12_first_title,liverpool_2019_20_pl_winners,Virgil van Dijk,LCB,4,Netherlands,11,Liverpool – 2019/20 Premier League winners,4-3-3,2019-20,Premier League,Manchester City,van_dijk_virgil,0.35,0.85,5
46,46,missing_xi_lineups_with_nationality.csv,missing_xi_lineups_with_nationality,Unknown,Premier League,liverpool_2019_20_pl_winners vs man_city_2011_12_first_title,liverpool_2019_20_pl_winners,Georginio Wijnaldum,LCM,5,Netherlands,11,Liverpool – 2019/20 Premier League winners,4-3-3,2019-20,Premier League,Manchester City,wijnaldum_georginio,0.38,0.6,5
46,46,missing_xi_lineups_with_nationality.csv,missing_xi_lineups_with_nationality,Unknown,Premier League,liverpool_2019_20_pl_winners vs man_city_2011_12_first_title,liverpool_2019_20_pl_winners,Dejan Lovren,RCB,6,Croatia,11,Liverpool – 2019/20 Premier League winners,4-3-3,2019-20,Premier League,Manchester City,lovren_dejan,0.65,0.85,5
46,46,missing_xi_lineups_with_nationality.csv,missing_xi_lineups_with_nationality,Unknown,Premier League,liverpool_2019_20_pl_winners vs man_city_2011_12_first_title,liverpool_2019_20_pl_winners,Roberto Firmino,ST,9,Brazil,11,Liverpool – 2019/20 Premier League winners,4-3-3,2019-20,Premier League,Manchester City,firmino_roberto,0.5,0.18,5
46,46,missing_xi_lineups_with_nationality.csv,missing_xi_lineups_with_nationality,Unknown,Premier League,liverpool_2019_20_pl_winners vs man_city_2011_12_first_title,liverpool_2019_20_pl_winners,Sadio Mane,LW,10,Senegal,11,Liverpool – 2019/20 Premier League winners,4-3-3,2019-20,Premier League,Manchester City,mane_sadio,0.18,0.32,5
46,46,missing_xi_lineups_with_nationality.csv,missing_xi_lineups_with_nationality,Unknown,Premier League,liverpool_2019_20_pl_winners vs man_city_2011_12_first_title,liverpool_2019_20_pl_winners,Mohamed Salah,RW,11,Egypt,11,Liverpool – 2019/20 Premier League winners,4-3-3,2019-20,Premier League,Manchester City,salah_mohamed,0.82,0.32,5
46,46,missing_xi_lineups_with_nationality.csv,missing_xi_lineups_with_nationality,Unknown,Premier League,liverpool_2019_20_pl_winners vs man_city_2011_12_first_title,liverpool_2019_20_pl_winners,Jordan Henderson,RCM,14,England,11,Liverpool – 2019/20 Premier League winners,4-3-3,2019-20,Premier League,Manchester City,henderson_jordan,0.62,0.6,5
46,46,missing_xi_lineups_with_nationality.csv,missing_xi_lineups_with_nationality,Unknown,Premier League,liverpool_2019_20_pl_winners vs man_city_2011_12_first_title,liverpool_2019_20_pl_winners,Andrew Robertson,LB,26,Scotland,11,Liverpool – 2019/20 Premier League winners,4-3-3,2019-20,Premier League,Manchester City,robertson_andrew,0.18,0.8,5
46,46,missing_xi_lineups_with_nationality.csv,missing_xi_lineups_with_nationality,Unknown,Premier League,liverpool_2019_20_pl_winners vs man_city_2011_12_first_title,liverpool_2019_20_pl_winners,Trent Alexander-Arnold,RB,66,England,11,Liverpool – 2019/20 Premier League winners,4-3-3,2019-20,Premier League,Manchester City,alexander_arnold_trent,0.82,0.8,5
46,46,missing_xi_lineups_with_nationality.csv,missing_xi_lineups_with_nationality,Unknown,Premier League,liverpool_2019_20_pl_winners vs man_city_2011_12_first_title,man_city_2011_12_first_title,Micah Richards,RB,2,England,12,Manchester City – 2011/12 first PL title (Aguero moment),4-4-2,2011-12,Premier League,Manchester United,richards_micah,0.8,0.8,5
46,46,missing_xi_lineups_with_nationality.csv,missing_xi_lineups_with_nationality,Unknown,Premier League,liverpool_2019_20_pl_winners vs man_city_2011_12_first_title,man_city_2011_12_first_title,Vincent Kompany,RCB,4,Belgium,12,Manchester City – 2011/12 first PL title (Aguero moment),4-4-2,2011-12,Premier League,Manchester United,kompany_vincent,0.65,0.85,5
46,46,missing_xi_lineups_with_nationality.csv,missing_xi_lineups_with_nationality,Unknown,Premier League,liverpool_2019_20_pl_winners vs man_city_2011_12_first_title,man_city_2011_12_first_title,Joleon Lescott,LCB,6,England,12,Manchester City – 2011/12 first PL title (Aguero moment),4-4-2,2011-12,Premier League,Manchester United,lescott_joleon,0.35,0.85,5
46,46,missing_xi_lineups_with_nationality.csv,missing_xi_lineups_with_nationality,Unknown,Premier League,liverpool_2019_20_pl_winners vs man_city_2011_12_first_title,man_city_2011_12_first_title,James Milner,RM,7,England,12,Manchester City – 2011/12 first PL title (Aguero moment),4-4-2,2011-12,Premier League,Manchester United,milner_james,0.8,0.6,5
46,46,missing_xi_lineups_with_nationality.csv,missing_xi_lineups_with_nationality,Unknown,Premier League,liverpool_2019_20_pl_winners vs man_city_2011_12_first_title,man_city_2011_12_first_title,Sergio Aguero,LST,16,Argentina,12,Manchester City – 2011/12 first PL title (Aguero moment),4-4-2,2011-12,Premier League,Manchester United,aguero_sergio,0.4,0.2,5
46,46,missing_xi_lineups_with_nationality.csv,missing_xi_lineups_with_nationality,Unknown,Premier League,liverpool_2019_20_pl_winners vs man_city_2011_12_first_title,man_city_2011_12_first_title,Gareth Barry,LCM,18,England,12,Manchester City – 2011/12 first PL title (Aguero moment),4-4-2,2011-12,Premier League,Manchester United,barry_gareth,0.38,0.6,5
46,46,missing_xi_lineups_with_nationality.csv,missing_xi_lineups_with_nationality,Unknown,Premier League,liverpool_2019_20_pl_winners vs man_city_2011_12_first_title,man_city_2011_12_first_title,David Silva,LM,21,Spain,12,Manchester City – 2011/12 first PL title (Aguero moment),4-4-2,2011-12,Premier League,Manchester United,silva_david,0.2,0.6,5
46,46,missing_xi_lineups_with_nationality.csv,missing_xi_lineups_with_nationality,Unknown,Premier League,liverpool_2019_20_pl_winners vs man_city_2011_12_first_title,man_city_2011_12_first_title,Gael Clichy,LB,22,France,12,Manchester City – 2011/12 first PL title (Aguero moment),4-4-2,2011-12,Premier League,Manchester United,clichy_gael,0.2,0.8,5
46,46,missing_xi_lineups_with_nationality.csv,missing_xi_lineups_with_nationality,Unknown,Premier League,liverpool_2019_20_pl_winners vs man_city_2011_12_first_title,man_city_2011_12_first_title,Joe Hart,GK,25,England,12,Manchester City – 2011/12 first PL title (Aguero moment),4-4-2,2011-12,Premier League,Manchester United,hart_joe,0.5,0.95,5
46,46,missing_xi_lineups_with_nationality.csv,missing_xi_lineups_with_nationality,Unknown,Premier League,liverpool_2019_20_pl_winners vs man_city_2011_12_first_title,man_city_2011_12_first_title,Yaya Toure,RCM,42,Ivory Coast,12,Manchester City – 2011/12 first PL title (Aguero moment),4-4-2,2011-12,Premier League,Manchester United,toure_yaya,0.62,0.6,5
46,46,missing_xi_lineups_with_nationality.csv,missing_xi_lineups_with_nationality,Unknown,Premier League,liverpool_2019_20_pl_winners vs man_city_2011_12_first_title,man_city_2011_12_first_title,Mario Balotelli,RST,45,Italy,12,Manchester City – 2011/12 first PL title (Aguero moment),4-4-2,2011-12,Premier League,Manchester United,balotelli_mario,0.6,0.2,5
47,47,missing_xi_lineups_with_nationality.csv,missing_xi_lineups_with_nationality,Unknown,Premier League,man_city_2017_18_centurions vs man_city_2018_19_domestic_treble,man_city_2017_18_centurions,Kyle Walker,RB,2,England,13,Manchester City – 2017/18 100-point “Centurions”,4-3-3,2017-18,Premier League,Stoke City,walker_kyle,0.82,0.8,6
47,47,missing_xi_lineups_with_nationality.csv,missing_xi_lineups_with_nationality,Unknown,Premier League,man_city_2017_18_centurions vs man_city_2018_19_domestic_treble,man_city_2017_18_centurions,John Stones,RCB,5,England,13,Manchester City – 2017/18 100-point “Centurions”,4-3-3,2017-18,Premier League,Stoke City,stones_john,0.65,0.85,6
47,47,missing_xi_lineups_with_nationality.csv,missing_xi_lineups_with_nationality,Unknown,Premier League,man_city_2017_18_centurions vs man_city_2018_19_domestic_treble,man_city_2017_18_centurions,Raheem Sterling,RW,7,Professional,13,Manchester City – 2017/18 100-point “Centurions”,4-3-3,2017-18,Premier League,Stoke City,sterling_raheem,0.82,0.32,6
47,47,missing_xi_lineups_with_nationality.csv,missing_xi_lineups_with_nationality,Unknown,Premier League,man_city_2017_18_centurions vs man_city_2018_19_domestic_treble,man_city_2017_18_centurions,Kevin De Bruyne,RCM,17,Belgium,13,Manchester City – 2017/18 100-point “Centurions”,4-3-3,2017-18,Premier League,Stoke City,de_bruyne_kevin,0.62,0.6,6
47,47,missing_xi_lineups_with_nationality.csv,missing_xi_lineups_with_nationality,Unknown,Premier League,man_city_2017_18_centurions vs man_city_2018_19_domestic_treble,man_city_2017_18_centurions,Fabian Delph,LB,18,England,13,Manchester City – 2017/18 100-point “Centurions”,4-3-3,2017-18,Premier League,Stoke City,delph_fabian,0.18,0.8,6
47,47,missing_xi_lineups_with_nationality.csv,missing_xi_lineups_with_nationality,Unknown,Premier League,man_city_2017_18_centurions vs man_city_2018_19_domestic_treble,man_city_2017_18_centurions,Leroy Sane,LW,19,Germany,13,Manchester City – 2017/18 100-point “Centurions”,4-3-3,2017-18,Premier League,Stoke City,sane_leroy,0.18,0.32,6
47,47,missing_xi_lineups_with_nationality.csv,missing_xi_lineups_with_nationality,Unknown,Premier League,man_city_2017_18_centurions vs man_city_2018_19_domestic_treble,man_city_2017_18_centurions,David Silva,LCM,21,Spain,13,Manchester City – 2017/18 100-point “Centurions”,4-3-3,2017-18,Premier League,Stoke City,silva_david,0.38,0.6,6
47,47,missing_xi_lineups_with_nationality.csv,missing_xi_lineups_with_nationality,Unknown,Premier League,man_city_2017_18_centurions vs man_city_2018_19_domestic_treble,man_city_2017_18_centurions,Fernandinho,DM,25,Brazil,13,Manchester City – 2017/18 100-point “Centurions”,4-3-3,2017-18,Premier League,Stoke City,fernandinho,0.5,0.65,6
47,47,missing_xi_lineups_with_nationality.csv,missing_xi_lineups_with_nationality,Unknown,Premier League,man_city_2017_18_centurions vs man_city_2018_19_domestic_treble,man_city_2017_18_centurions,Nicolas Otamendi,LCB,30,Argentina,13,Manchester City – 2017/18 100-point “Centurions”,4-3-3,2017-18,Premier League,Stoke City,otamendi_nicolas,0.35,0.85,6
47,47,missing_xi_lineups_with_nationality.csv,missing_xi_lineups_with_nationality,Unknown,Premier League,man_city_2017_18_centurions vs man_city_2018_19_domestic_treble,man_city_2017_18_centurions,Ederson,GK,31,Brazil,13,Manchester City – 2017/18 100-point “Centurions”,4-3-3,2017-18,Premier League,Stoke City,ederson,0.5,0.95,6
47,47,missing_xi_lineups_with_nationality.csv,missing_xi_lineups_with_nationality,Unknown,Premier League,man_city_2017_18_centurions vs man_city_2018_19_domestic_treble,man_city_2017_18_centurions,Gabriel Jesus,ST,33,Brazil,13,Manchester City – 2017/18 100-point “Centurions”,4-3-3,2017-18,Premier League,Stoke City,jesus_gabriel,0.5,0.18,6
47,47,missing_xi_lineups_with_nationality.csv,missing_xi_lineups_with_nationality,Unknown,Premier League,man_city_2017_18_centurions vs man_city_2018_19_domestic_treble,man_city_2018_19_domestic_treble,Kyle Walker,RB,2,England,14,Manchester City – 2018/19 domestic treble,4-3-3,2018-19,Premier League,Tottenham Hotspur,walker_kyle,0.82,0.8,6
47,47,missing_xi_lineups_with_nationality.csv,missing_xi_lineups_with_nationality,Unknown,Premier League,man_city_2017_18_centurions vs man_city_2018_19_domestic_treble,man_city_2018_19_domestic_treble,John Stones,RCB,5,England,14,Manchester City – 2018/19 domestic treble,4-3-3,2018-19,Premier League,Tottenham Hotspur,stones_john,0.65,0.85,6
47,47,missing_xi_lineups_with_nationality.csv,missing_xi_lineups_with_nationality,Unknown,Premier League,man_city_2017_18_centurions vs man_city_2018_19_domestic_treble,man_city_2018_19_domestic_treble,Raheem Sterling,LW,7,Professional,14,Manchester City – 2018/19 domestic treble,4-3-3,2018-19,Premier League,Tottenham Hotspur,sterling_raheem,0.18,0.32,6
47,47,missing_xi_lineups_with_nationality.csv,missing_xi_lineups_with_nationality,Unknown,Premier League,man_city_2017_18_centurions vs man_city_2018_19_domestic_treble,man_city_2018_19_domestic_treble,Sergio Aguero,ST,10,Argentina,14,Manchester City – 2018/19 domestic treble,4-3-3,2018-19,Premier League,Tottenham Hotspur,aguero_sergio,0.5,0.18,6
47,47,missing_xi_lineups_with_nationality.csv,missing_xi_lineups_with_nationality,Unknown,Premier League,man_city_2017_18_centurions vs man_city_2018_19_domestic_treble,man_city_2018_19_domestic_treble,Aymeric Laporte,LCB,14,France,14,Manchester City – 2018/19 domestic treble,4-3-3,2018-19,Premier League,Tottenham Hotspur,laporte_aymeric,0.35,0.85,6
47,47,missing_xi_lineups_with_nationality.csv,missing_xi_lineups_with_nationality,Unknown,Premier League,man_city_2017_18_centurions vs man_city_2018_19_domestic_treble,man_city_2018_19_domestic_treble,Bernardo Silva,RCM,20,Portugal,14,Manchester City – 2018/19 domestic treble,4-3-3,2018-19,Premier League,Tottenham Hotspur,silva_bernardo,0.62,0.6,6
47,47,missing_xi_lineups_with_nationality.csv,missing_xi_lineups_with_nationality,Unknown,Premier League,man_city_2017_18_centurions vs man_city_2018_19_domestic_treble,man_city_2018_19_domestic_treble,David Silva,LCM,21,Spain,14,Manchester City – 2018/19 domestic treble,4-3-3,2018-19,Premier League,Tottenham Hotspur,silva_david,0.38,0.6,6
47,47,missing_xi_lineups_with_nationality.csv,missing_xi_lineups_with_nationality,Unknown,Premier League,man_city_2017_18_centurions vs man_city_2018_19_domestic_treble,man_city_2018_19_domestic_treble,Benjamin Mendy,LB,22,France,14,Manchester City – 2018/19 domestic treble,4-3-3,2018-19,Premier League,Tottenham Hotspur,mendy_benjamin,0.18,0.8,6
47,47,missing_xi_lineups_with_nationality.csv,missing_xi_lineups_with_nationality,Unknown,Premier League,man_city_2017_18_centurions vs man_city_2018_19_domestic_treble,man_city_2018_19_domestic_treble,Fernandinho,DM,25,Brazil,14,Manchester City – 2018/19 domestic treble,4-3-3,2018-19,Premier League,Tottenham Hotspur,fernandinho,0.5,0.65,6
47,47,missing_xi_lineups_with_nationality.csv,missing_xi_lineups_with_nationality,Unknown,Premier League,man_city_2017_18_centurions vs man_city_2018_19_domestic_treble,man_city_2018_19_domestic_treble,Riyad Mahrez,RW,26,Algeria,14,Manchester City – 2018/19 domestic treble,4-3-3,2018-19,Premier League,Tottenham Hotspur,mahrez_riyad,0.82,0.32,6
47,47,missing_xi_lineups_with_nationality.csv,missing_xi_lineups_with_nationality,Unknown,Premier League,man_city_2017_18_centurions vs man_city_2018_19_domestic_treble,man_city_2018_19_domestic_treble,Ederson,GK,31,Brazil,14,Manchester City – 2018/19 domestic treble,4-3-3,2018-19,Premier League,Tottenham Hotspur,ederson,0.5,0.95,6
48,48,missing_xi_lineups_with_nationality.csv,missing_xi_lineups_with_nationality,Unknown,Premier League,man_city_2020_21_ucl_finalists vs man_city_2022_23_treble,man_city_2020_21_ucl_finalists,Kyle Walker,RB,2,England,15,Manchester City – 2020/21 UCL finalists,4-3-3,2020-21,Premier League,Burnley,walker_kyle,0.82,0.8,7
48,48,missing_xi_lineups_with_nationality.csv,missing_xi_lineups_with_nationality,Unknown,Premier League,man_city_2020_21_ucl_finalists vs man_city_2022_23_treble,man_city_2020_21_ucl_finalists,Ruben Dias,RCB,3,Portugal,15,Manchester City – 2020/21 UCL finalists,4-3-3,2020-21,Premier League,Burnley,dias_ruben,0.65,0.85,7
48,48,missing_xi_lineups_with_nationality.csv,missing_xi_lineups_with_nationality,Unknown,Premier League,man_city_2020_21_ucl_finalists vs man_city_2022_23_treble,man_city_2020_21_ucl_finalists,John Stones,LCB,5,England,15,Manchester City – 2020/21 UCL finalists,4-3-3,2020-21,Premier League,Burnley,stones_john,0.35,0.85,7
48,48,missing_xi_lineups_with_nationality.csv,missing_xi_lineups_with_nationality,Unknown,Premier League,man_city_2020_21_ucl_finalists vs man_city_2022_23_treble,man_city_2020_21_ucl_finalists,Ilkay Gundogan,LCM,8,Portugal,15,Manchester City – 2020/21 UCL finalists,4-3-3,2020-21,Premier League,Burnley,gundogan_ilkay,0.38,0.6,7
48,48,missing_xi_lineups_with_nationality.csv,missing_xi_lineups_with_nationality,Unknown,Premier League,man_city_2020_21_ucl_finalists vs man_city_2022_23_treble,man_city_2020_21_ucl_finalists,Gabriel Jesus,ST,9,Brazil,15,Manchester City – 2020/21 UCL finalists,4-3-3,2020-21,Premier League,Burnley,jesus_gabriel,0.5,0.18,7
48,48,missing_xi_lineups_with_nationality.csv,missing_xi_lineups_with_nationality,Unknown,Premier League,man_city_2020_21_ucl_finalists vs man_city_2022_23_treble,man_city_2020_21_ucl_finalists,Rodri,DM,16,Spain,15,Manchester City – 2020/21 UCL finalists,4-3-3,2020-21,Premier League,Burnley,rodri,0.5,0.65,7
48,48,missing_xi_lineups_with_nationality.csv,missing_xi_lineups_with_nationality,Unknown,Premier League,man_city_2020_21_ucl_finalists vs man_city_2022_23_treble,man_city_2020_21_ucl_finalists,Kevin De Bruyne,RCM,17,Belgium,15,Manchester City – 2020/21 UCL finalists,4-3-3,2020-21,Premier League,Burnley,de_bruyne_kevin,0.62,0.6,7
48,48,missing_xi_lineups_with_nationality.csv,missing_xi_lineups_with_nationality,Unknown,Premier League,man_city_2020_21_ucl_finalists vs man_city_2022_23_treble,man_city_2020_21_ucl_finalists,Ferran Torres,LW,21,Spain,15,Manchester City – 2020/21 UCL finalists,4-3-3,2020-21,Premier League,Burnley,torres_ferran,0.18,0.32,7
48,48,missing_xi_lineups_with_nationality.csv,missing_xi_lineups_with_nationality,Unknown,Premier League,man_city_2020_21_ucl_finalists vs man_city_2022_23_treble,man_city_2020_21_ucl_finalists,Benjamin Mendy,LB,22,France,15,Manchester City – 2020/21 UCL finalists,4-3-3,2020-21,Premier League,Burnley,mendy_benjamin,0.18,0.8,7
48,48,missing_xi_lineups_with_nationality.csv,missing_xi_lineups_with_nationality,Unknown,Premier League,man_city_2020_21_ucl_finalists vs man_city_2022_23_treble,man_city_2020_21_ucl_finalists,Riyad Mahrez,RW,26,Algeria,15,Manchester City – 2020/21 UCL finalists,4-3-3,2020-21,Premier League,Burnley,mahrez_riyad,0.82,0.32,7
48,48,missing_xi_lineups_with_nationality.csv,missing_xi_lineups_with_nationality,Unknown,Premier League,man_city_2020_21_ucl_finalists vs man_city_2022_23_treble,man_city_2020_21_ucl_finalists,Ederson,GK,31,Brazil,15,Manchester City – 2020/21 UCL finalists,4-3-3,2020-21,Premier League,Burnley,ederson,0.5,0.95,7
48,48,missing_xi_lineups_with_nationality.csv,missing_xi_lineups_with_nationality,Unknown,Premier League,man_city_2020_21_ucl_finalists vs man_city_2022_23_treble,man_city_2022_23_treble,Kyle Walker,RB,2,England,16,Manchester City – 2022/23 Treble winners,4-3-3,2022-23,Premier League,Arsenal,walker_kyle,0.82,0.8,7
48,48,missing_xi_lineups_with_nationality.csv,missing_xi_lineups_with_nationality,Unknown,Premier League,man_city_2020_21_ucl_finalists vs man_city_2022_23_treble,man_city_2022_23_treble,Ruben Dias,LCB,3,Portugal,16,Manchester City – 2022/23 Treble winners,4-3-3,2022-23,Premier League,Arsenal,dias_ruben,0.35,0.85,7
48,48,missing_xi_lineups_with_nationality.csv,missing_xi_lineups_with_nationality,Unknown,Premier League,man_city_2020_21_ucl_finalists vs man_city_2022_23_treble,man_city_2022_23_treble,John Stones,LB,5,England,16,Manchester City – 2022/23 Treble winners,4-3-3,2022-23,Premier League,Arsenal,stones_john,0.18,0.8,7
48,48,missing_xi_lineups_with_nationality.csv,missing_xi_lineups_with_nationality,Unknown,Premier League,man_city_2020_21_ucl_finalists vs man_city_2022_23_treble,man_city_2022_23_treble,Ilkay Gundogan,RCM,8,Portugal,16,Manchester City – 2022/23 Treble winners,4-3-3,2022-23,Premier League,Arsenal,gundogan_ilkay,0.62,0.6,7
48,48,missing_xi_lineups_with_nationality.csv,missing_xi_lineups_with_nationality,Unknown,Premier League,man_city_2020_21_ucl_finalists vs man_city_2022_23_treble,man_city_2022_23_treble,Erling Haaland,ST,9,Norway,16,Manchester City – 2022/23 Treble winners,4-3-3,2022-23,Premier League,Arsenal,haaland_erling,0.5,0.18,7
48,48,missing_xi_lineups_with_nationality.csv,missing_xi_lineups_with_nationality,Unknown,Premier League,man_city_2020_21_ucl_finalists vs man_city_2022_23_treble,man_city_2022_23_treble,Jack Grealish,LW,10,England,16,Manchester City – 2022/23 Treble winners,4-3-3,2022-23,Premier League,Arsenal,grealish_jack,0.18,0.32,7
48,48,missing_xi_lineups_with_nationality.csv,missing_xi_lineups_with_nationality,Unknown,Premier League,man_city_2020_21_ucl_finalists vs man_city_2022_23_treble,man_city_2022_23_treble,Rodri,DM,16,Spain,16,Manchester City – 2022/23 Treble winners,4-3-3,2022-23,Premier League,Arsenal,rodri,0.5,0.65,7
48,48,missing_xi_lineups_with_nationality.csv,missing_xi_lineups_with_nationality,Unknown,Premier League,man_city_2020_21_ucl_finalists vs man_city_2022_23_treble,man_city_2022_23_treble,Kevin De Bruyne,LCM,17,Belgium,16,Manchester City – 2022/23 Treble winners,4-3-3,2022-23,Premier League,Arsenal,de_bruyne_kevin,0.38,0.6,7
48,48,missing_xi_lineups_with_nationality.csv,missing_xi_lineups_with_nationality,Unknown,Premier League,man_city_2020_21_ucl_finalists vs man_city_2022_23_treble,man_city_2022_23_treble,Bernardo Silva,RW,20,Portugal,16,Manchester City – 2022/23 Treble winners,4-3-3,2022-23,Premier League,Arsenal,silva_bernardo,0.82,0.32,7
48,48,missing_xi_lineups_with_nationality.csv,missing_xi_lineups_with_nationality,Unknown,Premier League,man_city_2020_21_ucl_finalists vs man_city_2022_23_treble,man_city_2022_23_treble,Manuel Akanji,RCB,25,Switzerland,16,Manchester City – 2022/23 Treble winners,4-3-3,2022-23,Premier League,Arsenal,akanji_manuel,0.65,0.85,7
48,48,missing_xi_lineups_with_nationality.csv,missing_xi_lineups_with_nationality,Unknown,Premier League,man_city_2020_21_ucl_finalists vs man_city_2022_23_treble,man_city_2022_23_treble,Ederson,GK,31,Brazil,16,Manchester City – 2022/23 Treble winners,4-3-3,2022-23,Premier League,Arsenal,ederson,0.5,0.95,7
49,49,missing_xi_lineups_with_nationality.csv,missing_xi_lineups_with_nationality,Unknown,Premier League,leeds_united_2000_01_ucl_sf vs blackburn_rovers_1994_95_champions,blackburn_rovers_1994_95_champions,Jeff Kenna,RB,3,Ireland,18,Blackburn Rovers – 1994/95 Premier League champions,4-4-2,1994-95,Premier League,Southampton,kenna_jeff,0.8,0.8,8
49,49,missing_xi_lineups_with_nationality.csv,missing_xi_lineups_with_nationality,Unknown,Premier League,leeds_united_2000_01_ucl_sf vs blackburn_rovers_1994_95_champions,blackburn_rovers_1994_95_champions,Colin Hendry,RCB,5,Scotland,18,Blackburn Rovers – 1994/95 Premier League champions,4-4-2,1994-95,Premier League,Southampton,hendry_colin,0.65,0.85,8
49,49,missing_xi_lineups_with_nationality.csv,missing_xi_lineups_with_nationality,Unknown,Premier League,leeds_united_2000_01_ucl_sf vs blackburn_rovers_1994_95_champions,blackburn_rovers_1994_95_champions,Henning Berg,LCB,6,Norway,18,Blackburn Rovers – 1994/95 Premier League champions,4-4-2,1994-95,Premier League,Southampton,berg_henning,0.35,0.85,8
49,49,missing_xi_lineups_with_nationality.csv,missing_xi_lineups_with_nationality,Unknown,Premier League,leeds_united_2000_01_ucl_sf vs blackburn_rovers_1994_95_champions,blackburn_rovers_1994_95_champions,Stuart Ripley,RM,7,England,18,Blackburn Rovers – 1994/95 Premier League champions,4-4-2,1994-95,Premier League,Southampton,ripley_stuart,0.8,0.6,8
49,49,missing_xi_lineups_with_nationality.csv,missing_xi_lineups_with_nationality,Unknown,Premier League,leeds_united_2000_01_ucl_sf vs blackburn_rovers_1994_95_champions,blackburn_rovers_1994_95_champions,Chris Sutton,LST,7,England,18,Blackburn Rovers – 1994/95 Premier League champions,4-4-2,1994-95,Premier League,Southampton,sutton_chris,0.4,0.2,8
49,49,missing_xi_lineups_with_nationality.csv,missing_xi_lineups_with_nationality,Unknown,Premier League,leeds_united_2000_01_ucl_sf vs blackburn_rovers_1994_95_champions,blackburn_rovers_1994_95_champions,Tim Sherwood,RCM,8,England,18,Blackburn Rovers – 1994/95 Premier League champions,4-4-2,1994-95,Premier League,Southampton,sherwood_tim,0.62,0.6,8
49,49,missing_xi_lineups_with_nationality.csv,missing_xi_lineups_with_nationality,Unknown,Premier League,leeds_united_2000_01_ucl_sf vs blackburn_rovers_1994_95_champions,blackburn_rovers_1994_95_champions,Alan Shearer,RST,9,England,18,Blackburn Rovers – 1994/95 Premier League champions,4-4-2,1994-95,Premier League,Southampton,shearer_alan,0.6,0.2,8
49,49,missing_xi_lineups_with_nationality.csv,missing_xi_lineups_with_nationality,Unknown,Premier League,leeds_united_2000_01_ucl_sf vs blackburn_rovers_1994_95_champions,blackburn_rovers_1994_95_champions,David Batty,LCM,10,Portugal,18,Blackburn Rovers – 1994/95 Premier League champions,4-4-2,1994-95,Premier League,Southampton,batty_david,0.38,0.6,8
49,49,missing_xi_lineups_with_nationality.csv,missing_xi_lineups_with_nationality,Unknown,Premier League,leeds_united_2000_01_ucl_sf vs blackburn_rovers_1994_95_champions,blackburn_rovers_1994_95_champions,Jason Wilcox,LM,11,England,18,Blackburn Rovers – 1994/95 Premier League champions,4-4-2,1994-95,Premier League,Southampton,wilcox_jason,0.2,0.6,8
49,49,missing_xi_lineups_with_nationality.csv,missing_xi_lineups_with_nationality,Unknown,Premier League,leeds_united_2000_01_ucl_sf vs blackburn_rovers_1994_95_champions,blackburn_rovers_1994_95_champions,Tim Flowers,GK,13,England,18,Blackburn Rovers – 1994/95 Premier League champions,4-4-2,1994-95,Premier League,Southampton,flowers_tim,0.5,0.95,8
49,49,missing_xi_lineups_with_nationality.csv,missing_xi_lineups_with_nationality,Unknown,Premier League,leeds_united_2000_01_ucl_sf vs blackburn_rovers_1994_95_champions,blackburn_rovers_1994_95_champions,Graeme Le Saux,LB,14,England,18,Blackburn Rovers – 1994/95 Premier League champions,4-4-2,1994-95,Premier League,Southampton,le_saux_graeme,0.2,0.8,8
49,49,missing_xi_lineups_with_nationality.csv,missing_xi_lineups_with_nationality,Unknown,Premier League,leeds_united_2000_01_ucl_sf vs blackburn_rovers_1994_95_champions,leeds_united_2000_01_ucl_sf,Gary Kelly,RB,2,Ireland,17,Leeds United – 2000/01 Champions League semifinalists,4-4-2,2000-01,Premier League,West Ham United,kelly_gary,0.8,0.8,8
49,49,missing_xi_lineups_with_nationality.csv,missing_xi_lineups_with_nationality,Unknown,Premier League,leeds_united_2000_01_ucl_sf vs blackburn_rovers_1994_95_champions,leeds_united_2000_01_ucl_sf,Ian Harte,LB,3,Ireland,17,Leeds United – 2000/01 Champions League semifinalists,4-4-2,2000-01,Premier League,West Ham United,harte_ian,0.2,0.8,8
49,49,missing_xi_lineups_with_nationality.csv,missing_xi_lineups_with_nationality,Unknown,Premier League,leeds_united_2000_01_ucl_sf vs blackburn_rovers_1994_95_champions,leeds_united_2000_01_ucl_sf,David Batty,LCM,4,Portugal,17,Leeds United – 2000/01 Champions League semifinalists,4-4-2,2000-01,Premier League,West Ham United,batty_david,0.38,0.6,8
49,49,missing_xi_lineups_with_nationality.csv,missing_xi_lineups_with_nationality,Unknown,Premier League,leeds_united_2000_01_ucl_sf vs blackburn_rovers_1994_95_champions,leeds_united_2000_01_ucl_sf,Lucas Radebe,LCB,6,South Africa,17,Leeds United – 2000/01 Champions League semifinalists,4-4-2,2000-01,Premier League,West Ham United,radebe_lucas,0.35,0.85,8
49,49,missing_xi_lineups_with_nationality.csv,missing_xi_lineups_with_nationality,Unknown,Premier League,leeds_united_2000_01_ucl_sf vs blackburn_rovers_1994_95_champions,leeds_united_2000_01_ucl_sf,Harry Kewell,LM,7,Australia,17,Leeds United – 2000/01 Champions League semifinalists,4-4-2,2000-01,Premier League,West Ham United,kewell_harry,0.2,0.6,8
49,49,missing_xi_lineups_with_nationality.csv,missing_xi_lineups_with_nationality,Unknown,Premier League,leeds_united_2000_01_ucl_sf vs blackburn_rovers_1994_95_champions,leeds_united_2000_01_ucl_sf,Alan Smith,RST,9,England,17,Leeds United – 2000/01 Champions League semifinalists,4-4-2,2000-01,Premier League,West Ham United,smith_alan,0.6,0.2,8
49,49,missing_xi_lineups_with_nationality.csv,missing_xi_lineups_with_nationality,Unknown,Premier League,leeds_united_2000_01_ucl_sf vs blackburn_rovers_1994_95_champions,leeds_united_2000_01_ucl_sf,Mark Viduka,LST,10,Australia,17,Leeds United – 2000/01 Champions League semifinalists,4-4-2,2000-01,Premier League,West Ham United,viduka_mark,0.4,0.2,8
49,49,missing_xi_lineups_with_nationality.csv,missing_xi_lineups_with_nationality,Unknown,Premier League,leeds_united_2000_01_ucl_sf vs blackburn_rovers_1994_95_champions,leeds_united_2000_01_ucl_sf,Paul Robinson,GK,13,England,17,Leeds United – 2000/01 Champions League semifinalists,4-4-2,2000-01,Premier League,West Ham United,robinson_paul,0.5,0.95,8
49,49,missing_xi_lineups_with_nationality.csv,missing_xi_lineups_with_nationality,Unknown,Premier League,leeds_united_2000_01_ucl_sf vs blackburn_rovers_1994_95_champions,leeds_united_2000_01_ucl_sf,Lee Bowyer,RM,14,England,17,Leeds United – 2000/01 Champions League semifinalists,4-4-2,2000-01,Premier League,West Ham United,bowyer_lee,0.8,0.6,8
49,49,missing_xi_lineups_with_nationality.csv,missing_xi_lineups_with_nationality,Unknown,Premier League,leeds_united_2000_01_ucl_sf vs blackburn_rovers_1994_95_champions,leeds_united_2000_01_ucl_sf,Jonathan Woodgate,RCB,18,England,17,Leeds United – 2000/01 Champions League semifinalists,4-4-2,2000-01,Premier League,West Ham United,woodgate_jonathan,0.65,0.85,8
49,49,missing_xi_lineups_with_nationality.csv,missing_xi_lineups_with_nationality,Unknown,Premier League,leeds_united_2000_01_ucl_sf vs blackburn_rovers_1994_95_champions,leeds_united_2000_01_ucl_sf,Olivier Dacourt,RCM,20,France,17,Leeds United – 2000/01 Champions League semifinalists,4-4-2,2000-01,Premier League,West Ham United,dacourt_olivier,0.62,0.6,8
50,50,missing_xi_lineups_with_nationality.csv,missing_xi_lineups_with_nationality,Unknown,Premier League,newcastle_united_1995_96_entertainers vs leicester_city_2015_16_pl_winners,leicester_city_2015_16_pl_winners,Kasper Schmeichel,GK,1,Denmark,20,Leicester City – 2015/16 Premier League winners,4-4-2,2015-16,Premier League,Chelsea,schmeichel_kasper,0.5,0.95,9
50,50,missing_xi_lineups_with_nationality.csv,missing_xi_lineups_with_nationality,Unknown,Premier League,newcastle_united_1995_96_entertainers vs leicester_city_2015_16_pl_winners,leicester_city_2015_16_pl_winners,Danny Drinkwater,RCM,4,England,20,Leicester City – 2015/16 Premier League winners,4-4-2,2015-16,Premier League,Chelsea,drinkwater_danny,0.62,0.6,9
50,50,missing_xi_lineups_with_nationality.csv,missing_xi_lineups_with_nationality,Unknown,Premier League,newcastle_united_1995_96_entertainers vs leicester_city_2015_16_pl_winners,leicester_city_2015_16_pl_winners,Wes Morgan,RCB,5,Jamaica,20,Leicester City – 2015/16 Premier League winners,4-4-2,2015-16,Premier League,Chelsea,morgan_wes,0.65,0.85,9
50,50,missing_xi_lineups_with_nationality.csv,missing_xi_lineups_with_nationality,Unknown,Premier League,newcastle_united_1995_96_entertainers vs leicester_city_2015_16_pl_winners,leicester_city_2015_16_pl_winners,Robert Huth,LCB,6,Germany,20,Leicester City – 2015/16 Premier League winners,4-4-2,2015-16,Premier League,Chelsea,huth_robert,0.35,0.85,9
50,50,missing_xi_lineups_with_nationality.csv,missing_xi_lineups_with_nationality,Unknown,Premier League,newcastle_united_1995_96_entertainers vs leicester_city_2015_16_pl_winners,leicester_city_2015_16_pl_winners,Jamie Vardy,LST,9,England,20,Leicester City – 2015/16 Premier League winners,4-4-2,2015-16,Premier League,Chelsea,vardy_jamie,0.4,0.2,9
50,50,missing_xi_lineups_with_nationality.csv,missing_xi_lineups_with_nationality,Unknown,Premier League,newcastle_united_1995_96_entertainers vs leicester_city_2015_16_pl_winners,leicester_city_2015_16_pl_winners,Marc Albrighton,RM,11,England,20,Leicester City – 2015/16 Premier League winners,4-4-2,2015-16,Premier League,Chelsea,albrighton_marc,0.8,0.6,9
50,50,missing_xi_lineups_with_nationality.csv,missing_xi_lineups_with_nationality,Unknown,Premier League,newcastle_united_1995_96_entertainers vs leicester_city_2015_16_pl_winners,leicester_city_2015_16_pl_winners,N'Golo Kante,LCM,14,France,20,Leicester City – 2015/16 Premier League winners,4-4-2,2015-16,Premier League,Chelsea,kante_ngolo,0.38,0.6,9
50,50,missing_xi_lineups_with_nationality.csv,missing_xi_lineups_with_nationality,Unknown,Premier League,newcastle_united_1995_96_entertainers vs leicester_city_2015_16_pl_winners,leicester_city_2015_16_pl_winners,Danny Simpson,RB,17,England,20,Leicester City – 2015/16 Premier League winners,4-4-2,2015-16,Premier League,Chelsea,simpson_danny,0.8,0.8,9
50,50,missing_xi_lineups_with_nationality.csv,missing_xi_lineups_with_nationality,Unknown,Premier League,newcastle_united_1995_96_entertainers vs leicester_city_2015_16_pl_winners,leicester_city_2015_16_pl_winners,Shinji Okazaki,RST,20,Japan,20,Leicester City – 2015/16 Premier League winners,4-4-2,2015-16,Premier League,Chelsea,okazaki_shinji,0.6,0.2,9
50,50,missing_xi_lineups_with_nationality.csv,missing_xi_lineups_with_nationality,Unknown,Premier League,newcastle_united_1995_96_entertainers vs leicester_city_2015_16_pl_winners,leicester_city_2015_16_pl_winners,Riyad Mahrez,LM,26,Algeria,20,Leicester City – 2015/16 Premier League winners,4-4-2,2015-16,Premier League,Chelsea,mahrez_riyad,0.2,0.6,9
50,50,missing_xi_lineups_with_nationality.csv,missing_xi_lineups_with_nationality,Unknown,Premier League,newcastle_united_1995_96_entertainers vs leicester_city_2015_16_pl_winners,leicester_city_2015_16_pl_winners,Christian Fuchs,LB,28,Austria,20,Leicester City – 2015/16 Premier League winners,4-4-2,2015-16,Premier League,Chelsea,fuchs_christian,0.2,0.8,9
50,50,missing_xi_lineups_with_nationality.csv,missing_xi_lineups_with_nationality,Unknown,Premier League,newcastle_united_1995_96_entertainers vs leicester_city_2015_16_pl_winners,newcastle_united_1995_96_entertainers,Pavel Srnicek,GK,1,Czech Republic,19,Newcastle United – 1995/96 “Entertainers”,4-4-2,1995-96,Premier League,Tottenham Hotspur,srnicek_pavel,0.5,0.95,9
50,50,missing_xi_lineups_with_nationality.csv,missing_xi_lineups_with_nationality,Unknown,Premier League,newcastle_united_1995_96_entertainers vs leicester_city_2015_16_pl_winners,newcastle_united_1995_96_entertainers,John Beresford,LB,2,England,19,Newcastle United – 1995/96 “Entertainers”,4-4-2,1995-96,Premier League,Tottenham Hotspur,beresford_john,0.2,0.8,9
50,50,missing_xi_lineups_with_nationality.csv,missing_xi_lineups_with_nationality,Unknown,Premier League,newcastle_united_1995_96_entertainers vs leicester_city_2015_16_pl_winners,newcastle_united_1995_96_entertainers,Warren Barton,RB,3,England,19,Newcastle United – 1995/96 “Entertainers”,4-4-2,1995-96,Premier League,Tottenham Hotspur,barton_warren,0.8,0.8,9
50,50,missing_xi_lineups_with_nationality.csv,missing_xi_lineups_with_nationality,Unknown,Premier League,newcastle_united_1995_96_entertainers vs leicester_city_2015_16_pl_winners,newcastle_united_1995_96_entertainers,David Batty,LCM,4,Portugal,19,Newcastle United – 1995/96 “Entertainers”,4-4-2,1995-96,Premier League,Tottenham Hotspur,batty_david,0.38,0.6,9
50,50,missing_xi_lineups_with_nationality.csv,missing_xi_lineups_with_nationality,Unknown,Premier League,newcastle_united_1995_96_entertainers vs leicester_city_2015_16_pl_winners,newcastle_united_1995_96_entertainers,Philippe Albert,LCB,5,Belgium,19,Newcastle United – 1995/96 “Entertainers”,4-4-2,1995-96,Premier League,Tottenham Hotspur,albert_philippe,0.35,0.85,9
50,50,missing_xi_lineups_with_nationality.csv,missing_xi_lineups_with_nationality,Unknown,Premier League,newcastle_united_1995_96_entertainers vs leicester_city_2015_16_pl_winners,newcastle_united_1995_96_entertainers,Darren Peacock,RCB,6,England,19,Newcastle United – 1995/96 “Entertainers”,4-4-2,1995-96,Premier League,Tottenham Hotspur,peacock_darren,0.65,0.85,9
50,50,missing_xi_lineups_with_nationality.csv,missing_xi_lineups_with_nationality,Unknown,Premier League,newcastle_united_1995_96_entertainers vs leicester_city_2015_16_pl_winners,newcastle_united_1995_96_entertainers,Rob Lee,RCM,8,England,19,Newcastle United – 1995/96 “Entertainers”,4-4-2,1995-96,Premier League,Tottenham Hotspur,lee_rob,0.62,0.6,9
50,50,missing_xi_lineups_with_nationality.csv,missing_xi_lineups_with_nationality,Unknown,Premier League,newcastle_united_1995_96_entertainers vs leicester_city_2015_16_pl_winners,newcastle_united_1995_96_entertainers,David Ginola,LM,8,France,19,Newcastle United – 1995/96 “Entertainers”,4-4-2,1995-96,Premier League,Tottenham Hotspur,ginola_david,0.2,0.6,9
50,50,missing_xi_lineups_with_nationality.csv,missing_xi_lineups_with_nationality,Unknown,Premier League,newcastle_united_1995_96_entertainers vs leicester_city_2015_16_pl_winners,newcastle_united_1995_96_entertainers,Les Ferdinand,LST,9,England,19,Newcastle United – 1995/96 “Entertainers”,4-4-2,1995-96,Premier League,Tottenham Hotspur,ferdinand_les,0.4,0.2,9
50,50,missing_xi_lineups_with_nationality.csv,missing_xi_lineups_with_nationality,Unknown,Premier League,newcastle_united_1995_96_entertainers vs leicester_city_2015_16_pl_winners,newcastle_united_1995_96_entertainers,Peter Beardsley,RST,10,England,19,Newcastle United – 1995/96 “Entertainers”,4-4-2,1995-96,Premier League,Tottenham Hotspur,beardsley_peter,0.6,0.2,9
50,50,missing_xi_lineups_with_nationality.csv,missing_xi_lineups_with_nationality,Unknown,Premier League,newcastle_united_1995_96_entertainers vs leicester_city_2015_16_pl_winners,newcastle_united_1995_96_entertainers,Keith Gillespie,RM,11,Northern Ireland,19,Newcastle United – 1995/96 “Entertainers”,4-4-2,1995-96,Premier League,Tottenham Hotspur,gillespie_keith,0.8,0.6,9
51,51,missing_xi_netherlands.csv,missing_xi_netherlands,Unknown,Eredivisie,ajax_1994_95_ucl_winners vs ajax_1995_96_ucl_finalists,ajax_1994_95_ucl_winners,Edwin van der Sar,GK,1,Netherlands,201,Ajax – 1994/95 Champions League winners,4-3-3,1994-95,Eredivisie,PSV Eindhoven,van_der_sar_edwin,0.5,0.95,0
51,51,missing_xi_netherlands.csv,missing_xi_netherlands,Unknown,Eredivisie,ajax_1994_95_ucl_winners vs ajax_1995_96_ucl_finalists,ajax_1994_95_ucl_winners,Michael Reiziger,RB,2,Netherlands,201,Ajax – 1994/95 Champions League winners,4-3-3,1994-95,Eredivisie,PSV Eindhoven,reiziger_michael,0.82,0.8,0
51,51,missing_xi_netherlands.csv,missing_xi_netherlands,Unknown,Eredivisie,ajax_1994_95_ucl_winners vs ajax_1995_96_ucl_finalists,ajax_1994_95_ucl_winners,Frank Rijkaard,RCB,3,Netherlands,201,Ajax – 1994/95 Champions League winners,4-3-3,1994-95,Eredivisie,PSV Eindhoven,rijkaard_frank,0.65,0.85,0
51,51,missing_xi_netherlands.csv,missing_xi_netherlands,Unknown,Eredivisie,ajax_1994_95_ucl_winners vs ajax_1995_96_ucl_finalists,ajax_1994_95_ucl_winners,Danny Blind,LCB,4,Netherlands,201,Ajax – 1994/95 Champions League winners,4-3-3,1994-95,Eredivisie,PSV Eindhoven,blind_danny,0.35,0.85,0
51,51,missing_xi_netherlands.csv,missing_xi_netherlands,Unknown,Eredivisie,ajax_1994_95_ucl_winners vs ajax_1995_96_ucl_finalists,ajax_1994_95_ucl_winners,Frank de Boer,LB,5,Netherlands,201,Ajax – 1994/95 Champions League winners,4-3-3,1994-95,Eredivisie,PSV Eindhoven,deboer_frank,0.18,0.8,0
51,51,missing_xi_netherlands.csv,missing_xi_netherlands,Unknown,Eredivisie,ajax_1994_95_ucl_winners vs ajax_1995_96_ucl_finalists,ajax_1994_95_ucl_winners,Edgar Davids,DM,6,Netherlands,201,Ajax – 1994/95 Champions League winners,4-3-3,1994-95,Eredivisie,PSV Eindhoven,davids_edgar,0.5,0.65,0
51,51,missing_xi_netherlands.csv,missing_xi_netherlands,Unknown,Eredivisie,ajax_1994_95_ucl_winners vs ajax_1995_96_ucl_finalists,ajax_1994_95_ucl_winners,Clarence Seedorf,RCM,7,Netherlands,201,Ajax – 1994/95 Champions League winners,4-3-3,1994-95,Eredivisie,PSV Eindhoven,seedorf_clarence,0.62,0.6,0
51,51,missing_xi_netherlands.csv,missing_xi_netherlands,Unknown,Eredivisie,ajax_1994_95_ucl_winners vs ajax_1995_96_ucl_finalists,ajax_1994_95_ucl_winners,Jari Litmanen,LCM,8,Finland,201,Ajax – 1994/95 Champions League winners,4-3-3,1994-95,Eredivisie,PSV Eindhoven,litmanen_jari,0.38,0.6,0
51,51,missing_xi_netherlands.csv,missing_xi_netherlands,Unknown,Eredivisie,ajax_1994_95_ucl_winners vs ajax_1995_96_ucl_finalists,ajax_1994_95_ucl_winners,Marc Overmars,RW,9,Netherlands,201,Ajax – 1994/95 Champions League winners,4-3-3,1994-95,Eredivisie,PSV Eindhoven,overmars_marc,0.82,0.32,0
51,51,missing_xi_netherlands.csv,missing_xi_netherlands,Unknown,Eredivisie,ajax_1994_95_ucl_winners vs ajax_1995_96_ucl_finalists,ajax_1994_95_ucl_winners,Patrick Kluivert,ST,10,Netherlands,201,Ajax – 1994/95 Champions League winners,4-3-3,1994-95,Eredivisie,PSV Eindhoven,kluivert_patrick,0.5,0.18,0
51,51,missing_xi_netherlands.csv,missing_xi_netherlands,Unknown,Eredivisie,ajax_1994_95_ucl_winners vs ajax_1995_96_ucl_finalists,ajax_1994_95_ucl_winners,Finidi George,LW,11,Nigeria,201,Ajax – 1994/95 Champions League winners,4-3-3,1994-95,Eredivisie,PSV Eindhoven,george_finidi,0.18,0.32,0
51,51,missing_xi_netherlands.csv,missing_xi_netherlands,Unknown,Eredivisie,ajax_1994_95_ucl_winners vs ajax_1995_96_ucl_finalists,ajax_1995_96_ucl_finalists,Edwin van der Sar,GK,1,Netherlands,202,Ajax – 1995/96 Champions League finalists,4-3-3,1995-96,Eredivisie,Feyenoord,van_der_sar_edwin,0.5,0.95,0
51,51,missing_xi_netherlands.csv,missing_xi_netherlands,Unknown,Eredivisie,ajax_1994_95_ucl_winners vs ajax_1995_96_ucl_finalists,ajax_1995_96_ucl_finalists,Michael Reiziger,RB,2,Netherlands,202,Ajax – 1995/96 Champions League finalists,4-3-3,1995-96,Eredivisie,Feyenoord,reiziger_michael,0.82,0.8,0
51,51,missing_xi_netherlands.csv,missing_xi_netherlands,Unknown,Eredivisie,ajax_1994_95_ucl_winners vs ajax_1995_96_ucl_finalists,ajax_1995_96_ucl_finalists,Danny Blind,RCB,3,Netherlands,202,Ajax – 1995/96 Champions League finalists,4-3-3,1995-96,Eredivisie,Feyenoord,blind_danny,0.65,0.85,0
51,51,missing_xi_netherlands.csv,missing_xi_netherlands,Unknown,Eredivisie,ajax_1994_95_ucl_winners vs ajax_1995_96_ucl_finalists,ajax_1995_96_ucl_finalists,Frank de Boer,LCB,4,Netherlands,202,Ajax – 1995/96 Champions League finalists,4-3-3,1995-96,Eredivisie,Feyenoord,deboer_frank,0.35,0.85,0
51,51,missing_xi_netherlands.csv,missing_xi_netherlands,Unknown,Eredivisie,ajax_1994_95_ucl_winners vs ajax_1995_96_ucl_finalists,ajax_1995_96_ucl_finalists,Winston Bogarde,LB,5,Netherlands,202,Ajax – 1995/96 Champions League finalists,4-3-3,1995-96,Eredivisie,Feyenoord,bogarde_winston,0.18,0.8,0
51,51,missing_xi_netherlands.csv,missing_xi_netherlands,Unknown,Eredivisie,ajax_1994_95_ucl_winners vs ajax_1995_96_ucl_finalists,ajax_1995_96_ucl_finalists,Edgar Davids,DM,6,Netherlands,202,Ajax – 1995/96 Champions League finalists,4-3-3,1995-96,Eredivisie,Feyenoord,davids_edgar,0.5,0.65,0
51,51,missing_xi_netherlands.csv,missing_xi_netherlands,Unknown,Eredivisie,ajax_1994_95_ucl_winners vs ajax_1995_96_ucl_finalists,ajax_1995_96_ucl_finalists,Clarence Seedorf,RCM,7,Netherlands,202,Ajax – 1995/96 Champions League finalists,4-3-3,1995-96,Eredivisie,Feyenoord,seedorf_clarence,0.62,0.6,0
51,51,missing_xi_netherlands.csv,missing_xi_netherlands,Unknown,Eredivisie,ajax_1994_95_ucl_winners vs ajax_1995_96_ucl_finalists,ajax_1995_96_ucl_finalists,Jari Litmanen,LCM,8,Finland,202,Ajax – 1995/96 Champions League finalists,4-3-3,1995-96,Eredivisie,Feyenoord,litmanen_jari,0.38,0.6,0
51,51,missing_xi_netherlands.csv,missing_xi_netherlands,Unknown,Eredivisie,ajax_1994_95_ucl_winners vs ajax_1995_96_ucl_finalists,ajax_1995_96_ucl_finalists,Marc Overmars,RW,9,Netherlands,202,Ajax – 1995/96 Champions League finalists,4-3-3,1995-96,Eredivisie,Feyenoord,overmars_marc,0.82,0.32,0
51,51,missing_xi_netherlands.csv,missing_xi_netherlands,Unknown,Eredivisie,ajax_1994_95_ucl_winners vs ajax_1995_96_ucl_finalists,ajax_1995_96_ucl_finalists,Patrick Kluivert,ST,10,Netherlands,202,Ajax – 1995/96 Champions League finalists,4-3-3,1995-96,Eredivisie,Feyenoord,kluivert_patrick,0.5,0.18,0
51,51,missing_xi_netherlands.csv,missing_xi_netherlands,Unknown,Eredivisie,ajax_1994_95_ucl_winners vs ajax_1995_96_ucl_finalists,ajax_1995_96_ucl_finalists,Nwankwo Kanu,LW,11,Nigeria,202,Ajax – 1995/96 Champions League finalists,4-3-3,1995-96,Eredivisie,Feyenoord,kanu_nwankwo,0.18,0.32,0
52,52,missing_xi_netherlands.csv,missing_xi_netherlands,Unknown,Eredivisie,ajax_2018_19_ucl_sf vs psv_2004_05_ucl_sf,ajax_2018_19_ucl_sf,Matthijs de Ligt,RCB,4,Netherlands,203,Ajax – 2018/19 Champions League semifinalists,4-3-3,2018-19,Eredivisie,PSV Eindhoven,de_ligt_matthijs,0.65,0.85,1
52,52,missing_xi_netherlands.csv,missing_xi_netherlands,Unknown,Eredivisie,ajax_2018_19_ucl_sf vs psv_2004_05_ucl_sf,ajax_2018_19_ucl_sf,Lasse Schöne,DM,6,Denmark,203,Ajax – 2018/19 Champions League semifinalists,4-3-3,2018-19,Eredivisie,PSV Eindhoven,schone_lasse,0.5,0.65,1
52,52,missing_xi_netherlands.csv,missing_xi_netherlands,Unknown,Eredivisie,ajax_2018_19_ucl_sf vs psv_2004_05_ucl_sf,ajax_2018_19_ucl_sf,Dusan Tadic,LW,10,Serbia,203,Ajax – 2018/19 Champions League semifinalists,4-3-3,2018-19,Eredivisie,PSV Eindhoven,tadic_dusan,0.18,0.32,1
52,52,missing_xi_netherlands.csv,missing_xi_netherlands,Unknown,Eredivisie,ajax_2018_19_ucl_sf vs psv_2004_05_ucl_sf,ajax_2018_19_ucl_sf,Noussair Mazraoui,RB,12,Morocco,203,Ajax – 2018/19 Champions League semifinalists,4-3-3,2018-19,Eredivisie,PSV Eindhoven,mazraoui_noussair,0.82,0.8,1
52,52,missing_xi_netherlands.csv,missing_xi_netherlands,Unknown,Eredivisie,ajax_2018_19_ucl_sf vs psv_2004_05_ucl_sf,ajax_2018_19_ucl_sf,Daley Blind,LCB,17,Netherlands,203,Ajax – 2018/19 Champions League semifinalists,4-3-3,2018-19,Eredivisie,PSV Eindhoven,blind_daley,0.35,0.85,1
52,52,missing_xi_netherlands.csv,missing_xi_netherlands,Unknown,Eredivisie,ajax_2018_19_ucl_sf vs psv_2004_05_ucl_sf,ajax_2018_19_ucl_sf,Donny van de Beek,LCM,20,Netherlands,203,Ajax – 2018/19 Champions League semifinalists,4-3-3,2018-19,Eredivisie,PSV Eindhoven,van_de_beek_donny,0.38,0.6,1
52,52,missing_xi_netherlands.csv,missing_xi_netherlands,Unknown,Eredivisie,ajax_2018_19_ucl_sf vs psv_2004_05_ucl_sf,ajax_2018_19_ucl_sf,Frenkie de Jong,RCM,21,Netherlands,203,Ajax – 2018/19 Champions League semifinalists,4-3-3,2018-19,Eredivisie,PSV Eindhoven,de_jong_frenkie,0.62,0.6,1
52,52,missing_xi_netherlands.csv,missing_xi_netherlands,Unknown,Eredivisie,ajax_2018_19_ucl_sf vs psv_2004_05_ucl_sf,ajax_2018_19_ucl_sf,Hakim Ziyech,RW,22,Morocco,203,Ajax – 2018/19 Champions League semifinalists,4-3-3,2018-19,Eredivisie,PSV Eindhoven,ziyech_hakim,0.82,0.32,1
52,52,missing_xi_netherlands.csv,missing_xi_netherlands,Unknown,Eredivisie,ajax_2018_19_ucl_sf vs psv_2004_05_ucl_sf,ajax_2018_19_ucl_sf,André Onana,GK,24,Cameroon,203,Ajax – 2018/19 Champions League semifinalists,4-3-3,2018-19,Eredivisie,PSV Eindhoven,onana_andre,0.5,0.95,1
52,52,missing_xi_netherlands.csv,missing_xi_netherlands,Unknown,Eredivisie,ajax_2018_19_ucl_sf vs psv_2004_05_ucl_sf,ajax_2018_19_ucl_sf,Kasper Dolberg,ST,25,Denmark,203,Ajax – 2018/19 Champions League semifinalists,4-3-3,2018-19,Eredivisie,PSV Eindhoven,dolberg_kasper,0.5,0.18,1
52,52,missing_xi_netherlands.csv,missing_xi_netherlands,Unknown,Eredivisie,ajax_2018_19_ucl_sf vs psv_2004_05_ucl_sf,ajax_2018_19_ucl_sf,Nicolás Tagliafico,LB,31,Argentina,203,Ajax – 2018/19 Champions League semifinalists,4-3-3,2018-19,Eredivisie,PSV Eindhoven,tagliafico_nicolas,0.18,0.8,1
52,52,missing_xi_netherlands.csv,missing_xi_netherlands,Unknown,Eredivisie,ajax_2018_19_ucl_sf vs psv_2004_05_ucl_sf,psv_2004_05_ucl_sf,Heurelho Gomes,GK,1,Brazil,204,PSV Eindhoven – 2004/05 Champions League semifinalists,4-3-3,2004-05,Eredivisie,Ajax,gomes_heurelho,0.5,0.95,1
52,52,missing_xi_netherlands.csv,missing_xi_netherlands,Unknown,Eredivisie,ajax_2018_19_ucl_sf vs psv_2004_05_ucl_sf,psv_2004_05_ucl_sf,André Ooijer,RB,2,Netherlands,204,PSV Eindhoven – 2004/05 Champions League semifinalists,4-3-3,2004-05,Eredivisie,Ajax,ooijer_andre,0.82,0.8,1
52,52,missing_xi_netherlands.csv,missing_xi_netherlands,Unknown,Eredivisie,ajax_2018_19_ucl_sf vs psv_2004_05_ucl_sf,psv_2004_05_ucl_sf,Alex,RCB,3,Brazil,204,PSV Eindhoven – 2004/05 Champions League semifinalists,4-3-3,2004-05,Eredivisie,Ajax,alex,0.65,0.85,1
52,52,missing_xi_netherlands.csv,missing_xi_netherlands,Unknown,Eredivisie,ajax_2018_19_ucl_sf vs psv_2004_05_ucl_sf,psv_2004_05_ucl_sf,Wilfred Bouma,LCB,4,Netherlands,204,PSV Eindhoven – 2004/05 Champions League semifinalists,4-3-3,2004-05,Eredivisie,Ajax,bouma_wilfred,0.35,0.85,1
52,52,missing_xi_netherlands.csv,missing_xi_netherlands,Unknown,Eredivisie,ajax_2018_19_ucl_sf vs psv_2004_05_ucl_sf,psv_2004_05_ucl_sf,Young-Pyo Lee,LB,5,South Korea,204,PSV Eindhoven – 2004/05 Champions League semifinalists,4-3-3,2004-05,Eredivisie,Ajax,lee_youngpyo,0.18,0.8,1
52,52,missing_xi_netherlands.csv,missing_xi_netherlands,Unknown,Eredivisie,ajax_2018_19_ucl_sf vs psv_2004_05_ucl_sf,psv_2004_05_ucl_sf,Mark van Bommel,DM,6,Netherlands,204,PSV Eindhoven – 2004/05 Champions League semifinalists,4-3-3,2004-05,Eredivisie,Ajax,van_bommel_mark,0.5,0.65,1
52,52,missing_xi_netherlands.csv,missing_xi_netherlands,Unknown,Eredivisie,ajax_2018_19_ucl_sf vs psv_2004_05_ucl_sf,psv_2004_05_ucl_sf,Philip Cocu,RCM,7,Netherlands,204,PSV Eindhoven – 2004/05 Champions League semifinalists,4-3-3,2004-05,Eredivisie,Ajax,cocu_philip,0.62,0.6,1
52,52,missing_xi_netherlands.csv,missing_xi_netherlands,Unknown,Eredivisie,ajax_2018_19_ucl_sf vs psv_2004_05_ucl_sf,psv_2004_05_ucl_sf,Johann Vogel,LCM,8,Switzerland,204,PSV Eindhoven – 2004/05 Champions League semifinalists,4-3-3,2004-05,Eredivisie,Ajax,vogel_johann,0.38,0.6,1
52,52,missing_xi_netherlands.csv,missing_xi_netherlands,Unknown,Eredivisie,ajax_2018_19_ucl_sf vs psv_2004_05_ucl_sf,psv_2004_05_ucl_sf,Jefferson Farfán,RW,9,Peru,204,PSV Eindhoven – 2004/05 Champions League semifinalists,4-3-3,2004-05,Eredivisie,Ajax,farfan_jefferson,0.82,0.32,1
52,52,missing_xi_netherlands.csv,missing_xi_netherlands,Unknown,Eredivisie,ajax_2018_19_ucl_sf vs psv_2004_05_ucl_sf,psv_2004_05_ucl_sf,Jan Vennegoor of Hesselink,ST,10,Netherlands,204,PSV Eindhoven – 2004/05 Champions League semifinalists,4-3-3,2004-05,Eredivisie,Ajax,vennegoor_jan,0.5,0.18,1
52,52,missing_xi_netherlands.csv,missing_xi_netherlands,Unknown,Eredivisie,ajax_2018_19_ucl_sf vs psv_2004_05_ucl_sf,psv_2004_05_ucl_sf,Park Ji-sung,LW,11,South Korea,204,PSV Eindhoven – 2004/05 Champions League semifinalists,4-3-3,2004-05,Eredivisie,Ajax,park_ji_sung,0.18,0.32,1
53,53,missing_xi_netherlands.csv,missing_xi_netherlands,Unknown,Eredivisie,feyenoord_2001_02_uefa (single team data),feyenoord_2001_02_uefa,Edwin Zoetebier,GK,1,Netherlands,205,Feyenoord – 2001/02 UEFA Cup winners,4-4-2,2001-02,Eredivisie,Ajax,zoetebier_edwin,0.5,0.95,2
53,53,missing_xi_netherlands.csv,missing_xi_netherlands,Unknown,Eredivisie,feyenoord_2001_02_uefa (single team data),feyenoord_2001_02_uefa,Brett Emerton,RB,2,Australia,205,Feyenoord – 2001/02 UEFA Cup winners,4-4-2,2001-02,Eredivisie,Ajax,emerton_brett,0.82,0.8,2
53,53,missing_xi_netherlands.csv,missing_xi_netherlands,Unknown,Eredivisie,feyenoord_2001_02_uefa (single team data),feyenoord_2001_02_uefa,Patrick Paauwe,RCB,3,Netherlands,205,Feyenoord – 2001/02 UEFA Cup winners,4-4-2,2001-02,Eredivisie,Ajax,paauwe_patrick,0.65,0.85,2
53,53,missing_xi_netherlands.csv,missing_xi_netherlands,Unknown,Eredivisie,feyenoord_2001_02_uefa (single team data),feyenoord_2001_02_uefa,Kees van Wonderen,LCB,4,Netherlands,205,Feyenoord – 2001/02 UEFA Cup winners,4-4-2,2001-02,Eredivisie,Ajax,van_wonderen_kees,0.35,0.85,2
53,53,missing_xi_netherlands.csv,missing_xi_netherlands,Unknown,Eredivisie,feyenoord_2001_02_uefa (single team data),feyenoord_2001_02_uefa,Tomás Rzasa,LB,5,Poland,205,Feyenoord – 2001/02 UEFA Cup winners,4-4-2,2001-02,Eredivisie,Ajax,rzasa_tomas,0.18,0.8,2
53,53,missing_xi_netherlands.csv,missing_xi_netherlands,Unknown,Eredivisie,feyenoord_2001_02_uefa (single team data),feyenoord_2001_02_uefa,Shinji Ono,LCM,6,Japan,205,Feyenoord – 2001/02 UEFA Cup winners,4-4-2,2001-02,Eredivisie,Ajax,ono_shinji,0.38,0.6,2
53,53,missing_xi_netherlands.csv,missing_xi_netherlands,Unknown,Eredivisie,feyenoord_2001_02_uefa (single team data),feyenoord_2001_02_uefa,Bonaventure Kalou,RM,7,Ivory Coast,205,Feyenoord – 2001/02 UEFA Cup winners,4-4-2,2001-02,Eredivisie,Ajax,kalou_bonaventure,0.82,0.6,2
53,53,missing_xi_netherlands.csv,missing_xi_netherlands,Unknown,Eredivisie,feyenoord_2001_02_uefa (single team data),feyenoord_2001_02_uefa,Paul Bosvelt,RCM,8,Netherlands,205,Feyenoord – 2001/02 UEFA Cup winners,4-4-2,2001-02,Eredivisie,Ajax,bosvelt_paul,0.62,0.6,2
53,53,missing_xi_netherlands.csv,missing_xi_netherlands,Unknown,Eredivisie,feyenoord_2001_02_uefa (single team data),feyenoord_2001_02_uefa,Jon Dahl Tomasson,RST,9,Denmark,205,Feyenoord – 2001/02 UEFA Cup winners,4-4-2,2001-02,Eredivisie,Ajax,tomasson_jon_dahl,0.6,0.2,2
53,53,missing_xi_netherlands.csv,missing_xi_netherlands,Unknown,Eredivisie,feyenoord_2001_02_uefa (single team data),feyenoord_2001_02_uefa,Pierre van Hooijdonk,LST,10,Netherlands,205,Feyenoord – 2001/02 UEFA Cup winners,4-4-2,2001-02,Eredivisie,Ajax,van_hooijdonk_pierre,0.4,0.2,2
53,53,missing_xi_netherlands.csv,missing_xi_netherlands,Unknown,Eredivisie,feyenoord_2001_02_uefa (single team data),feyenoord_2001_02_uefa,Robin van Persie,LM,11,Netherlands,205,Feyenoord – 2001/02 UEFA Cup winners,4-4-2,2001-02,Eredivisie,Ajax,van_persie_robin,0.18,0.6,2
54,54,missing_xi_portugal.csv,missing_xi_portugal,Unknown,Primeira Liga,porto_2003_04_ucl_winners vs porto_2010_11_europa_winners,porto_2003_04_ucl_winners,Jorge Costa,RCB,2,Portugal,301,Porto – 2003/04 Champions League winners (Mourinho),4-3-3,2003-04,Primeira Liga,Benfica,costa_jorge,0.65,0.85,0
54,54,missing_xi_portugal.csv,missing_xi_portugal,Unknown,Primeira Liga,porto_2003_04_ucl_winners vs porto_2010_11_europa_winners,porto_2003_04_ucl_winners,Nuno Valente,LB,5,Portugal,301,Porto – 2003/04 Champions League winners (Mourinho),4-3-3,2003-04,Primeira Liga,Benfica,valente_nuno,0.18,0.8,0
54,54,missing_xi_portugal.csv,missing_xi_portugal,Unknown,Primeira Liga,porto_2003_04_ucl_winners vs porto_2010_11_europa_winners,porto_2003_04_ucl_winners,Costinha,DM,6,Portugal,301,Porto – 2003/04 Champions League winners (Mourinho),4-3-3,2003-04,Primeira Liga,Benfica,costinha,0.5,0.65,0
54,54,missing_xi_portugal.csv,missing_xi_portugal,Unknown,Primeira Liga,porto_2003_04_ucl_winners vs porto_2010_11_europa_winners,porto_2003_04_ucl_winners,Deco,LCM,10,Portugal,301,Porto – 2003/04 Champions League winners (Mourinho),4-3-3,2003-04,Primeira Liga,Benfica,deco,0.38,0.6,0
54,54,missing_xi_portugal.csv,missing_xi_portugal,Unknown,Primeira Liga,porto_2003_04_ucl_winners vs porto_2010_11_europa_winners,porto_2003_04_ucl_winners,Derlei,RW,11,Brazil,301,Porto – 2003/04 Champions League winners (Mourinho),4-3-3,2003-04,Primeira Liga,Benfica,derlei,0.82,0.32,0
54,54,missing_xi_portugal.csv,missing_xi_portugal,Unknown,Primeira Liga,porto_2003_04_ucl_winners vs porto_2010_11_europa_winners,porto_2003_04_ucl_winners,Maniche,RCM,18,Portugal,301,Porto – 2003/04 Champions League winners (Mourinho),4-3-3,2003-04,Primeira Liga,Benfica,maniche,0.62,0.6,0
54,54,missing_xi_portugal.csv,missing_xi_portugal,Unknown,Primeira Liga,porto_2003_04_ucl_winners vs porto_2010_11_europa_winners,porto_2003_04_ucl_winners,Carlos Alberto,LW,20,Brazil,301,Porto – 2003/04 Champions League winners (Mourinho),4-3-3,2003-04,Primeira Liga,Benfica,carlos_alberto,0.18,0.32,0
54,54,missing_xi_portugal.csv,missing_xi_portugal,Unknown,Primeira Liga,porto_2003_04_ucl_winners vs porto_2010_11_europa_winners,porto_2003_04_ucl_winners,Paulo Ferreira,RB,22,Portugal,301,Porto – 2003/04 Champions League winners (Mourinho),4-3-3,2003-04,Primeira Liga,Benfica,ferreira_paulo,0.82,0.8,0
54,54,missing_xi_portugal.csv,missing_xi_portugal,Unknown,Primeira Liga,porto_2003_04_ucl_winners vs porto_2010_11_europa_winners,porto_2003_04_ucl_winners,Ricardo Carvalho,LCB,22,Portugal,301,Porto – 2003/04 Champions League winners (Mourinho),4-3-3,2003-04,Primeira Liga,Benfica,carvalho_ricardo,0.35,0.85,0
54,54,missing_xi_portugal.csv,missing_xi_portugal,Unknown,Primeira Liga,porto_2003_04_ucl_winners vs porto_2010_11_europa_winners,porto_2003_04_ucl_winners,Benni McCarthy,ST,77,South Africa,301,Porto – 2003/04 Champions League winners (Mourinho),4-3-3,2003-04,Primeira Liga,Benfica,mccarthy_benni,0.5,0.18,0
54,54,missing_xi_portugal.csv,missing_xi_portugal,Unknown,Primeira Liga,porto_2003_04_ucl_winners vs porto_2010_11_europa_winners,porto_2003_04_ucl_winners,Vítor Baía,GK,99,Portugal,301,Porto – 2003/04 Champions League winners (Mourinho),4-3-3,2003-04,Primeira Liga,Benfica,baia_vitor,0.5,0.95,0
54,54,missing_xi_portugal.csv,missing_xi_portugal,Unknown,Primeira Liga,porto_2003_04_ucl_winners vs porto_2010_11_europa_winners,porto_2010_11_europa_winners,Helton,GK,1,Brazil,302,"Porto – 2010/11 Europa League winners (Falcao, Villas-Boas)",4-3-3,2010-11,Primeira Liga,Sporting CP,helton,0.5,0.95,0
54,54,missing_xi_portugal.csv,missing_xi_portugal,Unknown,Primeira Liga,porto_2003_04_ucl_winners vs porto_2010_11_europa_winners,porto_2010_11_europa_winners,Fernando Belluschi,LCM,7,Argentina,302,"Porto – 2010/11 Europa League winners (Falcao, Villas-Boas)",4-3-3,2010-11,Primeira Liga,Sporting CP,belluschi_fernando,0.38,0.6,0
54,54,missing_xi_portugal.csv,missing_xi_portugal,Unknown,Primeira Liga,porto_2003_04_ucl_winners vs porto_2010_11_europa_winners,porto_2010_11_europa_winners,João Moutinho,RCM,8,Portugal,302,"Porto – 2010/11 Europa League winners (Falcao, Villas-Boas)",4-3-3,2010-11,Primeira Liga,Sporting CP,moutinho_joao,0.62,0.6,0
54,54,missing_xi_portugal.csv,missing_xi_portugal,Unknown,Primeira Liga,porto_2003_04_ucl_winners vs porto_2010_11_europa_winners,porto_2010_11_europa_winners,Radamel Falcao,ST,9,Colombia,302,"Porto – 2010/11 Europa League winners (Falcao, Villas-Boas)",4-3-3,2010-11,Primeira Liga,Sporting CP,falcao_radamel,0.5,0.18,0
54,54,missing_xi_portugal.csv,missing_xi_portugal,Unknown,Primeira Liga,porto_2003_04_ucl_winners vs porto_2010_11_europa_winners,porto_2010_11_europa_winners,Hulk,RW,12,Brazil,302,"Porto – 2010/11 Europa League winners (Falcao, Villas-Boas)",4-3-3,2010-11,Primeira Liga,Sporting CP,hulk,0.82,0.32,0
54,54,missing_xi_portugal.csv,missing_xi_portugal,Unknown,Primeira Liga,porto_2003_04_ucl_winners vs porto_2010_11_europa_winners,porto_2010_11_europa_winners,Rolando,RCB,14,Portugal,302,"Porto – 2010/11 Europa League winners (Falcao, Villas-Boas)",4-3-3,2010-11,Primeira Liga,Sporting CP,rolando,0.65,0.85,0
54,54,missing_xi_portugal.csv,missing_xi_portugal,Unknown,Primeira Liga,porto_2003_04_ucl_winners vs porto_2010_11_europa_winners,porto_2010_11_europa_winners,Álvaro Pereira,LB,15,Uruguay,302,"Porto – 2010/11 Europa League winners (Falcao, Villas-Boas)",4-3-3,2010-11,Primeira Liga,Sporting CP,alvaro_pereira,0.18,0.8,0
54,54,missing_xi_portugal.csv,missing_xi_portugal,Unknown,Primeira Liga,porto_2003_04_ucl_winners vs porto_2010_11_europa_winners,porto_2010_11_europa_winners,Silvestre Varela,LW,17,Portugal,302,"Porto – 2010/11 Europa League winners (Falcao, Villas-Boas)",4-3-3,2010-11,Primeira Liga,Sporting CP,varela_silvestre,0.18,0.32,0
54,54,missing_xi_portugal.csv,missing_xi_portugal,Unknown,Primeira Liga,porto_2003_04_ucl_winners vs porto_2010_11_europa_winners,porto_2010_11_europa_winners,Cristian Săpunaru,RB,21,Romania,302,"Porto – 2010/11 Europa League winners (Falcao, Villas-Boas)",4-3-3,2010-11,Primeira Liga,Sporting CP,sapunaru_cristian,0.82,0.8,0
54,54,missing_xi_portugal.csv,missing_xi_portugal,Unknown,Primeira Liga,porto_2003_04_ucl_winners vs porto_2010_11_europa_winners,porto_2010_11_europa_winners,Fernando,DM,25,Brazil,302,"Porto – 2010/11 Europa League winners (Falcao, Villas-Boas)",4-3-3,2010-11,Primeira Liga,Sporting CP,fernando_reges,0.5,0.65,0
54,54,missing_xi_portugal.csv,missing_xi_portugal,Unknown,Primeira Liga,porto_2003_04_ucl_winners vs porto_2010_11_europa_winners,porto_2010_11_europa_winners,Nicolás Otamendi,LCB,30,Argentina,302,"Porto – 2010/11 Europa League winners (Falcao, Villas-Boas)",4-3-3,2010-11,Primeira Liga,Sporting CP,otamendi_nicolas,0.35,0.85,0
55,55,missing_xi_portugal.csv,missing_xi_portugal,Unknown,Primeira Liga,benfica_2012_13_europa_finalists vs benfica_2013_14_europa_finalists,benfica_2012_13_europa_finalists,Artur,GK,1,Brazil,303,Benfica – 2012/13 Europa League finalists,4-4-2,2012-13,Primeira Liga,Porto,artur_moraes,0.5,0.95,1
55,55,missing_xi_portugal.csv,missing_xi_portugal,Unknown,Primeira Liga,benfica_2012_13_europa_finalists vs benfica_2013_14_europa_finalists,benfica_2012_13_europa_finalists,Luisão,RCB,4,Brazil,303,Benfica – 2012/13 Europa League finalists,4-4-2,2012-13,Primeira Liga,Porto,luizao,0.65,0.85,1
55,55,missing_xi_portugal.csv,missing_xi_portugal,Unknown,Primeira Liga,benfica_2012_13_europa_finalists vs benfica_2013_14_europa_finalists,benfica_2012_13_europa_finalists,Óscar Cardozo,LST,7,Paraguay,303,Benfica – 2012/13 Europa League finalists,4-4-2,2012-13,Primeira Liga,Porto,cardozo_oscar,0.4,0.2,1
55,55,missing_xi_portugal.csv,missing_xi_portugal,Unknown,Primeira Liga,benfica_2012_13_europa_finalists vs benfica_2013_14_europa_finalists,benfica_2012_13_europa_finalists,Lima,RST,11,Brazil,303,Benfica – 2012/13 Europa League finalists,4-4-2,2012-13,Primeira Liga,Porto,lima,0.6,0.2,1
55,55,missing_xi_portugal.csv,missing_xi_portugal,Unknown,Primeira Liga,benfica_2012_13_europa_finalists vs benfica_2013_14_europa_finalists,benfica_2012_13_europa_finalists,Maxi Pereira,RB,14,Uruguay,303,Benfica – 2012/13 Europa League finalists,4-4-2,2012-13,Primeira Liga,Porto,pereira_maxi,0.82,0.8,1
55,55,missing_xi_portugal.csv,missing_xi_portugal,Unknown,Primeira Liga,benfica_2012_13_europa_finalists vs benfica_2013_14_europa_finalists,benfica_2012_13_europa_finalists,Eduardo Salvio,RM,18,Argentina,303,Benfica – 2012/13 Europa League finalists,4-4-2,2012-13,Primeira Liga,Porto,salvio_eduardo,0.82,0.6,1
55,55,missing_xi_portugal.csv,missing_xi_portugal,Unknown,Primeira Liga,benfica_2012_13_europa_finalists vs benfica_2013_14_europa_finalists,benfica_2012_13_europa_finalists,Nicolás Gaitán,LM,20,Argentina,303,Benfica – 2012/13 Europa League finalists,4-4-2,2012-13,Primeira Liga,Porto,gaitan_nicolas,0.18,0.6,1
55,55,missing_xi_portugal.csv,missing_xi_portugal,Unknown,Primeira Liga,benfica_2012_13_europa_finalists vs benfica_2013_14_europa_finalists,benfica_2012_13_europa_finalists,Nemanja Matić,RCM,21,Serbia,303,Benfica – 2012/13 Europa League finalists,4-4-2,2012-13,Primeira Liga,Porto,matic_nemanja,0.62,0.6,1
55,55,missing_xi_portugal.csv,missing_xi_portugal,Unknown,Primeira Liga,benfica_2012_13_europa_finalists vs benfica_2013_14_europa_finalists,benfica_2012_13_europa_finalists,Ezequiel Garay,LCB,24,Argentina,303,Benfica – 2012/13 Europa League finalists,4-4-2,2012-13,Primeira Liga,Porto,garay_ezequiel,0.35,0.85,1
55,55,missing_xi_portugal.csv,missing_xi_portugal,Unknown,Primeira Liga,benfica_2012_13_europa_finalists vs benfica_2013_14_europa_finalists,benfica_2012_13_europa_finalists,Lorenzo Melgarejo,LB,25,Paraguay,303,Benfica – 2012/13 Europa League finalists,4-4-2,2012-13,Primeira Liga,Porto,melgarejo_lorenzo,0.18,0.8,1
55,55,missing_xi_portugal.csv,missing_xi_portugal,Unknown,Primeira Liga,benfica_2012_13_europa_finalists vs benfica_2013_14_europa_finalists,benfica_2012_13_europa_finalists,Enzo Pérez,LCM,35,Argentina,303,Benfica – 2012/13 Europa League finalists,4-4-2,2012-13,Primeira Liga,Porto,enzo_perez,0.38,0.6,1
55,55,missing_xi_portugal.csv,missing_xi_portugal,Unknown,Primeira Liga,benfica_2012_13_europa_finalists vs benfica_2013_14_europa_finalists,benfica_2013_14_europa_finalists,Guilherme Siqueira,LB,3,Brazil,304,Benfica – 2013/14 Europa League finalists,4-4-2,2013-14,Primeira Liga,Sporting Braga,siqueira_guilherme,0.18,0.8,1
55,55,missing_xi_portugal.csv,missing_xi_portugal,Unknown,Primeira Liga,benfica_2012_13_europa_finalists vs benfica_2013_14_europa_finalists,benfica_2013_14_europa_finalists,Luisão,RCB,4,Brazil,304,Benfica – 2013/14 Europa League finalists,4-4-2,2013-14,Primeira Liga,Sporting Braga,luizao,0.65,0.85,1
55,55,missing_xi_portugal.csv,missing_xi_portugal,Unknown,Primeira Liga,benfica_2012_13_europa_finalists vs benfica_2013_14_europa_finalists,benfica_2013_14_europa_finalists,Rúben Amorim,RCM,6,Portugal,304,Benfica – 2013/14 Europa League finalists,4-4-2,2013-14,Primeira Liga,Sporting Braga,amorim_ruben,0.62,0.6,1
55,55,missing_xi_portugal.csv,missing_xi_portugal,Unknown,Primeira Liga,benfica_2012_13_europa_finalists vs benfica_2013_14_europa_finalists,benfica_2013_14_europa_finalists,Lima,RST,11,Brazil,304,Benfica – 2013/14 Europa League finalists,4-4-2,2013-14,Primeira Liga,Sporting Braga,lima,0.6,0.2,1
55,55,missing_xi_portugal.csv,missing_xi_portugal,Unknown,Primeira Liga,benfica_2012_13_europa_finalists vs benfica_2013_14_europa_finalists,benfica_2013_14_europa_finalists,Maxi Pereira,RB,14,Uruguay,304,Benfica – 2013/14 Europa League finalists,4-4-2,2013-14,Primeira Liga,Sporting Braga,pereira_maxi,0.82,0.8,1
55,55,missing_xi_portugal.csv,missing_xi_portugal,Unknown,Primeira Liga,benfica_2012_13_europa_finalists vs benfica_2013_14_europa_finalists,benfica_2013_14_europa_finalists,André Gomes,LCM,15,Portugal,304,Benfica – 2013/14 Europa League finalists,4-4-2,2013-14,Primeira Liga,Sporting Braga,gomes_andre,0.38,0.6,1
55,55,missing_xi_portugal.csv,missing_xi_portugal,Unknown,Primeira Liga,benfica_2012_13_europa_finalists vs benfica_2013_14_europa_finalists,benfica_2013_14_europa_finalists,Eduardo Salvio,RM,18,Argentina,304,Benfica – 2013/14 Europa League finalists,4-4-2,2013-14,Primeira Liga,Sporting Braga,salvio_eduardo,0.82,0.6,1
55,55,missing_xi_portugal.csv,missing_xi_portugal,Unknown,Primeira Liga,benfica_2012_13_europa_finalists vs benfica_2013_14_europa_finalists,benfica_2013_14_europa_finalists,Rodrigo,LST,19,Spain,304,Benfica – 2013/14 Europa League finalists,4-4-2,2013-14,Primeira Liga,Sporting Braga,rodrigo_moreno,0.4,0.2,1
55,55,missing_xi_portugal.csv,missing_xi_portugal,Unknown,Primeira Liga,benfica_2012_13_europa_finalists vs benfica_2013_14_europa_finalists,benfica_2013_14_europa_finalists,Nicolás Gaitán,LM,20,Argentina,304,Benfica – 2013/14 Europa League finalists,4-4-2,2013-14,Primeira Liga,Sporting Braga,gaitan_nicolas,0.18,0.6,1
55,55,missing_xi_portugal.csv,missing_xi_portugal,Unknown,Primeira Liga,benfica_2012_13_europa_finalists vs benfica_2013_14_europa_finalists,benfica_2013_14_europa_finalists,Jan Oblak,GK,24,Slovenia,304,Benfica – 2013/14 Europa League finalists,4-4-2,2013-14,Primeira Liga,Sporting Braga,oblak_jan,0.5,0.95,1
55,55,missing_xi_portugal.csv,missing_xi_portugal,Unknown,Primeira Liga,benfica_2012_13_europa_finalists vs benfica_2013_14_europa_finalists,benfica_2013_14_europa_finalists,Ezequiel Garay,LCB,24,Argentina,304,Benfica – 2013/14 Europa League finalists,4-4-2,2013-14,Primeira Liga,Sporting Braga,garay_ezequiel,0.35,0.85,1
56,56,missing_xi_portugal.csv,missing_xi_portugal,Unknown,Primeira Liga,sporting_2004_05_uefa_finalists (single team data),sporting_2004_05_uefa_finalists,Beto,RCB,3,Portugal,305,Sporting CP – 2004/05 UEFA Cup finalists,4-3-3,2004-05,Primeira Liga,Porto,beto,0.65,0.85,2
56,56,missing_xi_portugal.csv,missing_xi_portugal,Unknown,Primeira Liga,sporting_2004_05_uefa_finalists (single team data),sporting_2004_05_uefa_finalists,Anderson Polga,LCB,4,Brazil,305,Sporting CP – 2004/05 UEFA Cup finalists,4-3-3,2004-05,Primeira Liga,Porto,polga_anderson,0.35,0.85,2
56,56,missing_xi_portugal.csv,missing_xi_portugal,Unknown,Primeira Liga,sporting_2004_05_uefa_finalists (single team data),sporting_2004_05_uefa_finalists,Fábio Rochemback,LCM,5,Brazil,305,Sporting CP – 2004/05 UEFA Cup finalists,4-3-3,2004-05,Primeira Liga,Porto,rochemback_fabio,0.38,0.6,2
56,56,missing_xi_portugal.csv,missing_xi_portugal,Unknown,Primeira Liga,sporting_2004_05_uefa_finalists (single team data),sporting_2004_05_uefa_finalists,Rui Jorge,LB,8,Portugal,305,Sporting CP – 2004/05 UEFA Cup finalists,4-3-3,2004-05,Primeira Liga,Porto,rui_jorge,0.18,0.8,2
56,56,missing_xi_portugal.csv,missing_xi_portugal,Unknown,Primeira Liga,sporting_2004_05_uefa_finalists (single team data),sporting_2004_05_uefa_finalists,Sá Pinto,LW,20,Portugal,305,Sporting CP – 2004/05 UEFA Cup finalists,4-3-3,2004-05,Primeira Liga,Porto,sa_pinto,0.18,0.32,2
56,56,missing_xi_portugal.csv,missing_xi_portugal,Unknown,Primeira Liga,sporting_2004_05_uefa_finalists (single team data),sporting_2004_05_uefa_finalists,Miguel Garcia,RB,22,Portugal,305,Sporting CP – 2004/05 UEFA Cup finalists,4-3-3,2004-05,Primeira Liga,Porto,miguel_garcia,0.82,0.8,2
56,56,missing_xi_portugal.csv,missing_xi_portugal,Unknown,Primeira Liga,sporting_2004_05_uefa_finalists (single team data),sporting_2004_05_uefa_finalists,Douala,RW,26,Cameroon,305,Sporting CP – 2004/05 UEFA Cup finalists,4-3-3,2004-05,Primeira Liga,Porto,douala,0.82,0.32,2
56,56,missing_xi_portugal.csv,missing_xi_portugal,Unknown,Primeira Liga,sporting_2004_05_uefa_finalists (single team data),sporting_2004_05_uefa_finalists,Custódio,DM,27,Portugal,305,Sporting CP – 2004/05 UEFA Cup finalists,4-3-3,2004-05,Primeira Liga,Porto,custodio,0.5,0.65,2
56,56,missing_xi_portugal.csv,missing_xi_portugal,Unknown,Primeira Liga,sporting_2004_05_uefa_finalists (single team data),sporting_2004_05_uefa_finalists,João Moutinho,RCM,28,Portugal,305,Sporting CP – 2004/05 UEFA Cup finalists,4-3-3,2004-05,Primeira Liga,Porto,moutinho_joao,0.62,0.6,2
56,56,missing_xi_portugal.csv,missing_xi_portugal,Unknown,Primeira Liga,sporting_2004_05_uefa_finalists (single team data),sporting_2004_05_uefa_finalists,Liédson,ST,31,Brazil,305,Sporting CP – 2004/05 UEFA Cup finalists,4-3-3,2004-05,Primeira Liga,Porto,liedson,0.5,0.18,2
56,56,missing_xi_portugal.csv,missing_xi_portugal,Unknown,Primeira Liga,sporting_2004_05_uefa_finalists (single team data),sporting_2004_05_uefa_finalists,Ricardo,GK,76,Portugal,305,Sporting CP – 2004/05 UEFA Cup finalists,4-3-3,2004-05,Primeira Liga,Porto,ricardo,0.5,0.95,2
57,57,missing_xi_scotland_east_belgium.csv,missing_xi_scotland_east_belgium,Unknown,UEFA Cup Final,celtic_2002_03_uefa_finalists vs rangers_2007_08_uefa_finalists,celtic_2002_03_uefa_finalists,Rab Douglas,GK,1,Scotland,401,Celtic – 2002/03 UEFA Cup finalists,3-5-2,2002-03,UEFA Cup Final,Porto,douglas_rab,0.5,0.95,0
57,57,missing_xi_scotland_east_belgium.csv,missing_xi_scotland_east_belgium,Unknown,UEFA Cup Final,celtic_2002_03_uefa_finalists vs rangers_2007_08_uefa_finalists,celtic_2002_03_uefa_finalists,Jackie McNamara,RM,2,Scotland,401,Celtic – 2002/03 UEFA Cup finalists,3-5-2,2002-03,UEFA Cup Final,Porto,mcnamara_jackie,0.82,0.6,0
57,57,missing_xi_scotland_east_belgium.csv,missing_xi_scotland_east_belgium,Unknown,UEFA Cup Final,celtic_2002_03_uefa_finalists vs rangers_2007_08_uefa_finalists,celtic_2002_03_uefa_finalists,Joos Valgaeren,LCB,4,Belgium,401,Celtic – 2002/03 UEFA Cup finalists,3-5-2,2002-03,UEFA Cup Final,Porto,valgaeren_joos,0.35,0.85,0
57,57,missing_xi_scotland_east_belgium.csv,missing_xi_scotland_east_belgium,Unknown,UEFA Cup Final,celtic_2002_03_uefa_finalists vs rangers_2007_08_uefa_finalists,celtic_2002_03_uefa_finalists,Bobo Baldé,RCB,6,Guinea,401,Celtic – 2002/03 UEFA Cup finalists,3-5-2,2002-03,UEFA Cup Final,Porto,balde_bobo,0.65,0.85,0
57,57,missing_xi_scotland_east_belgium.csv,missing_xi_scotland_east_belgium,Unknown,UEFA Cup Final,celtic_2002_03_uefa_finalists vs rangers_2007_08_uefa_finalists,celtic_2002_03_uefa_finalists,Henrik Larsson,LST,7,Sweden,401,Celtic – 2002/03 UEFA Cup finalists,3-5-2,2002-03,UEFA Cup Final,Porto,larsson_henrik,0.38,0.18,0
57,57,missing_xi_scotland_east_belgium.csv,missing_xi_scotland_east_belgium,Unknown,UEFA Cup Final,celtic_2002_03_uefa_finalists vs rangers_2007_08_uefa_finalists,celtic_2002_03_uefa_finalists,Chris Sutton,RST,9,England,401,Celtic – 2002/03 UEFA Cup finalists,3-5-2,2002-03,UEFA Cup Final,Porto,sutton_chris,0.62,0.18,0
57,57,missing_xi_scotland_east_belgium.csv,missing_xi_scotland_east_belgium,Unknown,UEFA Cup Final,celtic_2002_03_uefa_finalists vs rangers_2007_08_uefa_finalists,celtic_2002_03_uefa_finalists,Alan Thompson,LM,11,England,401,Celtic – 2002/03 UEFA Cup finalists,3-5-2,2002-03,UEFA Cup Final,Porto,thompson_alan,0.18,0.6,0
57,57,missing_xi_scotland_east_belgium.csv,missing_xi_scotland_east_belgium,Unknown,UEFA Cup Final,celtic_2002_03_uefa_finalists vs rangers_2007_08_uefa_finalists,celtic_2002_03_uefa_finalists,Paul Lambert,SS,14,Scotland,401,Celtic – 2002/03 UEFA Cup finalists,3-5-2,2002-03,UEFA Cup Final,Porto,lambert_paul,0.5,0.32,0
57,57,missing_xi_scotland_east_belgium.csv,missing_xi_scotland_east_belgium,Unknown,UEFA Cup Final,celtic_2002_03_uefa_finalists vs rangers_2007_08_uefa_finalists,celtic_2002_03_uefa_finalists,Neil Lennon,RCM,18,Northern Ireland,401,Celtic – 2002/03 UEFA Cup finalists,3-5-2,2002-03,UEFA Cup Final,Porto,lennon_neil,0.6,0.6,0
57,57,missing_xi_scotland_east_belgium.csv,missing_xi_scotland_east_belgium,Unknown,UEFA Cup Final,celtic_2002_03_uefa_finalists vs rangers_2007_08_uefa_finalists,celtic_2002_03_uefa_finalists,Stiliyan Petrov,LCM,19,Bulgaria,401,Celtic – 2002/03 UEFA Cup finalists,3-5-2,2002-03,UEFA Cup Final,Porto,petrov_stiliyan,0.4,0.6,0
57,57,missing_xi_scotland_east_belgium.csv,missing_xi_scotland_east_belgium,Unknown,UEFA Cup Final,celtic_2002_03_uefa_finalists vs rangers_2007_08_uefa_finalists,celtic_2002_03_uefa_finalists,Johan Mjällby,CB,35,Sweden,401,Celtic – 2002/03 UEFA Cup finalists,3-5-2,2002-03,UEFA Cup Final,Porto,mjallby_johan,0.5,0.86,0
57,57,missing_xi_scotland_east_belgium.csv,missing_xi_scotland_east_belgium,Unknown,UEFA Cup Final,celtic_2002_03_uefa_finalists vs rangers_2007_08_uefa_finalists,rangers_2007_08_uefa_finalists,David Weir,LCB,3,Scotland,402,Rangers – 2007/08 UEFA Cup finalists,4-5-1,2007-08,UEFA Cup Final,Zenit St. Petersburg,weir_david,0.35,0.85,0
57,57,missing_xi_scotland_east_belgium.csv,missing_xi_scotland_east_belgium,Unknown,UEFA Cup Final,celtic_2002_03_uefa_finalists vs rangers_2007_08_uefa_finalists,rangers_2007_08_uefa_finalists,Kevin Thomson,CM,4,Scotland,402,Rangers – 2007/08 UEFA Cup finalists,4-5-1,2007-08,UEFA Cup Final,Zenit St. Petersburg,thomson_kevin,0.5,0.58,0
57,57,missing_xi_scotland_east_belgium.csv,missing_xi_scotland_east_belgium,Unknown,UEFA Cup Final,celtic_2002_03_uefa_finalists vs rangers_2007_08_uefa_finalists,rangers_2007_08_uefa_finalists,Sasa Papac,LB,5,Bosnia and Herzegovina,402,Rangers – 2007/08 UEFA Cup finalists,4-5-1,2007-08,UEFA Cup Final,Zenit St. Petersburg,papac_sasa,0.18,0.8,0
57,57,missing_xi_scotland_east_belgium.csv,missing_xi_scotland_east_belgium,Unknown,UEFA Cup Final,celtic_2002_03_uefa_finalists vs rangers_2007_08_uefa_finalists,rangers_2007_08_uefa_finalists,Barry Ferguson,RCM,6,Scotland,402,Rangers – 2007/08 UEFA Cup finalists,4-5-1,2007-08,UEFA Cup Final,Zenit St. Petersburg,ferguson_barry,0.62,0.6,0
57,57,missing_xi_scotland_east_belgium.csv,missing_xi_scotland_east_belgium,Unknown,UEFA Cup Final,celtic_2002_03_uefa_finalists vs rangers_2007_08_uefa_finalists,rangers_2007_08_uefa_finalists,Brahim Hemdani,LCM,7,Algeria,402,Rangers – 2007/08 UEFA Cup finalists,4-5-1,2007-08,UEFA Cup Final,Zenit St. Petersburg,hemdani_brahim,0.38,0.6,0
57,57,missing_xi_scotland_east_belgium.csv,missing_xi_scotland_east_belgium,Unknown,UEFA Cup Final,celtic_2002_03_uefa_finalists vs rangers_2007_08_uefa_finalists,rangers_2007_08_uefa_finalists,Jean-Claude Darcheville,ST,9,French Guiana,402,Rangers – 2007/08 UEFA Cup finalists,4-5-1,2007-08,UEFA Cup Final,Zenit St. Petersburg,darcheville_jean_claude,0.5,0.18,0
57,57,missing_xi_scotland_east_belgium.csv,missing_xi_scotland_east_belgium,Unknown,UEFA Cup Final,celtic_2002_03_uefa_finalists vs rangers_2007_08_uefa_finalists,rangers_2007_08_uefa_finalists,Neil Alexander,GK,13,Scotland,402,Rangers – 2007/08 UEFA Cup finalists,4-5-1,2007-08,UEFA Cup Final,Zenit St. Petersburg,alexander_neil,0.5,0.95,0
57,57,missing_xi_scotland_east_belgium.csv,missing_xi_scotland_east_belgium,Unknown,UEFA Cup Final,celtic_2002_03_uefa_finalists vs rangers_2007_08_uefa_finalists,rangers_2007_08_uefa_finalists,Kirk Broadfoot,RB,21,Scotland,402,Rangers – 2007/08 UEFA Cup finalists,4-5-1,2007-08,UEFA Cup Final,Zenit St. Petersburg,broadfoot_kirk,0.82,0.8,0
57,57,missing_xi_scotland_east_belgium.csv,missing_xi_scotland_east_belgium,Unknown,UEFA Cup Final,celtic_2002_03_uefa_finalists vs rangers_2007_08_uefa_finalists,rangers_2007_08_uefa_finalists,Carlos Cuéllar,RCB,24,Spain,402,Rangers – 2007/08 UEFA Cup finalists,4-5-1,2007-08,UEFA Cup Final,Zenit St. Petersburg,cuellar_carlos,0.65,0.85,0
57,57,missing_xi_scotland_east_belgium.csv,missing_xi_scotland_east_belgium,Unknown,UEFA Cup Final,celtic_2002_03_uefa_finalists vs rangers_2007_08_uefa_finalists,rangers_2007_08_uefa_finalists,Steven Whittaker,RM,28,Scotland,402,Rangers – 2007/08 UEFA Cup finalists,4-5-1,2007-08,UEFA Cup Final,Zenit St. Petersburg,whittaker_steven,0.82,0.6,0
57,57,missing_xi_scotland_east_belgium.csv,missing_xi_scotland_east_belgium,Unknown,UEFA Cup Final,celtic_2002_03_uefa_finalists vs rangers_2007_08_uefa_finalists,rangers_2007_08_uefa_finalists,Steven Davis,LM,37,Northern Ireland,402,Rangers – 2007/08 UEFA Cup finalists,4-5-1,2007-08,UEFA Cup Final,Zenit St. Petersburg,davis_steven,0.18,0.6,0
58,58,missing_xi_scotland_east_belgium.csv,missing_xi_scotland_east_belgium,Unknown,UEFA Cup Final,shakhtar_2008_09_uefa_winners vs dynamo_kyiv_1998_99_ucl_sf,dynamo_kyiv_1998_99_ucl_sf,Oleksandr Shovkovskyi,GK,1,Ukraine,404,Dynamo Kyiv – 1998/99 Champions League semifinalists,4-4-2,1998-99,Champions League SF,Bayern Munich,shovkovskyi_oleksandr,0.5,0.95,1
58,58,missing_xi_scotland_east_belgium.csv,missing_xi_scotland_east_belgium,Unknown,UEFA Cup Final,shakhtar_2008_09_uefa_winners vs dynamo_kyiv_1998_99_ucl_sf,dynamo_kyiv_1998_99_ucl_sf,Oleh Luzhny,RB,2,Ukraine,404,Dynamo Kyiv – 1998/99 Champions League semifinalists,4-4-2,1998-99,Champions League SF,Bayern Munich,luzhny_oleh,0.82,0.8,1
58,58,missing_xi_scotland_east_belgium.csv,missing_xi_scotland_east_belgium,Unknown,UEFA Cup Final,shakhtar_2008_09_uefa_winners vs dynamo_kyiv_1998_99_ucl_sf,dynamo_kyiv_1998_99_ucl_sf,Kakha Kaladze,LCB,3,Georgia,404,Dynamo Kyiv – 1998/99 Champions League semifinalists,4-4-2,1998-99,Champions League SF,Bayern Munich,kaladze_kakha,0.35,0.85,1
58,58,missing_xi_scotland_east_belgium.csv,missing_xi_scotland_east_belgium,Unknown,UEFA Cup Final,shakhtar_2008_09_uefa_winners vs dynamo_kyiv_1998_99_ucl_sf,dynamo_kyiv_1998_99_ucl_sf,Oleksandr Holovko,RCB,4,Ukraine,404,Dynamo Kyiv – 1998/99 Champions League semifinalists,4-4-2,1998-99,Champions League SF,Bayern Munich,holovko_oleksandr,0.65,0.85,1
58,58,missing_xi_scotland_east_belgium.csv,missing_xi_scotland_east_belgium,Unknown,UEFA Cup Final,shakhtar_2008_09_uefa_winners vs dynamo_kyiv_1998_99_ucl_sf,dynamo_kyiv_1998_99_ucl_sf,Yuri Kalitvintsev,LCM,6,Ukraine,404,Dynamo Kyiv – 1998/99 Champions League semifinalists,4-4-2,1998-99,Champions League SF,Bayern Munich,kalitvintsev_yuri,0.38,0.6,1
58,58,missing_xi_scotland_east_belgium.csv,missing_xi_scotland_east_belgium,Unknown,UEFA Cup Final,shakhtar_2008_09_uefa_winners vs dynamo_kyiv_1998_99_ucl_sf,dynamo_kyiv_1998_99_ucl_sf,Andriy Shevchenko,LST,7,Ukraine,404,Dynamo Kyiv – 1998/99 Champions League semifinalists,4-4-2,1998-99,Champions League SF,Bayern Munich,shevchenko_andriy,0.4,0.2,1
58,58,missing_xi_scotland_east_belgium.csv,missing_xi_scotland_east_belgium,Unknown,UEFA Cup Final,shakhtar_2008_09_uefa_winners vs dynamo_kyiv_1998_99_ucl_sf,dynamo_kyiv_1998_99_ucl_sf,Serhiy Rebrov,RST,11,Ukraine,404,Dynamo Kyiv – 1998/99 Champions League semifinalists,4-4-2,1998-99,Champions League SF,Bayern Munich,rebrov_serhiy,0.6,0.2,1
58,58,missing_xi_scotland_east_belgium.csv,missing_xi_scotland_east_belgium,Unknown,UEFA Cup Final,shakhtar_2008_09_uefa_winners vs dynamo_kyiv_1998_99_ucl_sf,dynamo_kyiv_1998_99_ucl_sf,Alexander Khatskevich,RCM,13,Belarus,404,Dynamo Kyiv – 1998/99 Champions League semifinalists,4-4-2,1998-99,Champions League SF,Bayern Munich,khatskevich_aliaksandr,0.62,0.6,1
58,58,missing_xi_scotland_east_belgium.csv,missing_xi_scotland_east_belgium,Unknown,UEFA Cup Final,shakhtar_2008_09_uefa_winners vs dynamo_kyiv_1998_99_ucl_sf,dynamo_kyiv_1998_99_ucl_sf,Vitaliy Kosovskyi,LM,19,Ukraine,404,Dynamo Kyiv – 1998/99 Champions League semifinalists,4-4-2,1998-99,Champions League SF,Bayern Munich,kosovskyi_vitaliy,0.18,0.6,1
58,58,missing_xi_scotland_east_belgium.csv,missing_xi_scotland_east_belgium,Unknown,UEFA Cup Final,shakhtar_2008_09_uefa_winners vs dynamo_kyiv_1998_99_ucl_sf,dynamo_kyiv_1998_99_ucl_sf,Andriy Husin,RM,20,Ukraine,404,Dynamo Kyiv – 1998/99 Champions League semifinalists,4-4-2,1998-99,Champions League SF,Bayern Munich,husin_andriy,0.82,0.6,1
58,58,missing_xi_scotland_east_belgium.csv,missing_xi_scotland_east_belgium,Unknown,UEFA Cup Final,shakhtar_2008_09_uefa_winners vs dynamo_kyiv_1998_99_ucl_sf,dynamo_kyiv_1998_99_ucl_sf,Andriy Nesmachnyi,LB,24,Ukraine,404,Dynamo Kyiv – 1998/99 Champions League semifinalists,4-4-2,1998-99,Champions League SF,Bayern Munich,nesmachnyi_andriy,0.18,0.8,1
58,58,missing_xi_scotland_east_belgium.csv,missing_xi_scotland_east_belgium,Unknown,UEFA Cup Final,shakhtar_2008_09_uefa_winners vs dynamo_kyiv_1998_99_ucl_sf,shakhtar_2008_09_uefa_winners,Oleksandr Kucher,RCB,5,Ukraine,403,Shakhtar Donetsk – 2008/09 UEFA Cup winners,4-2-3-1,2008-09,UEFA Cup Final,Werder Bremen,kucher_oleksandr,0.65,0.85,1
58,58,missing_xi_scotland_east_belgium.csv,missing_xi_scotland_east_belgium,Unknown,UEFA Cup Final,shakhtar_2008_09_uefa_winners vs dynamo_kyiv_1998_99_ucl_sf,shakhtar_2008_09_uefa_winners,Fernandinho,LDM,7,Brazil,403,Shakhtar Donetsk – 2008/09 UEFA Cup winners,4-2-3-1,2008-09,UEFA Cup Final,Werder Bremen,fernandinho,0.42,0.67,1
58,58,missing_xi_scotland_east_belgium.csv,missing_xi_scotland_east_belgium,Unknown,UEFA Cup Final,shakhtar_2008_09_uefa_winners vs dynamo_kyiv_1998_99_ucl_sf,shakhtar_2008_09_uefa_winners,Jádson,AM,8,Brazil,403,Shakhtar Donetsk – 2008/09 UEFA Cup winners,4-2-3-1,2008-09,UEFA Cup Final,Werder Bremen,jadson,0.5,0.32,1
58,58,missing_xi_scotland_east_belgium.csv,missing_xi_scotland_east_belgium,Unknown,UEFA Cup Final,shakhtar_2008_09_uefa_winners vs dynamo_kyiv_1998_99_ucl_sf,shakhtar_2008_09_uefa_winners,Ilsinho,RW,11,Brazil,403,Shakhtar Donetsk – 2008/09 UEFA Cup winners,4-2-3-1,2008-09,UEFA Cup Final,Werder Bremen,ilsinho,0.82,0.35,1
58,58,missing_xi_scotland_east_belgium.csv,missing_xi_scotland_east_belgium,Unknown,UEFA Cup Final,shakhtar_2008_09_uefa_winners vs dynamo_kyiv_1998_99_ucl_sf,shakhtar_2008_09_uefa_winners,Luiz Adriano,ST,17,Brazil,403,Shakhtar Donetsk – 2008/09 UEFA Cup winners,4-2-3-1,2008-09,UEFA Cup Final,Werder Bremen,luiz_adriano,0.5,0.18,1
58,58,missing_xi_scotland_east_belgium.csv,missing_xi_scotland_east_belgium,Unknown,UEFA Cup Final,shakhtar_2008_09_uefa_winners vs dynamo_kyiv_1998_99_ucl_sf,shakhtar_2008_09_uefa_winners,Mariusz Lewandowski,RDM,18,Poland,403,Shakhtar Donetsk – 2008/09 UEFA Cup winners,4-2-3-1,2008-09,UEFA Cup Final,Werder Bremen,lewandowski_mariusz,0.58,0.67,1
58,58,missing_xi_scotland_east_belgium.csv,missing_xi_scotland_east_belgium,Unknown,UEFA Cup Final,shakhtar_2008_09_uefa_winners vs dynamo_kyiv_1998_99_ucl_sf,shakhtar_2008_09_uefa_winners,Willian,LW,22,Brazil,403,Shakhtar Donetsk – 2008/09 UEFA Cup winners,4-2-3-1,2008-09,UEFA Cup Final,Werder Bremen,willian,0.18,0.35,1
58,58,missing_xi_scotland_east_belgium.csv,missing_xi_scotland_east_belgium,Unknown,UEFA Cup Final,shakhtar_2008_09_uefa_winners vs dynamo_kyiv_1998_99_ucl_sf,shakhtar_2008_09_uefa_winners,Răzvan Raț,LB,26,Romania,403,Shakhtar Donetsk – 2008/09 UEFA Cup winners,4-2-3-1,2008-09,UEFA Cup Final,Werder Bremen,rat_razvan,0.18,0.8,1
58,58,missing_xi_scotland_east_belgium.csv,missing_xi_scotland_east_belgium,Unknown,UEFA Cup Final,shakhtar_2008_09_uefa_winners vs dynamo_kyiv_1998_99_ucl_sf,shakhtar_2008_09_uefa_winners,Dmytro Chygrynskiy,LCB,27,Ukraine,403,Shakhtar Donetsk – 2008/09 UEFA Cup winners,4-2-3-1,2008-09,UEFA Cup Final,Werder Bremen,chygrynskiy_dmytro,0.35,0.85,1
58,58,missing_xi_scotland_east_belgium.csv,missing_xi_scotland_east_belgium,Unknown,UEFA Cup Final,shakhtar_2008_09_uefa_winners vs dynamo_kyiv_1998_99_ucl_sf,shakhtar_2008_09_uefa_winners,Andriy Pyatov,GK,30,Ukraine,403,Shakhtar Donetsk – 2008/09 UEFA Cup winners,4-2-3-1,2008-09,UEFA Cup Final,Werder Bremen,pyatov_andriy,0.5,0.95,1
58,58,missing_xi_scotland_east_belgium.csv,missing_xi_scotland_east_belgium,Unknown,UEFA Cup Final,shakhtar_2008_09_uefa_winners vs dynamo_kyiv_1998_99_ucl_sf,shakhtar_2008_09_uefa_winners,Darijo Srna,RB,33,Croatia,403,Shakhtar Donetsk – 2008/09 UEFA Cup winners,4-2-3-1,2008-09,UEFA Cup Final,Werder Bremen,srna_darijo,0.82,0.8,1
59,59,missing_xi_scotland_east_belgium.csv,missing_xi_scotland_east_belgium,Unknown,UEFA Cup Final,zenit_2007_08_uefa_winners vs cska_2004_05_uefa_winners,cska_2004_05_uefa_winners,Sergei Ignashevich,RCB,4,Russia,406,CSKA Moscow – 2004/05 UEFA Cup winners,4-4-2,2004-05,UEFA Cup Final,Sporting CP,ignashevich_sergei,0.65,0.85,2
59,59,missing_xi_scotland_east_belgium.csv,missing_xi_scotland_east_belgium,Unknown,UEFA Cup Final,zenit_2007_08_uefa_winners vs cska_2004_05_uefa_winners,cska_2004_05_uefa_winners,Aleksei Berezutski,LCB,6,Russia,406,CSKA Moscow – 2004/05 UEFA Cup winners,4-4-2,2004-05,UEFA Cup Final,Sporting CP,berezutskiy_aleksei,0.35,0.85,2
59,59,missing_xi_scotland_east_belgium.csv,missing_xi_scotland_east_belgium,Unknown,UEFA Cup Final,zenit_2007_08_uefa_winners vs cska_2004_05_uefa_winners,cska_2004_05_uefa_winners,Daniel Carvalho,LM,7,Brazil,406,CSKA Moscow – 2004/05 UEFA Cup winners,4-4-2,2004-05,UEFA Cup Final,Sporting CP,carvalho_daniel,0.18,0.6,2
59,59,missing_xi_scotland_east_belgium.csv,missing_xi_scotland_east_belgium,Unknown,UEFA Cup Final,zenit_2007_08_uefa_winners vs cska_2004_05_uefa_winners,cska_2004_05_uefa_winners,Ivica Olic,RST,9,Croatia,406,CSKA Moscow – 2004/05 UEFA Cup winners,4-4-2,2004-05,UEFA Cup Final,Sporting CP,olic_ivica,0.6,0.2,2
59,59,missing_xi_scotland_east_belgium.csv,missing_xi_scotland_east_belgium,Unknown,UEFA Cup Final,zenit_2007_08_uefa_winners vs cska_2004_05_uefa_winners,cska_2004_05_uefa_winners,Vágner Love,LST,11,Brazil,406,CSKA Moscow – 2004/05 UEFA Cup winners,4-4-2,2004-05,UEFA Cup Final,Sporting CP,vagner_love,0.4,0.2,2
59,59,missing_xi_scotland_east_belgium.csv,missing_xi_scotland_east_belgium,Unknown,UEFA Cup Final,zenit_2007_08_uefa_winners vs cska_2004_05_uefa_winners,cska_2004_05_uefa_winners,Chidi Odiah,RB,15,Nigeria,406,CSKA Moscow – 2004/05 UEFA Cup winners,4-4-2,2004-05,UEFA Cup Final,Sporting CP,odiah_chidi,0.82,0.8,2
59,59,missing_xi_scotland_east_belgium.csv,missing_xi_scotland_east_belgium,Unknown,UEFA Cup Final,zenit_2007_08_uefa_winners vs cska_2004_05_uefa_winners,cska_2004_05_uefa_winners,Yuri Zhirkov,RM,18,Russia,406,CSKA Moscow – 2004/05 UEFA Cup winners,4-4-2,2004-05,UEFA Cup Final,Sporting CP,zhirkov_yuri,0.82,0.6,2
59,59,missing_xi_scotland_east_belgium.csv,missing_xi_scotland_east_belgium,Unknown,UEFA Cup Final,zenit_2007_08_uefa_winners vs cska_2004_05_uefa_winners,cska_2004_05_uefa_winners,Evgeni Aldonin,RCM,22,Russia,406,CSKA Moscow – 2004/05 UEFA Cup winners,4-4-2,2004-05,UEFA Cup Final,Sporting CP,aldonin_evgeni,0.62,0.6,2
59,59,missing_xi_scotland_east_belgium.csv,missing_xi_scotland_east_belgium,Unknown,UEFA Cup Final,zenit_2007_08_uefa_winners vs cska_2004_05_uefa_winners,cska_2004_05_uefa_winners,Vasili Berezutski,LB,24,Russia,406,CSKA Moscow – 2004/05 UEFA Cup winners,4-4-2,2004-05,UEFA Cup Final,Sporting CP,berezutskiy_vasily,0.18,0.8,2
59,59,missing_xi_scotland_east_belgium.csv,missing_xi_scotland_east_belgium,Unknown,UEFA Cup Final,zenit_2007_08_uefa_winners vs cska_2004_05_uefa_winners,cska_2004_05_uefa_winners,Elvir Rahimić,LCM,25,Bosnia and Herzegovina,406,CSKA Moscow – 2004/05 UEFA Cup winners,4-4-2,2004-05,UEFA Cup Final,Sporting CP,rahimic_elvir,0.38,0.6,2
59,59,missing_xi_scotland_east_belgium.csv,missing_xi_scotland_east_belgium,Unknown,UEFA Cup Final,zenit_2007_08_uefa_winners vs cska_2004_05_uefa_winners,cska_2004_05_uefa_winners,Igor Akinfeev,GK,35,Russia,406,CSKA Moscow – 2004/05 UEFA Cup winners,4-4-2,2004-05,UEFA Cup Final,Sporting CP,akinfeev_igor,0.5,0.95,2
59,59,missing_xi_scotland_east_belgium.csv,missing_xi_scotland_east_belgium,Unknown,UEFA Cup Final,zenit_2007_08_uefa_winners vs cska_2004_05_uefa_winners,zenit_2007_08_uefa_winners,Ivica Križanac,RCB,4,Croatia,405,Zenit St. Petersburg – 2007/08 UEFA Cup winners,4-3-3,2007-08,UEFA Cup Final,Rangers,krizanac_ivica,0.65,0.85,2
59,59,missing_xi_scotland_east_belgium.csv,missing_xi_scotland_east_belgium,Unknown,UEFA Cup Final,zenit_2007_08_uefa_winners vs cska_2004_05_uefa_winners,zenit_2007_08_uefa_winners,Nicolas Lombaerts,LCB,6,Belgium,405,Zenit St. Petersburg – 2007/08 UEFA Cup winners,4-3-3,2007-08,UEFA Cup Final,Rangers,lombaerts_nicolas,0.35,0.85,2
59,59,missing_xi_scotland_east_belgium.csv,missing_xi_scotland_east_belgium,Unknown,UEFA Cup Final,zenit_2007_08_uefa_winners vs cska_2004_05_uefa_winners,zenit_2007_08_uefa_winners,Fatih Tekke,ST,9,Turkey,405,Zenit St. Petersburg – 2007/08 UEFA Cup winners,4-3-3,2007-08,UEFA Cup Final,Rangers,tekke_fatih,0.5,0.18,2
59,59,missing_xi_scotland_east_belgium.csv,missing_xi_scotland_east_belgium,Unknown,UEFA Cup Final,zenit_2007_08_uefa_winners vs cska_2004_05_uefa_winners,zenit_2007_08_uefa_winners,Andrey Arshavin,RW,10,Russia,405,Zenit St. Petersburg – 2007/08 UEFA Cup winners,4-3-3,2007-08,UEFA Cup Final,Rangers,arshavin_andrey,0.82,0.32,2
59,59,missing_xi_scotland_east_belgium.csv,missing_xi_scotland_east_belgium,Unknown,UEFA Cup Final,zenit_2007_08_uefa_winners vs cska_2004_05_uefa_winners,zenit_2007_08_uefa_winners,Radek Širl,LB,11,Czech Republic,405,Zenit St. Petersburg – 2007/08 UEFA Cup winners,4-3-3,2007-08,UEFA Cup Final,Rangers,sirl_radek,0.18,0.8,2
59,59,missing_xi_scotland_east_belgium.csv,missing_xi_scotland_east_belgium,Unknown,UEFA Cup Final,zenit_2007_08_uefa_winners vs cska_2004_05_uefa_winners,zenit_2007_08_uefa_winners,Vyacheslav Malafeev,GK,16,Russia,405,Zenit St. Petersburg – 2007/08 UEFA Cup winners,4-3-3,2007-08,UEFA Cup Final,Rangers,malafeev_vyacheslav,0.5,0.95,2
59,59,missing_xi_scotland_east_belgium.csv,missing_xi_scotland_east_belgium,Unknown,UEFA Cup Final,zenit_2007_08_uefa_winners vs cska_2004_05_uefa_winners,zenit_2007_08_uefa_winners,Konstantin Zyryanov,LCM,18,Russia,405,Zenit St. Petersburg – 2007/08 UEFA Cup winners,4-3-3,2007-08,UEFA Cup Final,Rangers,zyryanov_konstantin,0.38,0.6,2
59,59,missing_xi_scotland_east_belgium.csv,missing_xi_scotland_east_belgium,Unknown,UEFA Cup Final,zenit_2007_08_uefa_winners vs cska_2004_05_uefa_winners,zenit_2007_08_uefa_winners,Viktor Fayzulin,LW,20,Russia,405,Zenit St. Petersburg – 2007/08 UEFA Cup winners,4-3-3,2007-08,UEFA Cup Final,Rangers,fayzulin_viktor,0.18,0.32,2
59,59,missing_xi_scotland_east_belgium.csv,missing_xi_scotland_east_belgium,Unknown,UEFA Cup Final,zenit_2007_08_uefa_winners vs cska_2004_05_uefa_winners,zenit_2007_08_uefa_winners,Aleksandr Anyukov,RB,22,Russia,405,Zenit St. Petersburg – 2007/08 UEFA Cup winners,4-3-3,2007-08,UEFA Cup Final,Rangers,anyukov_aleksandr,0.82,0.8,2
59,59,missing_xi_scotland_east_belgium.csv,missing_xi_scotland_east_belgium,Unknown,UEFA Cup Final,zenit_2007_08_uefa_winners vs cska_2004_05_uefa_winners,zenit_2007_08_uefa_winners,Igor Denisov,RCM,27,Russia,405,Zenit St. Petersburg – 2007/08 UEFA Cup winners,4-3-3,2007-08,UEFA Cup Final,Rangers,denisov_igor,0.62,0.6,2
59,59,missing_xi_scotland_east_belgium.csv,missing_xi_scotland_east_belgium,Unknown,UEFA Cup Final,zenit_2007_08_uefa_winners vs cska_2004_05_uefa_winners,zenit_2007_08_uefa_winners,Anatoliy Tymoshchuk,DM,44,Ukraine,405,Zenit St. Petersburg – 2007/08 UEFA Cup winners,4-3-3,2007-08,UEFA Cup Final,Rangers,tymoshchuk_anatoliy,0.5,0.65,2
60,60,missing_xi_scotland_east_belgium.csv,missing_xi_scotland_east_belgium,Unknown,European Cup Final,red_star_1990_91_ec_winners vs anderlecht_1994_95_ucl,anderlecht_1994_95_ucl,Filip De Wilde,GK,1,Belgium,408,Anderlecht – 1990s UCL regulars,4-4-2,1994-95,Champions League,Ajax,de_wilde_filip,0.5,0.95,3
60,60,missing_xi_scotland_east_belgium.csv,missing_xi_scotland_east_belgium,Unknown,European Cup Final,red_star_1990_91_ec_winners vs anderlecht_1994_95_ucl,anderlecht_1994_95_ucl,Bertrand Crasson,RB,2,Belgium,408,Anderlecht – 1990s UCL regulars,4-4-2,1994-95,Champions League,Ajax,crasson_bertrand,0.82,0.8,3
60,60,missing_xi_scotland_east_belgium.csv,missing_xi_scotland_east_belgium,Unknown,European Cup Final,red_star_1990_91_ec_winners vs anderlecht_1994_95_ucl,anderlecht_1994_95_ucl,Glen De Boeck,LB,3,Belgium,408,Anderlecht – 1990s UCL regulars,4-4-2,1994-95,Champions League,Ajax,de_boeck_glen,0.18,0.8,3
60,60,missing_xi_scotland_east_belgium.csv,missing_xi_scotland_east_belgium,Unknown,European Cup Final,red_star_1990_91_ec_winners vs anderlecht_1994_95_ucl,anderlecht_1994_95_ucl,Lorenzo Staelens,LCB,4,Belgium,408,Anderlecht – 1990s UCL regulars,4-4-2,1994-95,Champions League,Ajax,staelens_lorenzo,0.35,0.85,3
60,60,missing_xi_scotland_east_belgium.csv,missing_xi_scotland_east_belgium,Unknown,European Cup Final,red_star_1990_91_ec_winners vs anderlecht_1994_95_ucl,anderlecht_1994_95_ucl,Philippe Albert,RCB,5,Belgium,408,Anderlecht – 1990s UCL regulars,4-4-2,1994-95,Champions League,Ajax,albert_philippe,0.65,0.85,3
60,60,missing_xi_scotland_east_belgium.csv,missing_xi_scotland_east_belgium,Unknown,European Cup Final,red_star_1990_91_ec_winners vs anderlecht_1994_95_ucl,anderlecht_1994_95_ucl,Pär Zetterberg,RCM,6,Sweden,408,Anderlecht – 1990s UCL regulars,4-4-2,1994-95,Champions League,Ajax,zetterberg_par,0.62,0.6,3
60,60,missing_xi_scotland_east_belgium.csv,missing_xi_scotland_east_belgium,Unknown,European Cup Final,red_star_1990_91_ec_winners vs anderlecht_1994_95_ucl,anderlecht_1994_95_ucl,Danny Boffin,RM,7,Belgium,408,Anderlecht – 1990s UCL regulars,4-4-2,1994-95,Champions League,Ajax,boffin_danny,0.82,0.6,3
60,60,missing_xi_scotland_east_belgium.csv,missing_xi_scotland_east_belgium,Unknown,European Cup Final,red_star_1990_91_ec_winners vs anderlecht_1994_95_ucl,anderlecht_1994_95_ucl,Johan Walem,LCM,8,Belgium,408,Anderlecht – 1990s UCL regulars,4-4-2,1994-95,Champions League,Ajax,walem_johan,0.38,0.6,3
60,60,missing_xi_scotland_east_belgium.csv,missing_xi_scotland_east_belgium,Unknown,European Cup Final,red_star_1990_91_ec_winners vs anderlecht_1994_95_ucl,anderlecht_1994_95_ucl,Marc Degryse,RST,9,Belgium,408,Anderlecht – 1990s UCL regulars,4-4-2,1994-95,Champions League,Ajax,degryse_marc,0.6,0.2,3
60,60,missing_xi_scotland_east_belgium.csv,missing_xi_scotland_east_belgium,Unknown,European Cup Final,red_star_1990_91_ec_winners vs anderlecht_1994_95_ucl,anderlecht_1994_95_ucl,John Bosman,LST,10,Netherlands,408,Anderlecht – 1990s UCL regulars,4-4-2,1994-95,Champions League,Ajax,bosman_john,0.4,0.2,3
60,60,missing_xi_scotland_east_belgium.csv,missing_xi_scotland_east_belgium,Unknown,European Cup Final,red_star_1990_91_ec_winners vs anderlecht_1994_95_ucl,anderlecht_1994_95_ucl,Luis Oliveira,LM,11,Belgium,408,Anderlecht – 1990s UCL regulars,4-4-2,1994-95,Champions League,Ajax,oliveira_luis,0.18,0.6,3
60,60,missing_xi_scotland_east_belgium.csv,missing_xi_scotland_east_belgium,Unknown,European Cup Final,red_star_1990_91_ec_winners vs anderlecht_1994_95_ucl,red_star_1990_91_ec_winners,Stevan Stojanović,GK,1,Yugoslavia,407,Red Star Belgrade – 1990/91 European Cup winners,4-4-2,1990-91,European Cup Final,Marseille,stojanovic_stevan,0.5,0.95,3
60,60,missing_xi_scotland_east_belgium.csv,missing_xi_scotland_east_belgium,Unknown,European Cup Final,red_star_1990_91_ec_winners vs anderlecht_1994_95_ucl,red_star_1990_91_ec_winners,Vladimir Jugović,RM,2,Yugoslavia,407,Red Star Belgrade – 1990/91 European Cup winners,4-4-2,1990-91,European Cup Final,Marseille,jugovic_vladimir,0.82,0.6,3
60,60,missing_xi_scotland_east_belgium.csv,missing_xi_scotland_east_belgium,Unknown,European Cup Final,red_star_1990_91_ec_winners vs anderlecht_1994_95_ucl,red_star_1990_91_ec_winners,Slobodan Marović,LB,3,Yugoslavia,407,Red Star Belgrade – 1990/91 European Cup winners,4-4-2,1990-91,European Cup Final,Marseille,marovic_slobodan,0.18,0.8,3
60,60,missing_xi_scotland_east_belgium.csv,missing_xi_scotland_east_belgium,Unknown,European Cup Final,red_star_1990_91_ec_winners vs anderlecht_1994_95_ucl,red_star_1990_91_ec_winners,Refik Šabanadžović,RB,4,Yugoslavia,407,Red Star Belgrade – 1990/91 European Cup winners,4-4-2,1990-91,European Cup Final,Marseille,sabanadzovic_refik,0.82,0.8,3
60,60,missing_xi_scotland_east_belgium.csv,missing_xi_scotland_east_belgium,Unknown,European Cup Final,red_star_1990_91_ec_winners vs anderlecht_1994_95_ucl,red_star_1990_91_ec_winners,Robert Prosinečki,LCM,4,Yugoslavia (Croatia),407,Red Star Belgrade – 1990/91 European Cup winners,4-4-2,1990-91,European Cup Final,Marseille,prosinecki_robert,0.38,0.6,3
60,60,missing_xi_scotland_east_belgium.csv,missing_xi_scotland_east_belgium,Unknown,European Cup Final,red_star_1990_91_ec_winners vs anderlecht_1994_95_ucl,red_star_1990_91_ec_winners,Miodrag Belodedici,RCB,5,Romania,407,Red Star Belgrade – 1990/91 European Cup winners,4-4-2,1990-91,European Cup Final,Marseille,belodedici_miodrag,0.65,0.85,3
60,60,missing_xi_scotland_east_belgium.csv,missing_xi_scotland_east_belgium,Unknown,European Cup Final,red_star_1990_91_ec_winners vs anderlecht_1994_95_ucl,red_star_1990_91_ec_winners,Ilija Najdoski,LCB,6,Yugoslavia (Macedonia),407,Red Star Belgrade – 1990/91 European Cup winners,4-4-2,1990-91,European Cup Final,Marseille,najdoski_ilija,0.35,0.85,3
60,60,missing_xi_scotland_east_belgium.csv,missing_xi_scotland_east_belgium,Unknown,European Cup Final,red_star_1990_91_ec_winners vs anderlecht_1994_95_ucl,red_star_1990_91_ec_winners,Siniša Mihajlović,RCM,8,Yugoslavia (Serbia),407,Red Star Belgrade – 1990/91 European Cup winners,4-4-2,1990-91,European Cup Final,Marseille,mihajlovic_sinisa,0.62,0.6,3
60,60,missing_xi_scotland_east_belgium.csv,missing_xi_scotland_east_belgium,Unknown,European Cup Final,red_star_1990_91_ec_winners vs anderlecht_1994_95_ucl,red_star_1990_91_ec_winners,Darko Pančev,LST,9,Yugoslavia (Macedonia),407,Red Star Belgrade – 1990/91 European Cup winners,4-4-2,1990-91,European Cup Final,Marseille,pancev_darko,0.4,0.2,3
60,60,missing_xi_scotland_east_belgium.csv,missing_xi_scotland_east_belgium,Unknown,European Cup Final,red_star_1990_91_ec_winners vs anderlecht_1994_95_ucl,red_star_1990_91_ec_winners,Dejan Savićević,RST,10,Yugoslavia (Montenegro),407,Red Star Belgrade – 1990/91 European Cup winners,4-4-2,1990-91,European Cup Final,Marseille,savicevic_dejan,0.6,0.2,3
60,60,missing_xi_scotland_east_belgium.csv,missing_xi_scotland_east_belgium,Unknown,European Cup Final,red_star_1990_91_ec_winners vs anderlecht_1994_95_ucl,red_star_1990_91_ec_winners,Dragiša Binić,LM,11,Yugoslavia,407,Red Star Belgrade – 1990/91 European Cup winners,4-4-2,1990-91,European Cup Final,Marseille,binic_dragisa,0.18,0.6,3
61,61,missing_xi_scotland_east_belgium.csv,missing_xi_scotland_east_belgium,Unknown,Champions League,club_brugge_2021_22_ucl (single team data),club_brugge_2021_22_ucl,Stanley Nsoki,LCB,4,France,409,Club Brugge – 2021/22 UCL group surprises,4-3-3,2021-22,Champions League,Paris Saint-Germain,nsoki_stanley,0.35,0.85,4
61,61,missing_xi_scotland_east_belgium.csv,missing_xi_scotland_east_belgium,Unknown,Champions League,club_brugge_2021_22_ucl (single team data),club_brugge_2021_22_ucl,Jack Hendry,RCB,5,Scotland,409,Club Brugge – 2021/22 UCL group surprises,4-3-3,2021-22,Champions League,Paris Saint-Germain,hendry_jack,0.65,0.85,4
61,61,missing_xi_scotland_east_belgium.csv,missing_xi_scotland_east_belgium,Unknown,Champions League,club_brugge_2021_22_ucl (single team data),club_brugge_2021_22_ucl,Charles De Ketelaere,LW,10,Belgium,409,Club Brugge – 2021/22 UCL group surprises,4-3-3,2021-22,Champions League,Paris Saint-Germain,de_ketelaere_charles,0.18,0.32,4
61,61,missing_xi_scotland_east_belgium.csv,missing_xi_scotland_east_belgium,Unknown,Champions League,club_brugge_2021_22_ucl (single team data),club_brugge_2021_22_ucl,Federico Ricca,LB,18,Uruguay,409,Club Brugge – 2021/22 UCL group surprises,4-3-3,2021-22,Champions League,Paris Saint-Germain,ricca_federico,0.18,0.8,4
61,61,missing_xi_scotland_east_belgium.csv,missing_xi_scotland_east_belgium,Unknown,Champions League,club_brugge_2021_22_ucl (single team data),club_brugge_2021_22_ucl,Hans Vanaken,DM,20,Belgium,409,Club Brugge – 2021/22 UCL group surprises,4-3-3,2021-22,Champions League,Paris Saint-Germain,vanaken_hans,0.5,0.65,4
61,61,missing_xi_scotland_east_belgium.csv,missing_xi_scotland_east_belgium,Unknown,Champions League,club_brugge_2021_22_ucl (single team data),club_brugge_2021_22_ucl,Simon Mignolet,GK,22,Belgium,409,Club Brugge – 2021/22 UCL group surprises,4-3-3,2021-22,Champions League,Paris Saint-Germain,mignolet_simon,0.5,0.95,4
61,61,missing_xi_scotland_east_belgium.csv,missing_xi_scotland_east_belgium,Unknown,Champions League,club_brugge_2021_22_ucl (single team data),club_brugge_2021_22_ucl,Mats Rits,RCM,26,Belgium,409,Club Brugge – 2021/22 UCL group surprises,4-3-3,2021-22,Champions League,Paris Saint-Germain,rits_mats,0.62,0.6,4
61,61,missing_xi_scotland_east_belgium.csv,missing_xi_scotland_east_belgium,Unknown,Champions League,club_brugge_2021_22_ucl (single team data),club_brugge_2021_22_ucl,Eder Balanta,LCM,27,Colombia,409,Club Brugge – 2021/22 UCL group surprises,4-3-3,2021-22,Champions League,Paris Saint-Germain,balanta_eder,0.38,0.6,4
61,61,missing_xi_scotland_east_belgium.csv,missing_xi_scotland_east_belgium,Unknown,Champions League,club_brugge_2021_22_ucl (single team data),club_brugge_2021_22_ucl,Bas Dost,ST,29,Netherlands,409,Club Brugge – 2021/22 UCL group surprises,4-3-3,2021-22,Champions League,Paris Saint-Germain,dost_bas,0.5,0.18,4
61,61,missing_xi_scotland_east_belgium.csv,missing_xi_scotland_east_belgium,Unknown,Champions League,club_brugge_2021_22_ucl (single team data),club_brugge_2021_22_ucl,Clinton Mata,RB,77,Angola,409,Club Brugge – 2021/22 UCL group surprises,4-3-3,2021-22,Champions League,Paris Saint-Germain,mata_clinton,0.82,0.8,4
61,61,missing_xi_scotland_east_belgium.csv,missing_xi_scotland_east_belgium,Unknown,Champions League,club_brugge_2021_22_ucl (single team data),club_brugge_2021_22_ucl,Noa Lang,RW,90,Netherlands,409,Club Brugge – 2021/22 UCL group surprises,4-3-3,2021-22,Champions League,Paris Saint-Germain,lang_noa,0.82,0.32,4
62,62,missing_xi_spain_batch2.csv,missing_xi_spain_batch2,Unknown,La Liga,atletico_madrid_2013_14_la_liga vs atletico_madrid_2017_18_europa,atletico_madrid_2013_14_la_liga,Diego Godín,RCB,2,Uruguay,31,"Atlético Madrid – 2013/14 La Liga winners, UCL finalists",4-4-2,2013-14,La Liga,Barcelona,godin_diego,0.65,0.85,0
62,62,missing_xi_spain_batch2.csv,missing_xi_spain_batch2,Unknown,La Liga,atletico_madrid_2013_14_la_liga vs atletico_madrid_2017_18_europa,atletico_madrid_2013_14_la_liga,Filipe Luís,LB,3,Brazil,31,"Atlético Madrid – 2013/14 La Liga winners, UCL finalists",4-4-2,2013-14,La Liga,Barcelona,filipe_luis,0.18,0.8,0
62,62,missing_xi_spain_batch2.csv,missing_xi_spain_batch2,Unknown,La Liga,atletico_madrid_2013_14_la_liga vs atletico_madrid_2017_18_europa,atletico_madrid_2013_14_la_liga,Koke,LCM,6,Spain,31,"Atlético Madrid – 2013/14 La Liga winners, UCL finalists",4-4-2,2013-14,La Liga,Barcelona,koke,0.38,0.6,0
62,62,missing_xi_spain_batch2.csv,missing_xi_spain_batch2,Unknown,La Liga,atletico_madrid_2013_14_la_liga vs atletico_madrid_2017_18_europa,atletico_madrid_2013_14_la_liga,David Villa,LST,7,Spain,31,"Atlético Madrid – 2013/14 La Liga winners, UCL finalists",4-4-2,2013-14,La Liga,Barcelona,villa_david,0.4,0.2,0
62,62,missing_xi_spain_batch2.csv,missing_xi_spain_batch2,Unknown,La Liga,atletico_madrid_2013_14_la_liga vs atletico_madrid_2017_18_europa,atletico_madrid_2013_14_la_liga,Raúl García,RM,8,Spain,31,"Atlético Madrid – 2013/14 La Liga winners, UCL finalists",4-4-2,2013-14,La Liga,Barcelona,garcia_raul,0.82,0.6,0
62,62,missing_xi_spain_batch2.csv,missing_xi_spain_batch2,Unknown,La Liga,atletico_madrid_2013_14_la_liga vs atletico_madrid_2017_18_europa,atletico_madrid_2013_14_la_liga,Arda Turan,LM,10,Turkey,31,"Atlético Madrid – 2013/14 La Liga winners, UCL finalists",4-4-2,2013-14,La Liga,Barcelona,turan_arda,0.18,0.6,0
62,62,missing_xi_spain_batch2.csv,missing_xi_spain_batch2,Unknown,La Liga,atletico_madrid_2013_14_la_liga vs atletico_madrid_2017_18_europa,atletico_madrid_2013_14_la_liga,Thibaut Courtois,GK,13,Belgium,31,"Atlético Madrid – 2013/14 La Liga winners, UCL finalists",4-4-2,2013-14,La Liga,Barcelona,courtois_thibaut,0.5,0.95,0
62,62,missing_xi_spain_batch2.csv,missing_xi_spain_batch2,Unknown,La Liga,atletico_madrid_2013_14_la_liga vs atletico_madrid_2017_18_europa,atletico_madrid_2013_14_la_liga,Gabi,RCM,14,Spain,31,"Atlético Madrid – 2013/14 La Liga winners, UCL finalists",4-4-2,2013-14,La Liga,Barcelona,gabi,0.62,0.6,0
62,62,missing_xi_spain_batch2.csv,missing_xi_spain_batch2,Unknown,La Liga,atletico_madrid_2013_14_la_liga vs atletico_madrid_2017_18_europa,atletico_madrid_2013_14_la_liga,Diego Costa,RST,19,Spain,31,"Atlético Madrid – 2013/14 La Liga winners, UCL finalists",4-4-2,2013-14,La Liga,Barcelona,costa_diego,0.6,0.2,0
62,62,missing_xi_spain_batch2.csv,missing_xi_spain_batch2,Unknown,La Liga,atletico_madrid_2013_14_la_liga vs atletico_madrid_2017_18_europa,atletico_madrid_2013_14_la_liga,Juanfran,RB,20,Spain,31,"Atlético Madrid – 2013/14 La Liga winners, UCL finalists",4-4-2,2013-14,La Liga,Barcelona,juanfran,0.82,0.8,0
62,62,missing_xi_spain_batch2.csv,missing_xi_spain_batch2,Unknown,La Liga,atletico_madrid_2013_14_la_liga vs atletico_madrid_2017_18_europa,atletico_madrid_2013_14_la_liga,Miranda,LCB,23,Brazil,31,"Atlético Madrid – 2013/14 La Liga winners, UCL finalists",4-4-2,2013-14,La Liga,Barcelona,miranda_joao,0.35,0.85,0
62,62,missing_xi_spain_batch2.csv,missing_xi_spain_batch2,Unknown,La Liga,atletico_madrid_2013_14_la_liga vs atletico_madrid_2017_18_europa,atletico_madrid_2017_18_europa,Diego Godín,RCB,2,Uruguay,32,Atlético Madrid – 2017/18 Europa League winners,4-4-2,2017-18,La Liga,Sevilla,godin_diego,0.65,0.85,0
62,62,missing_xi_spain_batch2.csv,missing_xi_spain_batch2,Unknown,La Liga,atletico_madrid_2013_14_la_liga vs atletico_madrid_2017_18_europa,atletico_madrid_2017_18_europa,Filipe Luís,LB,3,Brazil,32,Atlético Madrid – 2017/18 Europa League winners,4-4-2,2017-18,La Liga,Sevilla,filipe_luis,0.18,0.8,0
62,62,missing_xi_spain_batch2.csv,missing_xi_spain_batch2,Unknown,La Liga,atletico_madrid_2013_14_la_liga vs atletico_madrid_2017_18_europa,atletico_madrid_2017_18_europa,Koke,LCM,6,Spain,32,Atlético Madrid – 2017/18 Europa League winners,4-4-2,2017-18,La Liga,Sevilla,koke,0.38,0.6,0
62,62,missing_xi_spain_batch2.csv,missing_xi_spain_batch2,Unknown,La Liga,atletico_madrid_2013_14_la_liga vs atletico_madrid_2017_18_europa,atletico_madrid_2017_18_europa,Antoine Griezmann,RST,7,France,32,Atlético Madrid – 2017/18 Europa League winners,4-4-2,2017-18,La Liga,Sevilla,griezmann_antoine,0.6,0.2,0
62,62,missing_xi_spain_batch2.csv,missing_xi_spain_batch2,Unknown,La Liga,atletico_madrid_2013_14_la_liga vs atletico_madrid_2017_18_europa,atletico_madrid_2017_18_europa,Saúl Ñíguez,LM,8,Spain,32,Atlético Madrid – 2017/18 Europa League winners,4-4-2,2017-18,La Liga,Sevilla,saul_niguez,0.18,0.6,0
62,62,missing_xi_spain_batch2.csv,missing_xi_spain_batch2,Unknown,La Liga,atletico_madrid_2013_14_la_liga vs atletico_madrid_2017_18_europa,atletico_madrid_2017_18_europa,Fernando Torres,LST,9,Spain,32,Atlético Madrid – 2017/18 Europa League winners,4-4-2,2017-18,La Liga,Sevilla,torres_fernando,0.4,0.2,0
62,62,missing_xi_spain_batch2.csv,missing_xi_spain_batch2,Unknown,La Liga,atletico_madrid_2013_14_la_liga vs atletico_madrid_2017_18_europa,atletico_madrid_2017_18_europa,Ángel Correa,RM,11,Argentina,32,Atlético Madrid – 2017/18 Europa League winners,4-4-2,2017-18,La Liga,Sevilla,correa_angel,0.82,0.6,0
62,62,missing_xi_spain_batch2.csv,missing_xi_spain_batch2,Unknown,La Liga,atletico_madrid_2013_14_la_liga vs atletico_madrid_2017_18_europa,atletico_madrid_2017_18_europa,Jan Oblak,GK,13,Slovenia,32,Atlético Madrid – 2017/18 Europa League winners,4-4-2,2017-18,La Liga,Sevilla,oblak_jan,0.5,0.95,0
62,62,missing_xi_spain_batch2.csv,missing_xi_spain_batch2,Unknown,La Liga,atletico_madrid_2013_14_la_liga vs atletico_madrid_2017_18_europa,atletico_madrid_2017_18_europa,Gabi,RCM,14,Spain,32,Atlético Madrid – 2017/18 Europa League winners,4-4-2,2017-18,La Liga,Sevilla,gabi,0.62,0.6,0
62,62,missing_xi_spain_batch2.csv,missing_xi_spain_batch2,Unknown,La Liga,atletico_madrid_2013_14_la_liga vs atletico_madrid_2017_18_europa,atletico_madrid_2017_18_europa,Stefan Savić,LCB,15,Montenegro,32,Atlético Madrid – 2017/18 Europa League winners,4-4-2,2017-18,La Liga,Sevilla,savic_stefan,0.35,0.85,0
62,62,missing_xi_spain_batch2.csv,missing_xi_spain_batch2,Unknown,La Liga,atletico_madrid_2013_14_la_liga vs atletico_madrid_2017_18_europa,atletico_madrid_2017_18_europa,Juanfran,RB,20,Spain,32,Atlético Madrid – 2017/18 Europa League winners,4-4-2,2017-18,La Liga,Sevilla,juanfran,0.82,0.8,0
63,63,missing_xi_spain_batch2.csv,missing_xi_spain_batch2,Unknown,La Liga,valencia_1999_2000_ucl_finalists vs valencia_2001_02_ucl_finalists,valencia_1999_2000_ucl_finalists,Santiago Cañizares,GK,1,Spain,33,Valencia – 1999/2000 Champions League finalists,4-4-2,1999-2000,La Liga,Deportivo La Coruña,canizares_santiago,0.5,0.95,1
63,63,missing_xi_spain_batch2.csv,missing_xi_spain_batch2,Unknown,La Liga,valencia_1999_2000_ucl_finalists vs valencia_2001_02_ucl_finalists,valencia_1999_2000_ucl_finalists,Curro Torres,RB,2,Spain,33,Valencia – 1999/2000 Champions League finalists,4-4-2,1999-2000,La Liga,Deportivo La Coruña,torres_curro,0.82,0.8,1
63,63,missing_xi_spain_batch2.csv,missing_xi_spain_batch2,Unknown,La Liga,valencia_1999_2000_ucl_finalists vs valencia_2001_02_ucl_finalists,valencia_1999_2000_ucl_finalists,Amedeo Carboni,LB,3,Italy,33,Valencia – 1999/2000 Champions League finalists,4-4-2,1999-2000,La Liga,Deportivo La Coruña,carboni_amedeo,0.18,0.8,1
63,63,missing_xi_spain_batch2.csv,missing_xi_spain_batch2,Unknown,La Liga,valencia_1999_2000_ucl_finalists vs valencia_2001_02_ucl_finalists,valencia_1999_2000_ucl_finalists,Mauricio Pellegrino,LCB,4,Argentina,33,Valencia – 1999/2000 Champions League finalists,4-4-2,1999-2000,La Liga,Deportivo La Coruña,pellegrino_mauricio,0.35,0.85,1
63,63,missing_xi_spain_batch2.csv,missing_xi_spain_batch2,Unknown,La Liga,valencia_1999_2000_ucl_finalists vs valencia_2001_02_ucl_finalists,valencia_1999_2000_ucl_finalists,Mihaijlo Pankov,RCB,5,Serbia,33,Valencia – 1999/2000 Champions League finalists,4-4-2,1999-2000,La Liga,Deportivo La Coruña,pankov_mihaijlo,0.65,0.85,1
63,63,missing_xi_spain_batch2.csv,missing_xi_spain_batch2,Unknown,La Liga,valencia_1999_2000_ucl_finalists vs valencia_2001_02_ucl_finalists,valencia_1999_2000_ucl_finalists,Kily González,LCM,6,Argentina,33,Valencia – 1999/2000 Champions League finalists,4-4-2,1999-2000,La Liga,Deportivo La Coruña,gonzalez_kily,0.38,0.6,1
63,63,missing_xi_spain_batch2.csv,missing_xi_spain_batch2,Unknown,La Liga,valencia_1999_2000_ucl_finalists vs valencia_2001_02_ucl_finalists,valencia_1999_2000_ucl_finalists,Francisco Rufete,RM,7,Spain,33,Valencia – 1999/2000 Champions League finalists,4-4-2,1999-2000,La Liga,Deportivo La Coruña,rufete_francisco,0.82,0.6,1
63,63,missing_xi_spain_batch2.csv,missing_xi_spain_batch2,Unknown,La Liga,valencia_1999_2000_ucl_finalists vs valencia_2001_02_ucl_finalists,valencia_1999_2000_ucl_finalists,Gaizka Mendieta,RCM,8,Spain,33,Valencia – 1999/2000 Champions League finalists,4-4-2,1999-2000,La Liga,Deportivo La Coruña,mendieta_gaizka,0.62,0.6,1
63,63,missing_xi_spain_batch2.csv,missing_xi_spain_batch2,Unknown,La Liga,valencia_1999_2000_ucl_finalists vs valencia_2001_02_ucl_finalists,valencia_1999_2000_ucl_finalists,Claudio López,RST,9,Argentina,33,Valencia – 1999/2000 Champions League finalists,4-4-2,1999-2000,La Liga,Deportivo La Coruña,lopez_claudio,0.6,0.2,1
63,63,missing_xi_spain_batch2.csv,missing_xi_spain_batch2,Unknown,La Liga,valencia_1999_2000_ucl_finalists vs valencia_2001_02_ucl_finalists,valencia_1999_2000_ucl_finalists,Miguel Ángel Angulo,LST,10,Spain,33,Valencia – 1999/2000 Champions League finalists,4-4-2,1999-2000,La Liga,Deportivo La Coruña,angulo_miguel_angel,0.4,0.2,1
63,63,missing_xi_spain_batch2.csv,missing_xi_spain_batch2,Unknown,La Liga,valencia_1999_2000_ucl_finalists vs valencia_2001_02_ucl_finalists,valencia_1999_2000_ucl_finalists,Adrian Ilie,LM,11,Romania,33,Valencia – 1999/2000 Champions League finalists,4-4-2,1999-2000,La Liga,Deportivo La Coruña,ilie_adrian,0.18,0.6,1
63,63,missing_xi_spain_batch2.csv,missing_xi_spain_batch2,Unknown,La Liga,valencia_1999_2000_ucl_finalists vs valencia_2001_02_ucl_finalists,valencia_2001_02_ucl_finalists,Santiago Cañizares,GK,1,Spain,34,Valencia – 2001/02 Champions League finalists,4-4-2,2001-02,La Liga,Real Madrid,canizares_santiago,0.5,0.95,1
63,63,missing_xi_spain_batch2.csv,missing_xi_spain_batch2,Unknown,La Liga,valencia_1999_2000_ucl_finalists vs valencia_2001_02_ucl_finalists,valencia_2001_02_ucl_finalists,Curro Torres,RB,2,Spain,34,Valencia – 2001/02 Champions League finalists,4-4-2,2001-02,La Liga,Real Madrid,torres_curro,0.82,0.8,1
63,63,missing_xi_spain_batch2.csv,missing_xi_spain_batch2,Unknown,La Liga,valencia_1999_2000_ucl_finalists vs valencia_2001_02_ucl_finalists,valencia_2001_02_ucl_finalists,Amedeo Carboni,LB,3,Italy,34,Valencia – 2001/02 Champions League finalists,4-4-2,2001-02,La Liga,Real Madrid,carboni_amedeo,0.18,0.8,1
63,63,missing_xi_spain_batch2.csv,missing_xi_spain_batch2,Unknown,La Liga,valencia_1999_2000_ucl_finalists vs valencia_2001_02_ucl_finalists,valencia_2001_02_ucl_finalists,Mauricio Pellegrino,LCB,4,Argentina,34,Valencia – 2001/02 Champions League finalists,4-4-2,2001-02,La Liga,Real Madrid,pellegrino_mauricio,0.35,0.85,1
63,63,missing_xi_spain_batch2.csv,missing_xi_spain_batch2,Unknown,La Liga,valencia_1999_2000_ucl_finalists vs valencia_2001_02_ucl_finalists,valencia_2001_02_ucl_finalists,Roberto Ayala,RCB,5,Argentina,34,Valencia – 2001/02 Champions League finalists,4-4-2,2001-02,La Liga,Real Madrid,ayala_roberto,0.65,0.85,1
63,63,missing_xi_spain_batch2.csv,missing_xi_spain_batch2,Unknown,La Liga,valencia_1999_2000_ucl_finalists vs valencia_2001_02_ucl_finalists,valencia_2001_02_ucl_finalists,Rubén Baraja,LCM,6,Spain,34,Valencia – 2001/02 Champions League finalists,4-4-2,2001-02,La Liga,Real Madrid,baraja_ruben,0.38,0.6,1
63,63,missing_xi_spain_batch2.csv,missing_xi_spain_batch2,Unknown,La Liga,valencia_1999_2000_ucl_finalists vs valencia_2001_02_ucl_finalists,valencia_2001_02_ucl_finalists,Francisco Rufete,RM,7,Spain,34,Valencia – 2001/02 Champions League finalists,4-4-2,2001-02,La Liga,Real Madrid,rufete_francisco,0.82,0.6,1
63,63,missing_xi_spain_batch2.csv,missing_xi_spain_batch2,Unknown,La Liga,valencia_1999_2000_ucl_finalists vs valencia_2001_02_ucl_finalists,valencia_2001_02_ucl_finalists,David Albelda,RCM,8,Spain,34,Valencia – 2001/02 Champions League finalists,4-4-2,2001-02,La Liga,Real Madrid,albelda_david,0.62,0.6,1
63,63,missing_xi_spain_batch2.csv,missing_xi_spain_batch2,Unknown,La Liga,valencia_1999_2000_ucl_finalists vs valencia_2001_02_ucl_finalists,valencia_2001_02_ucl_finalists,Juan Sánchez,RST,9,Spain,34,Valencia – 2001/02 Champions League finalists,4-4-2,2001-02,La Liga,Real Madrid,sanchez_juan,0.6,0.2,1
63,63,missing_xi_spain_batch2.csv,missing_xi_spain_batch2,Unknown,La Liga,valencia_1999_2000_ucl_finalists vs valencia_2001_02_ucl_finalists,valencia_2001_02_ucl_finalists,Mista,LST,10,Spain,34,Valencia – 2001/02 Champions League finalists,4-4-2,2001-02,La Liga,Real Madrid,mista,0.4,0.2,1
63,63,missing_xi_spain_batch2.csv,missing_xi_spain_batch2,Unknown,La Liga,valencia_1999_2000_ucl_finalists vs valencia_2001_02_ucl_finalists,valencia_2001_02_ucl_finalists,Kily González,LM,11,Argentina,34,Valencia – 2001/02 Champions League finalists,4-4-2,2001-02,La Liga,Real Madrid,gonzalez_kily,0.18,0.6,1
64,64,missing_xi_spain_batch2.csv,missing_xi_spain_batch2,Unknown,La Liga,sevilla_2005_06_uefa_cup vs sevilla_2013_14_europa,sevilla_2005_06_uefa_cup,Andrés Palop,GK,1,Spain,35,Sevilla – 2005/06 UEFA Cup winners,4-4-2,2005-06,La Liga,Real Betis,palop_andres,0.5,0.95,2
64,64,missing_xi_spain_batch2.csv,missing_xi_spain_batch2,Unknown,La Liga,sevilla_2005_06_uefa_cup vs sevilla_2013_14_europa,sevilla_2005_06_uefa_cup,Dani Alves,RB,2,Brazil,35,Sevilla – 2005/06 UEFA Cup winners,4-4-2,2005-06,La Liga,Real Betis,alves_dani,0.82,0.8,2
64,64,missing_xi_spain_batch2.csv,missing_xi_spain_batch2,Unknown,La Liga,sevilla_2005_06_uefa_cup vs sevilla_2013_14_europa,sevilla_2005_06_uefa_cup,Antonio Puerta,LB,3,Spain,35,Sevilla – 2005/06 UEFA Cup winners,4-4-2,2005-06,La Liga,Real Betis,puerta_antonio,0.18,0.8,2
64,64,missing_xi_spain_batch2.csv,missing_xi_spain_batch2,Unknown,La Liga,sevilla_2005_06_uefa_cup vs sevilla_2013_14_europa,sevilla_2005_06_uefa_cup,Julien Escudé,LCB,4,France,35,Sevilla – 2005/06 UEFA Cup winners,4-4-2,2005-06,La Liga,Real Betis,escude_julien,0.35,0.85,2
64,64,missing_xi_spain_batch2.csv,missing_xi_spain_batch2,Unknown,La Liga,sevilla_2005_06_uefa_cup vs sevilla_2013_14_europa,sevilla_2005_06_uefa_cup,Javi Navarro,RCB,5,Spain,35,Sevilla – 2005/06 UEFA Cup winners,4-4-2,2005-06,La Liga,Real Betis,navarro_javi,0.65,0.85,2
64,64,missing_xi_spain_batch2.csv,missing_xi_spain_batch2,Unknown,La Liga,sevilla_2005_06_uefa_cup vs sevilla_2013_14_europa,sevilla_2005_06_uefa_cup,Enzo Maresca,LCM,6,Italy,35,Sevilla – 2005/06 UEFA Cup winners,4-4-2,2005-06,La Liga,Real Betis,maresca_enzo,0.38,0.6,2
64,64,missing_xi_spain_batch2.csv,missing_xi_spain_batch2,Unknown,La Liga,sevilla_2005_06_uefa_cup vs sevilla_2013_14_europa,sevilla_2005_06_uefa_cup,Jesús Navas,RM,7,Spain,35,Sevilla – 2005/06 UEFA Cup winners,4-4-2,2005-06,La Liga,Real Betis,navas_jesus,0.82,0.6,2
64,64,missing_xi_spain_batch2.csv,missing_xi_spain_batch2,Unknown,La Liga,sevilla_2005_06_uefa_cup vs sevilla_2013_14_europa,sevilla_2005_06_uefa_cup,Martí,RCM,8,Spain,35,Sevilla – 2005/06 UEFA Cup winners,4-4-2,2005-06,La Liga,Real Betis,marti,0.62,0.6,2
64,64,missing_xi_spain_batch2.csv,missing_xi_spain_batch2,Unknown,La Liga,sevilla_2005_06_uefa_cup vs sevilla_2013_14_europa,sevilla_2005_06_uefa_cup,Frédéric Kanouté,RST,9,Mali,35,Sevilla – 2005/06 UEFA Cup winners,4-4-2,2005-06,La Liga,Real Betis,kanoute_frederic,0.6,0.2,2
64,64,missing_xi_spain_batch2.csv,missing_xi_spain_batch2,Unknown,La Liga,sevilla_2005_06_uefa_cup vs sevilla_2013_14_europa,sevilla_2005_06_uefa_cup,Javier Saviola,LST,10,Argentina,35,Sevilla – 2005/06 UEFA Cup winners,4-4-2,2005-06,La Liga,Real Betis,saviola_javier,0.4,0.2,2
64,64,missing_xi_spain_batch2.csv,missing_xi_spain_batch2,Unknown,La Liga,sevilla_2005_06_uefa_cup vs sevilla_2013_14_europa,sevilla_2005_06_uefa_cup,Adriano,LM,11,Brazil,35,Sevilla – 2005/06 UEFA Cup winners,4-4-2,2005-06,La Liga,Real Betis,adriano_correia,0.18,0.6,2
64,64,missing_xi_spain_batch2.csv,missing_xi_spain_batch2,Unknown,La Liga,sevilla_2005_06_uefa_cup vs sevilla_2013_14_europa,sevilla_2013_14_europa,Beto,GK,1,Portugal,36,Sevilla – 2013/14 Europa League winners,4-2-3-1,2013-14,La Liga,Valencia,beto,0.5,0.95,2
64,64,missing_xi_spain_batch2.csv,missing_xi_spain_batch2,Unknown,La Liga,sevilla_2005_06_uefa_cup vs sevilla_2013_14_europa,sevilla_2013_14_europa,Alberto Moreno,LB,3,Spain,36,Sevilla – 2013/14 Europa League winners,4-2-3-1,2013-14,La Liga,Valencia,moreno_alberto,0.18,0.8,2
64,64,missing_xi_spain_batch2.csv,missing_xi_spain_batch2,Unknown,La Liga,sevilla_2005_06_uefa_cup vs sevilla_2013_14_europa,sevilla_2013_14_europa,José Antonio Reyes,RAM,7,Spain,36,Sevilla – 2013/14 Europa League winners,4-2-3-1,2013-14,La Liga,Valencia,reyes_jose_antonio,0.78,0.45,2
64,64,missing_xi_spain_batch2.csv,missing_xi_spain_batch2,Unknown,La Liga,sevilla_2005_06_uefa_cup vs sevilla_2013_14_europa,sevilla_2013_14_europa,Ivan Rakitić,CAM,10,Croatia,36,Sevilla – 2013/14 Europa League winners,4-2-3-1,2013-14,La Liga,Valencia,rakitic_ivan,0.5,0.42,2
64,64,missing_xi_spain_batch2.csv,missing_xi_spain_batch2,Unknown,La Liga,sevilla_2005_06_uefa_cup vs sevilla_2013_14_europa,sevilla_2013_14_europa,Vitolo,LAM,11,Spain,36,Sevilla – 2013/14 Europa League winners,4-2-3-1,2013-14,La Liga,Valencia,vitolo,0.22,0.45,2
64,64,missing_xi_spain_batch2.csv,missing_xi_spain_batch2,Unknown,La Liga,sevilla_2005_06_uefa_cup vs sevilla_2013_14_europa,sevilla_2013_14_europa,Iborra,RDM,12,Spain,36,Sevilla – 2013/14 Europa League winners,4-2-3-1,2013-14,La Liga,Valencia,iborra_vicente,0.6,0.68,2
64,64,missing_xi_spain_batch2.csv,missing_xi_spain_batch2,Unknown,La Liga,sevilla_2005_06_uefa_cup vs sevilla_2013_14_europa,sevilla_2013_14_europa,Coke,RB,16,Spain,36,Sevilla – 2013/14 Europa League winners,4-2-3-1,2013-14,La Liga,Valencia,coke,0.82,0.8,2
64,64,missing_xi_spain_batch2.csv,missing_xi_spain_batch2,Unknown,La Liga,sevilla_2005_06_uefa_cup vs sevilla_2013_14_europa,sevilla_2013_14_europa,MBia,LDM,18,Cameroon,36,Sevilla – 2013/14 Europa League winners,4-2-3-1,2013-14,La Liga,Valencia,mbia_stéphane,0.4,0.68,2
64,64,missing_xi_spain_batch2.csv,missing_xi_spain_batch2,Unknown,La Liga,sevilla_2005_06_uefa_cup vs sevilla_2013_14_europa,sevilla_2013_14_europa,Carlos Bacca,ST,19,Colombia,36,Sevilla – 2013/14 Europa League winners,4-2-3-1,2013-14,La Liga,Valencia,bacca_carlos,0.5,0.18,2
64,64,missing_xi_spain_batch2.csv,missing_xi_spain_batch2,Unknown,La Liga,sevilla_2005_06_uefa_cup vs sevilla_2013_14_europa,sevilla_2013_14_europa,Nicolás Pareja,RCB,21,Argentina,36,Sevilla – 2013/14 Europa League winners,4-2-3-1,2013-14,La Liga,Valencia,pareja_nicolas,0.65,0.85,2
64,64,missing_xi_spain_batch2.csv,missing_xi_spain_batch2,Unknown,La Liga,sevilla_2005_06_uefa_cup vs sevilla_2013_14_europa,sevilla_2013_14_europa,Carriço,LCB,23,Portugal,36,Sevilla – 2013/14 Europa League winners,4-2-3-1,2013-14,La Liga,Valencia,carrico_daniel,0.35,0.85,2
65,65,missing_xi_spain_batch2.csv,missing_xi_spain_batch2,Unknown,La Liga,sevilla_2019_20_europa vs deportivo_2003_04_ucl_sf,deportivo_2003_04_ucl_sf,José Molina,GK,1,Spain,38,Deportivo La Coruña – 2003/04 Champions League semifinalists,4-2-3-1,2003-04,La Liga,Real Madrid,molina_jose,0.5,0.95,3
65,65,missing_xi_spain_batch2.csv,missing_xi_spain_batch2,Unknown,La Liga,sevilla_2019_20_europa vs deportivo_2003_04_ucl_sf,deportivo_2003_04_ucl_sf,Manuel Pablo,RB,2,Spain,38,Deportivo La Coruña – 2003/04 Champions League semifinalists,4-2-3-1,2003-04,La Liga,Real Madrid,manuel_pablo,0.82,0.8,3
65,65,missing_xi_spain_batch2.csv,missing_xi_spain_batch2,Unknown,La Liga,sevilla_2019_20_europa vs deportivo_2003_04_ucl_sf,deportivo_2003_04_ucl_sf,Capdevila,LB,3,Spain,38,Deportivo La Coruña – 2003/04 Champions League semifinalists,4-2-3-1,2003-04,La Liga,Real Madrid,capdevila_joan,0.18,0.8,3
65,65,missing_xi_spain_batch2.csv,missing_xi_spain_batch2,Unknown,La Liga,sevilla_2019_20_europa vs deportivo_2003_04_ucl_sf,deportivo_2003_04_ucl_sf,César,LCB,4,Spain,38,Deportivo La Coruña – 2003/04 Champions League semifinalists,4-2-3-1,2003-04,La Liga,Real Madrid,cesar_deportivo,0.35,0.85,3
65,65,missing_xi_spain_batch2.csv,missing_xi_spain_batch2,Unknown,La Liga,sevilla_2019_20_europa vs deportivo_2003_04_ucl_sf,deportivo_2003_04_ucl_sf,Jorge Andrade,RCB,5,Portugal,38,Deportivo La Coruña – 2003/04 Champions League semifinalists,4-2-3-1,2003-04,La Liga,Real Madrid,andrade_jorge,0.65,0.85,3
65,65,missing_xi_spain_batch2.csv,missing_xi_spain_batch2,Unknown,La Liga,sevilla_2019_20_europa vs deportivo_2003_04_ucl_sf,deportivo_2003_04_ucl_sf,Aldo Duscher,RDM,6,Argentina,38,Deportivo La Coruña – 2003/04 Champions League semifinalists,4-2-3-1,2003-04,La Liga,Real Madrid,duscher_aldo,0.6,0.68,3
65,65,missing_xi_spain_batch2.csv,missing_xi_spain_batch2,Unknown,La Liga,sevilla_2019_20_europa vs deportivo_2003_04_ucl_sf,deportivo_2003_04_ucl_sf,Albert Luque,LAM,7,Spain,38,Deportivo La Coruña – 2003/04 Champions League semifinalists,4-2-3-1,2003-04,La Liga,Real Madrid,luque_albert,0.22,0.45,3
65,65,missing_xi_spain_batch2.csv,missing_xi_spain_batch2,Unknown,La Liga,sevilla_2019_20_europa vs deportivo_2003_04_ucl_sf,deportivo_2003_04_ucl_sf,Mauro Silva,LDM,8,Brazil,38,Deportivo La Coruña – 2003/04 Champions League semifinalists,4-2-3-1,2003-04,La Liga,Real Madrid,mauro_silva,0.4,0.68,3
65,65,missing_xi_spain_batch2.csv,missing_xi_spain_batch2,Unknown,La Liga,sevilla_2019_20_europa vs deportivo_2003_04_ucl_sf,deportivo_2003_04_ucl_sf,Walter Pandiani,ST,9,Uruguay,38,Deportivo La Coruña – 2003/04 Champions League semifinalists,4-2-3-1,2003-04,La Liga,Real Madrid,pandiani_walter,0.5,0.18,3
65,65,missing_xi_spain_batch2.csv,missing_xi_spain_batch2,Unknown,La Liga,sevilla_2019_20_europa vs deportivo_2003_04_ucl_sf,deportivo_2003_04_ucl_sf,Juan Carlos Valerón,CAM,10,Spain,38,Deportivo La Coruña – 2003/04 Champions League semifinalists,4-2-3-1,2003-04,La Liga,Real Madrid,valeron_juan_carlos,0.5,0.42,3
65,65,missing_xi_spain_batch2.csv,missing_xi_spain_batch2,Unknown,La Liga,sevilla_2019_20_europa vs deportivo_2003_04_ucl_sf,deportivo_2003_04_ucl_sf,Víctor Sánchez,RAM,11,Spain,38,Deportivo La Coruña – 2003/04 Champions League semifinalists,4-2-3-1,2003-04,La Liga,Real Madrid,victor_sanchez,0.78,0.45,3
65,65,missing_xi_spain_batch2.csv,missing_xi_spain_batch2,Unknown,La Liga,sevilla_2019_20_europa vs deportivo_2003_04_ucl_sf,sevilla_2019_20_europa,Tomas Vaclik,GK,1,Czech Republic,37,Sevilla – 2019/20 Europa League winners,4-3-3,2019-20,La Liga,Real Sociedad,vaclik_tomas,0.5,0.95,3
65,65,missing_xi_spain_batch2.csv,missing_xi_spain_batch2,Unknown,La Liga,sevilla_2019_20_europa vs deportivo_2003_04_ucl_sf,sevilla_2019_20_europa,Lucas Ocampos,LW,5,Argentina,37,Sevilla – 2019/20 Europa League winners,4-3-3,2019-20,La Liga,Real Sociedad,ocampos_lucas,0.18,0.32,3
65,65,missing_xi_spain_batch2.csv,missing_xi_spain_batch2,Unknown,La Liga,sevilla_2019_20_europa vs deportivo_2003_04_ucl_sf,sevilla_2019_20_europa,Suso,RW,7,Spain,37,Sevilla – 2019/20 Europa League winners,4-3-3,2019-20,La Liga,Real Sociedad,suso,0.82,0.32,3
65,65,missing_xi_spain_batch2.csv,missing_xi_spain_batch2,Unknown,La Liga,sevilla_2019_20_europa vs deportivo_2003_04_ucl_sf,sevilla_2019_20_europa,Éver Banega,RCM,10,Argentina,37,Sevilla – 2019/20 Europa League winners,4-3-3,2019-20,La Liga,Real Sociedad,banega_ever,0.62,0.6,3
65,65,missing_xi_spain_batch2.csv,missing_xi_spain_batch2,Unknown,La Liga,sevilla_2019_20_europa vs deportivo_2003_04_ucl_sf,sevilla_2019_20_europa,Jules Koundé,LCB,12,France,37,Sevilla – 2019/20 Europa League winners,4-3-3,2019-20,La Liga,Real Sociedad,kounde_jules,0.35,0.85,3
65,65,missing_xi_spain_batch2.csv,missing_xi_spain_batch2,Unknown,La Liga,sevilla_2019_20_europa vs deportivo_2003_04_ucl_sf,sevilla_2019_20_europa,Jesús Navas,RB,16,Spain,37,Sevilla – 2019/20 Europa League winners,4-3-3,2019-20,La Liga,Real Sociedad,navas_jesus,0.82,0.8,3
65,65,missing_xi_spain_batch2.csv,missing_xi_spain_batch2,Unknown,La Liga,sevilla_2019_20_europa vs deportivo_2003_04_ucl_sf,sevilla_2019_20_europa,Luuk de Jong,ST,19,Netherlands,37,Sevilla – 2019/20 Europa League winners,4-3-3,2019-20,La Liga,Real Sociedad,de_jong_luuk,0.5,0.18,3
65,65,missing_xi_spain_batch2.csv,missing_xi_spain_batch2,Unknown,La Liga,sevilla_2019_20_europa vs deportivo_2003_04_ucl_sf,sevilla_2019_20_europa,Diego Carlos,RCB,20,Brazil,37,Sevilla – 2019/20 Europa League winners,4-3-3,2019-20,La Liga,Real Sociedad,diego_carlos,0.65,0.85,3
65,65,missing_xi_spain_batch2.csv,missing_xi_spain_batch2,Unknown,La Liga,sevilla_2019_20_europa vs deportivo_2003_04_ucl_sf,sevilla_2019_20_europa,Sergio Reguilón,LB,23,Spain,37,Sevilla – 2019/20 Europa League winners,4-3-3,2019-20,La Liga,Real Sociedad,reguilon_sergio,0.18,0.8,3
65,65,missing_xi_spain_batch2.csv,missing_xi_spain_batch2,Unknown,La Liga,sevilla_2019_20_europa vs deportivo_2003_04_ucl_sf,sevilla_2019_20_europa,Joan Jordán,LCM,24,Spain,37,Sevilla – 2019/20 Europa League winners,4-3-3,2019-20,La Liga,Real Sociedad,jordan_joan,0.38,0.6,3
65,65,missing_xi_spain_batch2.csv,missing_xi_spain_batch2,Unknown,La Liga,sevilla_2019_20_europa vs deportivo_2003_04_ucl_sf,sevilla_2019_20_europa,Fernando,DM,25,Brazil,37,Sevilla – 2019/20 Europa League winners,4-3-3,2019-20,La Liga,Real Sociedad,fernando,0.5,0.65,3
66,66,missing_xi_spain_batch2.csv,missing_xi_spain_batch2,Unknown,La Liga,villarreal_2005_06_ucl_sf vs villarreal_2020_21_europa,villarreal_2005_06_ucl_sf,Sebastián Viera,GK,1,Uruguay,39,Villarreal – 2005/06 Champions League semifinalists,4-4-2,2005-06,La Liga,Valencia,viera_sebastian,0.5,0.95,4
66,66,missing_xi_spain_batch2.csv,missing_xi_spain_batch2,Unknown,La Liga,villarreal_2005_06_ucl_sf vs villarreal_2020_21_europa,villarreal_2005_06_ucl_sf,Javi Venta,RB,2,Spain,39,Villarreal – 2005/06 Champions League semifinalists,4-4-2,2005-06,La Liga,Valencia,venta_javi,0.82,0.8,4
66,66,missing_xi_spain_batch2.csv,missing_xi_spain_batch2,Unknown,La Liga,villarreal_2005_06_ucl_sf vs villarreal_2020_21_europa,villarreal_2005_06_ucl_sf,Rodrigo Bragtan,RCB,4,Uruguay,39,Villarreal – 2005/06 Champions League semifinalists,4-4-2,2005-06,La Liga,Valencia,bragtan_rodrigo,0.65,0.85,4
66,66,missing_xi_spain_batch2.csv,missing_xi_spain_batch2,Unknown,La Liga,villarreal_2005_06_ucl_sf vs villarreal_2020_21_europa,villarreal_2005_06_ucl_sf,Gonzalo Rodríguez,LCB,5,Argentina,39,Villarreal – 2005/06 Champions League semifinalists,4-4-2,2005-06,La Liga,Valencia,rodriguez_gonzalo,0.35,0.85,4
66,66,missing_xi_spain_batch2.csv,missing_xi_spain_batch2,Unknown,La Liga,villarreal_2005_06_ucl_sf vs villarreal_2020_21_europa,villarreal_2005_06_ucl_sf,Santi Cazorla,LM,7,Spain,39,Villarreal – 2005/06 Champions League semifinalists,4-4-2,2005-06,La Liga,Valencia,cazorla_santi,0.18,0.6,4
66,66,missing_xi_spain_batch2.csv,missing_xi_spain_batch2,Unknown,La Liga,villarreal_2005_06_ucl_sf vs villarreal_2020_21_europa,villarreal_2005_06_ucl_sf,José Mari,RM,8,Spain,39,Villarreal – 2005/06 Champions League semifinalists,4-4-2,2005-06,La Liga,Valencia,jose_mari,0.82,0.6,4
66,66,missing_xi_spain_batch2.csv,missing_xi_spain_batch2,Unknown,La Liga,villarreal_2005_06_ucl_sf vs villarreal_2020_21_europa,villarreal_2005_06_ucl_sf,Diego Forlán,RST,9,Uruguay,39,Villarreal – 2005/06 Champions League semifinalists,4-4-2,2005-06,La Liga,Valencia,forlan_diego,0.6,0.2,4
66,66,missing_xi_spain_batch2.csv,missing_xi_spain_batch2,Unknown,La Liga,villarreal_2005_06_ucl_sf vs villarreal_2020_21_europa,villarreal_2005_06_ucl_sf,Juan Román Riquelme,LCM,10,Argentina,39,Villarreal – 2005/06 Champions League semifinalists,4-4-2,2005-06,La Liga,Valencia,riquelme_juan_roman,0.38,0.6,4
66,66,missing_xi_spain_batch2.csv,missing_xi_spain_batch2,Unknown,La Liga,villarreal_2005_06_ucl_sf vs villarreal_2020_21_europa,villarreal_2005_06_ucl_sf,Marcos Senna,LB,11,Spain/??,39,Villarreal – 2005/06 Champions League semifinalists,4-4-2,2005-06,La Liga,Valencia,senna_marcos,0.18,0.8,4
66,66,missing_xi_spain_batch2.csv,missing_xi_spain_batch2,Unknown,La Liga,villarreal_2005_06_ucl_sf vs villarreal_2020_21_europa,villarreal_2005_06_ucl_sf,Marcos Senna,RCM,19,Spain,39,Villarreal – 2005/06 Champions League semifinalists,4-4-2,2005-06,La Liga,Valencia,senna_marcos,0.62,0.6,4
66,66,missing_xi_spain_batch2.csv,missing_xi_spain_batch2,Unknown,La Liga,villarreal_2005_06_ucl_sf vs villarreal_2020_21_europa,villarreal_2005_06_ucl_sf,Guillermo Franco,LST,21,Mexico,39,Villarreal – 2005/06 Champions League semifinalists,4-4-2,2005-06,La Liga,Valencia,franco_guillermo,0.4,0.2,4
66,66,missing_xi_spain_batch2.csv,missing_xi_spain_batch2,Unknown,La Liga,villarreal_2005_06_ucl_sf vs villarreal_2020_21_europa,villarreal_2020_21_europa,Mario Gaspar,RB,2,Spain,40,Villarreal – 2020/21 Europa League winners,4-3-3,2020-21,La Liga,Real Madrid,mario_gaspar,0.82,0.8,4
66,66,missing_xi_spain_batch2.csv,missing_xi_spain_batch2,Unknown,La Liga,villarreal_2005_06_ucl_sf vs villarreal_2020_21_europa,villarreal_2020_21_europa,Raúl Albiol,RCB,3,Spain,40,Villarreal – 2020/21 Europa League winners,4-3-3,2020-21,La Liga,Real Madrid,albiol_raul,0.65,0.85,4
66,66,missing_xi_spain_batch2.csv,missing_xi_spain_batch2,Unknown,La Liga,villarreal_2005_06_ucl_sf vs villarreal_2020_21_europa,villarreal_2020_21_europa,Pau Torres,LCB,4,Spain,40,Villarreal – 2020/21 Europa League winners,4-3-3,2020-21,La Liga,Real Madrid,torres_pau,0.35,0.85,4
66,66,missing_xi_spain_batch2.csv,missing_xi_spain_batch2,Unknown,La Liga,villarreal_2005_06_ucl_sf vs villarreal_2020_21_europa,villarreal_2020_21_europa,Dani Parejo,DM,5,Spain,40,Villarreal – 2020/21 Europa League winners,4-3-3,2020-21,La Liga,Real Madrid,parejo_dani,0.5,0.65,4
66,66,missing_xi_spain_batch2.csv,missing_xi_spain_batch2,Unknown,La Liga,villarreal_2005_06_ucl_sf vs villarreal_2020_21_europa,villarreal_2020_21_europa,Étienne Capoue,LCM,6,France,40,Villarreal – 2020/21 Europa League winners,4-3-3,2020-21,La Liga,Real Madrid,capoue_etienne,0.38,0.6,4
66,66,missing_xi_spain_batch2.csv,missing_xi_spain_batch2,Unknown,La Liga,villarreal_2005_06_ucl_sf vs villarreal_2020_21_europa,villarreal_2020_21_europa,Gerard Moreno,RW,7,Spain,40,Villarreal – 2020/21 Europa League winners,4-3-3,2020-21,La Liga,Real Madrid,moreno_gerard,0.82,0.32,4
66,66,missing_xi_spain_batch2.csv,missing_xi_spain_batch2,Unknown,La Liga,villarreal_2005_06_ucl_sf vs villarreal_2020_21_europa,villarreal_2020_21_europa,Moi Gómez,RCM,8,Spain,40,Villarreal – 2020/21 Europa League winners,4-3-3,2020-21,La Liga,Real Madrid,moi_gomez,0.62,0.6,4
66,66,missing_xi_spain_batch2.csv,missing_xi_spain_batch2,Unknown,La Liga,villarreal_2005_06_ucl_sf vs villarreal_2020_21_europa,villarreal_2020_21_europa,Carlos Bacca,ST,9,Colombia,40,Villarreal – 2020/21 Europa League winners,4-3-3,2020-21,La Liga,Real Madrid,bacca_carlos,0.5,0.18,4
66,66,missing_xi_spain_batch2.csv,missing_xi_spain_batch2,Unknown,La Liga,villarreal_2005_06_ucl_sf vs villarreal_2020_21_europa,villarreal_2020_21_europa,Yeremi Pino,LW,11,Spain,40,Villarreal – 2020/21 Europa League winners,4-3-3,2020-21,La Liga,Real Madrid,pino_yeremi,0.18,0.32,4
66,66,missing_xi_spain_batch2.csv,missing_xi_spain_batch2,Unknown,La Liga,villarreal_2005_06_ucl_sf vs villarreal_2020_21_europa,villarreal_2020_21_europa,Gerónimo Rulli,GK,13,Argentina,40,Villarreal – 2020/21 Europa League winners,4-3-3,2020-21,La Liga,Real Madrid,rulli_geronimo,0.5,0.95,4
66,66,missing_xi_spain_batch2.csv,missing_xi_spain_batch2,Unknown,La Liga,villarreal_2005_06_ucl_sf vs villarreal_2020_21_europa,villarreal_2020_21_europa,Alfonso Pedraza,LB,24,Spain,40,Villarreal – 2020/21 Europa League winners,4-3-3,2020-21,La Liga,Real Madrid,pedraza_alfonso,0.18,0.8,4
67,67,real_xis_all_matches.csv,real_xis_all_matches,Unknown,Premier League,man_city_2011_12 vs qpr_2011_12,man_city_2011_12,Vincent Kompany,CB,4,Belgium,1,Man City – Agueroooo moment,4-4-2,2011-12,Premier League,QPR,kompany_vincent,0.42,0.75,0
67,67,real_xis_all_matches.csv,real_xis_all_matches,Unknown,Premier League,man_city_2011_12 vs qpr_2011_12,man_city_2011_12,Pablo Zabaleta,RB,5,Argentina,1,Man City – Agueroooo moment,4-4-2,2011-12,Premier League,QPR,zabaleta_pablo,0.82,0.7,0
67,67,real_xis_all_matches.csv,real_xis_all_matches,Unknown,Premier League,man_city_2011_12 vs qpr_2011_12,man_city_2011_12,Joleon Lescott,CB,6,England,1,Man City – Agueroooo moment,4-4-2,2011-12,Premier League,QPR,lescott_joleon,0.58,0.75,0
67,67,real_xis_all_matches.csv,real_xis_all_matches,Unknown,Premier League,man_city_2011_12 vs qpr_2011_12,man_city_2011_12,Sergio Aguero,ST,16,Argentina,1,Man City – Agueroooo moment,4-4-2,2011-12,Premier League,QPR,aguero_sergio,0.4,0.2,0
67,67,real_xis_all_matches.csv,real_xis_all_matches,Unknown,Premier League,man_city_2011_12 vs qpr_2011_12,man_city_2011_12,Gareth Barry,CM,18,England,1,Man City – Agueroooo moment,4-4-2,2011-12,Premier League,QPR,barry_gareth,0.35,0.52,0
67,67,real_xis_all_matches.csv,real_xis_all_matches,Unknown,Premier League,man_city_2011_12 vs qpr_2011_12,man_city_2011_12,Samir Nasri,RM,19,France,1,Man City – Agueroooo moment,4-4-2,2011-12,Premier League,QPR,nasri_samir,0.78,0.52,0
67,67,real_xis_all_matches.csv,real_xis_all_matches,Unknown,Premier League,man_city_2011_12 vs qpr_2011_12,man_city_2011_12,David Silva,LM,21,Spain,1,Man City – Agueroooo moment,4-4-2,2011-12,Premier League,QPR,silva_david,0.22,0.52,0
67,67,real_xis_all_matches.csv,real_xis_all_matches,Unknown,Premier League,man_city_2011_12 vs qpr_2011_12,man_city_2011_12,Gael Clichy,LB,22,France,1,Man City – Agueroooo moment,4-4-2,2011-12,Premier League,QPR,clichy_gael,0.18,0.7,0
67,67,real_xis_all_matches.csv,real_xis_all_matches,Unknown,Premier League,man_city_2011_12 vs qpr_2011_12,man_city_2011_12,Joe Hart,GK,25,England,1,Man City – Agueroooo moment,4-4-2,2011-12,Premier League,QPR,hart_joe,0.5,0.9,0
67,67,real_xis_all_matches.csv,real_xis_all_matches,Unknown,Premier League,man_city_2011_12 vs qpr_2011_12,man_city_2011_12,Carlos Tevez,ST,32,Argentina,1,Man City – Agueroooo moment,4-4-2,2011-12,Premier League,QPR,tevez_carlos,0.6,0.2,0
67,67,real_xis_all_matches.csv,real_xis_all_matches,Unknown,Premier League,man_city_2011_12 vs qpr_2011_12,man_city_2011_12,Yaya Toure,CM,42,Ivory Coast,1,Man City – Agueroooo moment,4-4-2,2011-12,Premier League,QPR,toure_yaya,0.55,0.52,0
67,67,real_xis_all_matches.csv,real_xis_all_matches,Unknown,Premier League,man_city_2011_12 vs qpr_2011_12,qpr_2011_12,Paddy Kenny,GK,1,Former Professional,2,QPR – survival scrap,4-4-2,2011-12,Premier League,Man City,kenny_paddy,0.5,0.9,0
67,67,real_xis_all_matches.csv,real_xis_all_matches,Unknown,Premier League,man_city_2011_12 vs qpr_2011_12,qpr_2011_12,Clint Hill,CB,3,Norwegian,2,QPR – survival scrap,4-4-2,2011-12,Premier League,Man City,hill_clint,0.58,0.75,0
67,67,real_xis_all_matches.csv,real_xis_all_matches,Unknown,Premier League,man_city_2011_12 vs qpr_2011_12,qpr_2011_12,Shaun Derry,CM,4,Netherlands,2,QPR – survival scrap,4-4-2,2011-12,Premier League,Man City,derry_shaun,0.55,0.52,0
67,67,real_xis_all_matches.csv,real_xis_all_matches,Unknown,Premier League,man_city_2011_12 vs qpr_2011_12,qpr_2011_12,Jamie Mackie,LM,12,Scottish,2,QPR – survival scrap,4-4-2,2011-12,Premier League,Man City,mackie_jamie,0.22,0.52,0
67,67,real_xis_all_matches.csv,real_xis_all_matches,Unknown,Premier League,man_city_2011_12 vs qpr_2011_12,qpr_2011_12,Joey Barton,CM,17,England,2,QPR – survival scrap,4-4-2,2011-12,Premier League,Man City,barton_joey,0.35,0.52,0
67,67,real_xis_all_matches.csv,real_xis_all_matches,Unknown,Premier League,man_city_2011_12 vs qpr_2011_12,qpr_2011_12,Djibril Cisse,ST,23,France,2,QPR – survival scrap,4-4-2,2011-12,Premier League,Man City,cisse_djibril,0.6,0.2,0
67,67,real_xis_all_matches.csv,real_xis_all_matches,Unknown,Premier League,man_city_2011_12 vs qpr_2011_12,qpr_2011_12,Shaun Wright-Phillips,RM,32,Unknown,2,QPR – survival scrap,4-4-2,2011-12,Premier League,Man City,wrightphillips_shaun,0.78,0.52,0
67,67,real_xis_all_matches.csv,real_xis_all_matches,Unknown,Premier League,man_city_2011_12 vs qpr_2011_12,qpr_2011_12,Taye Taiwo,LB,34,Nigerian Retired Professional,2,QPR – survival scrap,4-4-2,2011-12,Premier League,Man City,taiwo_taye,0.18,0.7,0
67,67,real_xis_all_matches.csv,real_xis_all_matches,Unknown,Premier League,man_city_2011_12 vs qpr_2011_12,qpr_2011_12,Anton Ferdinand,CB,35,England,2,QPR – survival scrap,4-4-2,2011-12,Premier League,Man City,ferdinand_anton,0.42,0.75,0
67,67,real_xis_all_matches.csv,real_xis_all_matches,Unknown,Premier League,man_city_2011_12 vs qpr_2011_12,qpr_2011_12,Nedum Onuoha,RB,42,France,2,QPR – survival scrap,4-4-2,2011-12,Premier League,Man City,onuoha_nedum,0.82,0.7,0
67,67,real_xis_all_matches.csv,real_xis_all_matches,Unknown,Premier League,man_city_2011_12 vs qpr_2011_12,qpr_2011_12,Bobby Zamora,ST,52,Unknown,2,QPR – survival scrap,4-4-2,2011-12,Premier League,Man City,zamora_bobby,0.4,0.2,0
68,68,real_xis_all_matches.csv,real_xis_all_matches,Unknown,Premier League,chelsea_2015_16 vs spurs_2015_16,chelsea_2015_16,Asmir Begovic,GK,1,Bosnia and Herzegovina,11,Chelsea – Battle of the Bridge,4-2-3-1,2015-16,Premier League,Spurs,begovic_asmir,0.5,0.9,1
68,68,real_xis_all_matches.csv,real_xis_all_matches,Unknown,Premier League,chelsea_2015_16 vs spurs_2015_16,chelsea_2015_16,Branislav Ivanovic,RB,2,Serbia,11,Chelsea – Battle of the Bridge,4-2-3-1,2015-16,Premier League,Spurs,ivanovic_branislav,0.82,0.7,1
68,68,real_xis_all_matches.csv,real_xis_all_matches,Unknown,Premier League,chelsea_2015_16 vs spurs_2015_16,chelsea_2015_16,Cesc Fabregas,CAM,4,Spain,11,Chelsea – Battle of the Bridge,4-2-3-1,2015-16,Premier League,Spurs,fabregas_cesc,0.5,0.35,1
68,68,real_xis_all_matches.csv,real_xis_all_matches,Unknown,Premier League,chelsea_2015_16 vs spurs_2015_16,chelsea_2015_16,John Obi Mikel,CDM1,12,Nigeria,11,Chelsea – Battle of the Bridge,4-2-3-1,2015-16,Premier League,Spurs,mikel_john_obi,0.6,0.6,1
68,68,real_xis_all_matches.csv,real_xis_all_matches,Unknown,Premier League,chelsea_2015_16 vs spurs_2015_16,chelsea_2015_16,Pedro,LW,17,Spain,11,Chelsea – Battle of the Bridge,4-2-3-1,2015-16,Premier League,Spurs,pedro_,0.22,0.38,1
68,68,real_xis_all_matches.csv,real_xis_all_matches,Unknown,Premier League,chelsea_2015_16 vs spurs_2015_16,chelsea_2015_16,Diego Costa,ST,19,Spain,11,Chelsea – Battle of the Bridge,4-2-3-1,2015-16,Premier League,Spurs,costa_diego,0.5,0.18,1
68,68,real_xis_all_matches.csv,real_xis_all_matches,Unknown,Premier League,chelsea_2015_16 vs spurs_2015_16,chelsea_2015_16,Nemanja Matic,CDM2,21,Serbian Professional,11,Chelsea – Battle of the Bridge,4-2-3-1,2015-16,Premier League,Spurs,matic_nemanja,0.4,0.6,1
68,68,real_xis_all_matches.csv,real_xis_all_matches,Unknown,Premier League,chelsea_2015_16 vs spurs_2015_16,chelsea_2015_16,Willian,RW,22,Brazil,11,Chelsea – Battle of the Bridge,4-2-3-1,2015-16,Premier League,Spurs,willian_,0.78,0.38,1
68,68,real_xis_all_matches.csv,real_xis_all_matches,Unknown,Premier League,chelsea_2015_16 vs spurs_2015_16,chelsea_2015_16,Gary Cahill,CB,24,England,11,Chelsea – Battle of the Bridge,4-2-3-1,2015-16,Premier League,Spurs,cahill_gary,0.62,0.75,1
68,68,real_xis_all_matches.csv,real_xis_all_matches,Unknown,Premier League,chelsea_2015_16 vs spurs_2015_16,chelsea_2015_16,John Terry,CB,26,England,11,Chelsea – Battle of the Bridge,4-2-3-1,2015-16,Premier League,Spurs,terry_john,0.38,0.75,1
68,68,real_xis_all_matches.csv,real_xis_all_matches,Unknown,Premier League,chelsea_2015_16 vs spurs_2015_16,chelsea_2015_16,Cesar Azpilicueta,LB,28,Spain,11,Chelsea – Battle of the Bridge,4-2-3-1,2015-16,Premier League,Spurs,azpilicueta_cesar,0.18,0.7,1
68,68,real_xis_all_matches.csv,real_xis_all_matches,Unknown,Premier League,chelsea_2015_16 vs spurs_2015_16,spurs_2015_16,Hugo Lloris,GK,1,French Professional,12,Spurs – Battle of the Bridge,4-2-3-1,2015-16,Premier League,Chelsea,lloris_hugo,0.5,0.9,1
68,68,real_xis_all_matches.csv,real_xis_all_matches,Unknown,Premier League,chelsea_2015_16 vs spurs_2015_16,spurs_2015_16,Kyle Walker,RB,2,England,12,Spurs – Battle of the Bridge,4-2-3-1,2015-16,Premier League,Chelsea,walker_kyle,0.82,0.7,1
68,68,real_xis_all_matches.csv,real_xis_all_matches,Unknown,Premier League,chelsea_2015_16 vs spurs_2015_16,spurs_2015_16,Danny Rose,LB,3,Portugal,12,Spurs – Battle of the Bridge,4-2-3-1,2015-16,Premier League,Chelsea,rose_danny,0.18,0.7,1
68,68,real_xis_all_matches.csv,real_xis_all_matches,Unknown,Premier League,chelsea_2015_16 vs spurs_2015_16,spurs_2015_16,Toby Alderweireld,CB,4,Netherlands,12,Spurs – Battle of the Bridge,4-2-3-1,2015-16,Premier League,Chelsea,alderweireld_toby,0.62,0.75,1
68,68,real_xis_all_matches.csv,real_xis_all_matches,Unknown,Premier League,chelsea_2015_16 vs spurs_2015_16,spurs_2015_16,Jan Vertonghen,CB,5,Belgian Former Professional,12,Spurs – Battle of the Bridge,4-2-3-1,2015-16,Premier League,Chelsea,vertonghen_jan,0.38,0.75,1
68,68,real_xis_all_matches.csv,real_xis_all_matches,Unknown,Premier League,chelsea_2015_16 vs spurs_2015_16,spurs_2015_16,Heung-Min Son,LW,7,Brazil,12,Spurs – Battle of the Bridge,4-2-3-1,2015-16,Premier League,Chelsea,son_heung_min,0.22,0.38,1
68,68,real_xis_all_matches.csv,real_xis_all_matches,Unknown,Premier League,chelsea_2015_16 vs spurs_2015_16,spurs_2015_16,Harry Kane,ST,10,Unknown,12,Spurs – Battle of the Bridge,4-2-3-1,2015-16,Premier League,Chelsea,kane_harry,0.5,0.18,1
68,68,real_xis_all_matches.csv,real_xis_all_matches,Unknown,Premier League,chelsea_2015_16 vs spurs_2015_16,spurs_2015_16,Erik Lamela,RW,11,Unknown,12,Spurs – Battle of the Bridge,4-2-3-1,2015-16,Premier League,Chelsea,lamela_erik,0.78,0.38,1
68,68,real_xis_all_matches.csv,real_xis_all_matches,Unknown,Premier League,chelsea_2015_16 vs spurs_2015_16,spurs_2015_16,Eric Dier,CDM1,15,Italy,12,Spurs – Battle of the Bridge,4-2-3-1,2015-16,Premier League,Chelsea,dier_eric,0.6,0.6,1
68,68,real_xis_all_matches.csv,real_xis_all_matches,Unknown,Premier League,chelsea_2015_16 vs spurs_2015_16,spurs_2015_16,Mousa Dembele,CDM2,19,France,12,Spurs – Battle of the Bridge,4-2-3-1,2015-16,Premier League,Chelsea,dembele_mousa,0.4,0.6,1
68,68,real_xis_all_matches.csv,real_xis_all_matches,Unknown,Premier League,chelsea_2015_16 vs spurs_2015_16,spurs_2015_16,Christian Eriksen,CAM,23,Netherlands,12,Spurs – Battle of the Bridge,4-2-3-1,2015-16,Premier League,Chelsea,eriksen_christian,0.5,0.35,1
69,69,real_xis_all_matches.csv,real_xis_all_matches,Unknown,Premier League,man_united_2011_12 vs arsenal_2011_12,arsenal_2011_12,Laurent Koscielny,CB,6,France,14,Arsenal – 8–2,4-2-3-1,2011-12,Premier League,Man United,koscielny_laurent,0.38,0.75,2
69,69,real_xis_all_matches.csv,real_xis_all_matches,Unknown,Premier League,man_united_2011_12 vs arsenal_2011_12,arsenal_2011_12,Tomas Rosicky,LW,7,Czech Former Professional,14,Arsenal – 8–2,4-2-3-1,2011-12,Premier League,Man United,rosicky_tomas,0.22,0.38,2
69,69,real_xis_all_matches.csv,real_xis_all_matches,Unknown,Premier League,man_united_2011_12 vs arsenal_2011_12,arsenal_2011_12,Robin van Persie,ST,10,Netherlands,14,Arsenal – 8–2,4-2-3-1,2011-12,Premier League,Man United,vanpersie_robin,0.5,0.18,2
69,69,real_xis_all_matches.csv,real_xis_all_matches,Unknown,Premier League,man_united_2011_12 vs arsenal_2011_12,arsenal_2011_12,Wojciech Szczesny,GK,13,Polish Professional,14,Arsenal – 8–2,4-2-3-1,2011-12,Premier League,Man United,szczesny_wojciech,0.5,0.9,2
69,69,real_xis_all_matches.csv,real_xis_all_matches,Unknown,Premier League,man_united_2011_12 vs arsenal_2011_12,arsenal_2011_12,Theo Walcott,RW,14,A Period Of,14,Arsenal – 8–2,4-2-3-1,2011-12,Premier League,Man United,walcott_theo,0.78,0.38,2
69,69,real_xis_all_matches.csv,real_xis_all_matches,Unknown,Premier League,man_united_2011_12 vs arsenal_2011_12,arsenal_2011_12,Aaron Ramsey,CDM1,16,Wales,14,Arsenal – 8–2,4-2-3-1,2011-12,Premier League,Man United,ramsey_aaron,0.6,0.6,2
69,69,real_xis_all_matches.csv,real_xis_all_matches,Unknown,Premier League,man_united_2011_12 vs arsenal_2011_12,arsenal_2011_12,Johan Djourou,CB,20,Netherlands,14,Arsenal – 8–2,4-2-3-1,2011-12,Premier League,Man United,djourou_johan,0.62,0.75,2
69,69,real_xis_all_matches.csv,real_xis_all_matches,Unknown,Premier League,man_united_2011_12 vs arsenal_2011_12,arsenal_2011_12,Andrey Arshavin,ST,23,Russia,14,Arsenal – 8–2,4-2-3-1,2011-12,Premier League,Man United,arshavin_andrey,0.5,0.18,2
69,69,real_xis_all_matches.csv,real_xis_all_matches,Unknown,Premier League,man_united_2011_12 vs arsenal_2011_12,arsenal_2011_12,Carl Jenkinson,RB,25,Brazil,14,Arsenal – 8–2,4-2-3-1,2011-12,Premier League,Man United,jenkinson_carl,0.82,0.7,2
69,69,real_xis_all_matches.csv,real_xis_all_matches,Unknown,Premier League,man_united_2011_12 vs arsenal_2011_12,arsenal_2011_12,Armand Traore,LB,30,France,14,Arsenal – 8–2,4-2-3-1,2011-12,Premier League,Man United,traore_armand,0.18,0.7,2
69,69,real_xis_all_matches.csv,real_xis_all_matches,Unknown,Premier League,man_united_2011_12 vs arsenal_2011_12,arsenal_2011_12,Francis Coquelin,CDM2,39,French Professional,14,Arsenal – 8–2,4-2-3-1,2011-12,Premier League,Man United,coquelin_francis,0.4,0.6,2
69,69,real_xis_all_matches.csv,real_xis_all_matches,Unknown,Premier League,man_united_2011_12 vs arsenal_2011_12,man_united_2011_12,David De Gea,GK,1,France,13,Man United – 8–2,4-2-3-1,2011-12,Premier League,Arsenal,degea_david,0.5,0.9,2
69,69,real_xis_all_matches.csv,real_xis_all_matches,Unknown,Premier League,man_united_2011_12 vs arsenal_2011_12,man_united_2011_12,Patrice Evra,LB,3,France,13,Man United – 8–2,4-2-3-1,2011-12,Premier League,Arsenal,evra_patrice,0.18,0.7,2
69,69,real_xis_all_matches.csv,real_xis_all_matches,Unknown,Premier League,man_united_2011_12 vs arsenal_2011_12,man_united_2011_12,Phil Jones,CB,4,England,13,Man United – 8–2,4-2-3-1,2011-12,Premier League,Arsenal,jones_phil,0.62,0.75,2
69,69,real_xis_all_matches.csv,real_xis_all_matches,Unknown,Premier League,man_united_2011_12 vs arsenal_2011_12,man_united_2011_12,Jonny Evans,CB,6,Netherlands,13,Man United – 8–2,4-2-3-1,2011-12,Premier League,Arsenal,evans_jonny,0.38,0.75,2
69,69,real_xis_all_matches.csv,real_xis_all_matches,Unknown,Premier League,man_united_2011_12 vs arsenal_2011_12,man_united_2011_12,Anderson,CDM2,8,Brazil,13,Man United – 8–2,4-2-3-1,2011-12,Premier League,Arsenal,anderson_,0.4,0.6,2
69,69,real_xis_all_matches.csv,real_xis_all_matches,Unknown,Premier League,man_united_2011_12 vs arsenal_2011_12,man_united_2011_12,Wayne Rooney,ST,10,England,13,Man United – 8–2,4-2-3-1,2011-12,Premier League,Arsenal,rooney_wayne,0.5,0.18,2
69,69,real_xis_all_matches.csv,real_xis_all_matches,Unknown,Premier League,man_united_2011_12 vs arsenal_2011_12,man_united_2011_12,Chris Smalling,RB,12,An International Competition,13,Man United – 8–2,4-2-3-1,2011-12,Premier League,Arsenal,smalling_chris,0.82,0.7,2
69,69,real_xis_all_matches.csv,real_xis_all_matches,Unknown,Premier League,man_united_2011_12 vs arsenal_2011_12,man_united_2011_12,Nani,RW,17,Portugal,13,Man United – 8–2,4-2-3-1,2011-12,Premier League,Arsenal,nani_,0.78,0.38,2
69,69,real_xis_all_matches.csv,real_xis_all_matches,Unknown,Premier League,man_united_2011_12 vs arsenal_2011_12,man_united_2011_12,Ashley Young,LW,18,England,13,Man United – 8–2,4-2-3-1,2011-12,Premier League,Arsenal,young_ashley,0.22,0.38,2
69,69,real_xis_all_matches.csv,real_xis_all_matches,Unknown,Premier League,man_united_2011_12 vs arsenal_2011_12,man_united_2011_12,Danny Welbeck,ST,19,Portugal,13,Man United – 8–2,4-2-3-1,2011-12,Premier League,Arsenal,welbeck_danny,0.5,0.18,2
69,69,real_xis_all_matches.csv,real_xis_all_matches,Unknown,Premier League,man_united_2011_12 vs arsenal_2011_12,man_united_2011_12,Tom Cleverley,CDM1,23,England,13,Man United – 8–2,4-2-3-1,2011-12,Premier League,Arsenal,cleverley_tom,0.6,0.6,2
70,70,real_xis_all_matches.csv,real_xis_all_matches,Unknown,Premier League,man_city_2023_24 vs spurs_2023_24,man_city_2023_24,Kyle Walker,RB,2,England,17,Man City – 3–3 v Spurs,4-2-3-1,2023-24,Premier League,Tottenham,walker_kyle,0.82,0.7,3
70,70,real_xis_all_matches.csv,real_xis_all_matches,Unknown,Premier League,man_city_2023_24 vs spurs_2023_24,man_city_2023_24,Ruben Dias,CB,3,Portugal,17,Man City – 3–3 v Spurs,4-2-3-1,2023-24,Premier League,Tottenham,dias_ruben,0.62,0.75,3
70,70,real_xis_all_matches.csv,real_xis_all_matches,Unknown,Premier League,man_city_2023_24 vs spurs_2023_24,man_city_2023_24,Erling Haaland,ST,9,Norway,17,Man City – 3–3 v Spurs,4-2-3-1,2023-24,Premier League,Tottenham,haaland_erling,0.5,0.18,3
70,70,real_xis_all_matches.csv,real_xis_all_matches,Unknown,Premier League,man_city_2023_24 vs spurs_2023_24,man_city_2023_24,Jeremy Doku,LW,11,Portugal,17,Man City – 3–3 v Spurs,4-2-3-1,2023-24,Premier League,Tottenham,doku_jeremy,0.22,0.38,3
70,70,real_xis_all_matches.csv,real_xis_all_matches,Unknown,Premier League,man_city_2023_24 vs spurs_2023_24,man_city_2023_24,Rodri,CDM1,16,Spain,17,Man City – 3–3 v Spurs,4-2-3-1,2023-24,Premier League,Tottenham,rodri_,0.6,0.6,3
70,70,real_xis_all_matches.csv,real_xis_all_matches,Unknown,Premier League,man_city_2023_24 vs spurs_2023_24,man_city_2023_24,Julian Alvarez,CAM,19,Spain,17,Man City – 3–3 v Spurs,4-2-3-1,2023-24,Premier League,Tottenham,alvarez_julian,0.5,0.35,3
70,70,real_xis_all_matches.csv,real_xis_all_matches,Unknown,Premier League,man_city_2023_24 vs spurs_2023_24,man_city_2023_24,Bernardo Silva,LW,20,Portugal,17,Man City – 3–3 v Spurs,4-2-3-1,2023-24,Premier League,Tottenham,silva_bernardo,0.22,0.38,3
70,70,real_xis_all_matches.csv,real_xis_all_matches,Unknown,Premier League,man_city_2023_24 vs spurs_2023_24,man_city_2023_24,Josko Gvardiol,LB,24,Italy,17,Man City – 3–3 v Spurs,4-2-3-1,2023-24,Premier League,Tottenham,gvardiol_josko,0.18,0.7,3
70,70,real_xis_all_matches.csv,real_xis_all_matches,Unknown,Premier League,man_city_2023_24 vs spurs_2023_24,man_city_2023_24,Manuel Akanji,CDM2,25,Switzerland,17,Man City – 3–3 v Spurs,4-2-3-1,2023-24,Premier League,Tottenham,akanji_manuel,0.4,0.6,3
70,70,real_xis_all_matches.csv,real_xis_all_matches,Unknown,Premier League,man_city_2023_24 vs spurs_2023_24,man_city_2023_24,Ederson,GK,31,Brazil,17,Man City – 3–3 v Spurs,4-2-3-1,2023-24,Premier League,Tottenham,ederson_,0.5,0.9,3
70,70,real_xis_all_matches.csv,real_xis_all_matches,Unknown,Premier League,man_city_2023_24 vs spurs_2023_24,man_city_2023_24,Phil Foden,RW,47,Netherlands,17,Man City – 3–3 v Spurs,4-2-3-1,2023-24,Premier League,Tottenham,foden_phil,0.78,0.38,3
70,70,real_xis_all_matches.csv,real_xis_all_matches,Unknown,Premier League,man_city_2023_24 vs spurs_2023_24,spurs_2023_24,Heung-Min Son,ST,7,Brazil,18,Spurs – 3–3 at City,4-2-3-1,2023-24,Premier League,Man City,son_heung_min,0.5,0.18,3
70,70,real_xis_all_matches.csv,real_xis_all_matches,Unknown,Premier League,man_city_2023_24 vs spurs_2023_24,spurs_2023_24,Yves Bissouma,CDM1,8,Professional,18,Spurs – 3–3 at City,4-2-3-1,2023-24,Premier League,Man City,bissouma_yves,0.6,0.6,3
70,70,real_xis_all_matches.csv,real_xis_all_matches,Unknown,Premier League,man_city_2023_24 vs spurs_2023_24,spurs_2023_24,Bryan Gil,LW,11,Unknown,18,Spurs – 3–3 at City,4-2-3-1,2023-24,Premier League,Man City,gil_bryan,0.22,0.38,3
70,70,real_xis_all_matches.csv,real_xis_all_matches,Unknown,Premier League,man_city_2023_24 vs spurs_2023_24,spurs_2023_24,Emerson Royal,CB,12,Brazilian Professional,18,Spurs – 3–3 at City,4-2-3-1,2023-24,Premier League,Man City,royal_emerson,0.22,0.38,3
70,70,real_xis_all_matches.csv,real_xis_all_matches,Unknown,Premier League,man_city_2023_24 vs spurs_2023_24,spurs_2023_24,Guglielmo Vicario,GK,13,Udine,18,Spurs – 3–3 at City,4-2-3-1,2023-24,Premier League,Man City,vicario_guglielmo,0.5,0.9,3
70,70,real_xis_all_matches.csv,real_xis_all_matches,Unknown,Premier League,man_city_2023_24 vs spurs_2023_24,spurs_2023_24,Giovani Lo Celso,CDM2,18,Netherlands,18,Spurs – 3–3 at City,4-2-3-1,2023-24,Premier League,Man City,locelso_giovani,0.4,0.6,3
70,70,real_xis_all_matches.csv,real_xis_all_matches,Unknown,Premier League,man_city_2023_24 vs spurs_2023_24,spurs_2023_24,Dejan Kulusevski,CAM,21,France,18,Spurs – 3–3 at City,4-2-3-1,2023-24,Premier League,Man City,kulusevski_dejan,0.5,0.35,3
70,70,real_xis_all_matches.csv,real_xis_all_matches,Unknown,Premier League,man_city_2023_24 vs spurs_2023_24,spurs_2023_24,Brennan Johnson,RW,22,England,18,Spurs – 3–3 at City,4-2-3-1,2023-24,Premier League,Man City,johnson_brennan,0.78,0.38,3
70,70,real_xis_all_matches.csv,real_xis_all_matches,Unknown,Premier League,man_city_2023_24 vs spurs_2023_24,spurs_2023_24,Pedro Porro,RB,23,Portugal,18,Spurs – 3–3 at City,4-2-3-1,2023-24,Premier League,Man City,porro_pedro,0.82,0.7,3
70,70,real_xis_all_matches.csv,real_xis_all_matches,Unknown,Premier League,man_city_2023_24 vs spurs_2023_24,spurs_2023_24,Ben Davies,CB,33,Wales,18,Spurs – 3–3 at City,4-2-3-1,2023-24,Premier League,Man City,davies_ben,0.22,0.38,3
70,70,real_xis_all_matches.csv,real_xis_all_matches,Unknown,Premier League,man_city_2023_24 vs spurs_2023_24,spurs_2023_24,Destiny Udogie,LB,38,France,18,Spurs – 3–3 at City,4-2-3-1,2023-24,Premier League,Man City,udogie_destiny,0.18,0.7,3
71,71,real_xis_all_matches.csv,real_xis_all_matches,Unknown,Premier League,man_city_2022_23 vs liverpool_2022_23,liverpool_2022_23,Alisson Becker,GK,1,Brazil,20,Liverpool – at Man City,4-2-3-1,2022-23,Premier League,Man City,alisson_becker,0.5,0.9,4
71,71,real_xis_all_matches.csv,real_xis_all_matches,Unknown,Premier League,man_city_2022_23 vs liverpool_2022_23,liverpool_2022_23,Fabinho,CDM1,3,Brazil,20,Liverpool – at Man City,4-2-3-1,2022-23,Premier League,Man City,fabinho_,0.6,0.6,4
71,71,real_xis_all_matches.csv,real_xis_all_matches,Unknown,Premier League,man_city_2022_23 vs liverpool_2022_23,liverpool_2022_23,Ibrahima Konate,CB,5,Unknown,20,Liverpool – at Man City,4-2-3-1,2022-23,Premier League,Man City,konate_ibrahima,0.62,0.75,4
71,71,real_xis_all_matches.csv,real_xis_all_matches,Unknown,Premier League,man_city_2022_23 vs liverpool_2022_23,liverpool_2022_23,Mohamed Salah,RW,11,Egypt,20,Liverpool – at Man City,4-2-3-1,2022-23,Premier League,Man City,salah_mohamed,0.78,0.38,4
71,71,real_xis_all_matches.csv,real_xis_all_matches,Unknown,Premier League,man_city_2022_23 vs liverpool_2022_23,liverpool_2022_23,Jordan Henderson,CM2,14,England,20,Liverpool – at Man City,4-2-3-1,2022-23,Premier League,Man City,henderson_jordan,0.5,0.35,4
71,71,real_xis_all_matches.csv,real_xis_all_matches,Unknown,Premier League,man_city_2022_23 vs liverpool_2022_23,liverpool_2022_23,Cody Gakpo,ST,18,Unknown,20,Liverpool – at Man City,4-2-3-1,2022-23,Premier League,Man City,gakpo_cody,0.5,0.18,4
71,71,real_xis_all_matches.csv,real_xis_all_matches,Unknown,Premier League,man_city_2022_23 vs liverpool_2022_23,liverpool_2022_23,Diogo Jota,LW,20,Italy,20,Liverpool – at Man City,4-2-3-1,2022-23,Premier League,Man City,jota_diogo,0.22,0.38,4
71,71,real_xis_all_matches.csv,real_xis_all_matches,Unknown,Premier League,man_city_2022_23 vs liverpool_2022_23,liverpool_2022_23,Andy Robertson,LB,26,France,20,Liverpool – at Man City,4-2-3-1,2022-23,Premier League,Man City,robertson_andrew,0.18,0.7,4
71,71,real_xis_all_matches.csv,real_xis_all_matches,Unknown,Premier League,man_city_2022_23 vs liverpool_2022_23,liverpool_2022_23,Trent Alexander-Arnold,RB,66,England,20,Liverpool – at Man City,4-2-3-1,2022-23,Premier League,Man City,alexander_arnold_trent,0.82,0.7,4
71,71,real_xis_all_matches.csv,real_xis_all_matches,Unknown,Premier League,man_city_2022_23 vs liverpool_2022_23,man_city_2022_23,John Stones,RB,5,England,19,Man City – 4–1 Liverpool,4-2-3-1,2022-23,Premier League,Liverpool,stones_john,0.82,0.7,4
71,71,real_xis_all_matches.csv,real_xis_all_matches,Unknown,Premier League,man_city_2022_23 vs liverpool_2022_23,man_city_2022_23,Nathan Ake,LB,6,Unknown,19,Man City – 4–1 Liverpool,4-2-3-1,2022-23,Premier League,Liverpool,ake_nathan,0.18,0.7,4
71,71,real_xis_all_matches.csv,real_xis_all_matches,Unknown,Premier League,man_city_2022_23 vs liverpool_2022_23,man_city_2022_23,Ilkay Gundogan,CM2,8,Portugal,19,Man City – 4–1 Liverpool,4-2-3-1,2022-23,Premier League,Liverpool,gundogan_ilkay,0.5,0.35,4
71,71,real_xis_all_matches.csv,real_xis_all_matches,Unknown,Premier League,man_city_2022_23 vs liverpool_2022_23,man_city_2022_23,Jack Grealish,LW,10,England,19,Man City – 4–1 Liverpool,4-2-3-1,2022-23,Premier League,Liverpool,grealish_jack,0.22,0.38,4
71,71,real_xis_all_matches.csv,real_xis_all_matches,Unknown,Premier League,man_city_2022_23 vs liverpool_2022_23,man_city_2022_23,Rodri,CDM1,16,Spain,19,Man City – 4–1 Liverpool,4-2-3-1,2022-23,Premier League,Liverpool,rodri_,0.6,0.6,4
71,71,real_xis_all_matches.csv,real_xis_all_matches,Unknown,Premier League,man_city_2022_23 vs liverpool_2022_23,man_city_2022_23,Kevin De Bruyne,CAM,17,Belgium,19,Man City – 4–1 Liverpool,4-2-3-1,2022-23,Premier League,Liverpool,de_bruyne_kevin,0.5,0.35,4
71,71,real_xis_all_matches.csv,real_xis_all_matches,Unknown,Premier League,man_city_2022_23 vs liverpool_2022_23,man_city_2022_23,Julian Alvarez,ST,19,Spain,19,Man City – 4–1 Liverpool,4-2-3-1,2022-23,Premier League,Liverpool,alvarez_julian,0.5,0.18,4
71,71,real_xis_all_matches.csv,real_xis_all_matches,Unknown,Premier League,man_city_2022_23 vs liverpool_2022_23,man_city_2022_23,Manuel Akanji,CB,25,Switzerland,19,Man City – 4–1 Liverpool,4-2-3-1,2022-23,Premier League,Liverpool,akanji_manuel,0.62,0.75,4
71,71,real_xis_all_matches.csv,real_xis_all_matches,Unknown,Premier League,man_city_2022_23 vs liverpool_2022_23,man_city_2022_23,Riyad Mahrez,RW,26,Algeria,19,Man City – 4–1 Liverpool,4-2-3-1,2022-23,Premier League,Liverpool,mahrez_riyad,0.78,0.38,4
71,71,real_xis_all_matches.csv,real_xis_all_matches,Unknown,Premier League,man_city_2022_23 vs liverpool_2022_23,man_city_2022_23,Ederson,GK,31,Brazil,19,Man City – 4–1 Liverpool,4-2-3-1,2022-23,Premier League,Liverpool,ederson_,0.5,0.9,4
72,72,real_xis_bayern_dortmund_matches.csv,real_xis_bayern_dortmund_matches,Unknown,Champions League,bayern_2012_13 vs dortmund_2012_13,bayern_2012_13,Manuel Neuer,GK,1,Germany,23,Bayern – UCL Treble,4-2-3-1,2012-13,Champions League,Dortmund,neuer_manuel,0.5,0.9,0
72,72,real_xis_bayern_dortmund_matches.csv,real_xis_bayern_dortmund_matches,Unknown,Champions League,bayern_2012_13 vs dortmund_2012_13,bayern_2012_13,Dante,LCB,4,Portugal,23,Bayern – UCL Treble,4-2-3-1,2012-13,Champions League,Dortmund,dante_,0.38,0.75,0
72,72,real_xis_bayern_dortmund_matches.csv,real_xis_bayern_dortmund_matches,Unknown,Champions League,bayern_2012_13 vs dortmund_2012_13,bayern_2012_13,Franck Ribery,LW,7,French Former Professional,23,Bayern – UCL Treble,4-2-3-1,2012-13,Champions League,Dortmund,ribery_franck,0.22,0.38,0
72,72,real_xis_bayern_dortmund_matches.csv,real_xis_bayern_dortmund_matches,Unknown,Champions League,bayern_2012_13 vs dortmund_2012_13,bayern_2012_13,Javi Martinez,DM2,8,Spain,23,Bayern – UCL Treble,4-2-3-1,2012-13,Champions League,Dortmund,martinez_javi,0.4,0.6,0
72,72,real_xis_bayern_dortmund_matches.csv,real_xis_bayern_dortmund_matches,Unknown,Champions League,bayern_2012_13 vs dortmund_2012_13,bayern_2012_13,Mario Mandzukic,ST,9,Germany,23,Bayern – UCL Treble,4-2-3-1,2012-13,Champions League,Dortmund,mandzukic_mario,0.5,0.18,0
72,72,real_xis_bayern_dortmund_matches.csv,real_xis_bayern_dortmund_matches,Unknown,Champions League,bayern_2012_13 vs dortmund_2012_13,bayern_2012_13,Arjen Robben,RW,10,Netherlands,23,Bayern – UCL Treble,4-2-3-1,2012-13,Champions League,Dortmund,robben_arjen,0.78,0.38,0
72,72,real_xis_bayern_dortmund_matches.csv,real_xis_bayern_dortmund_matches,Unknown,Champions League,bayern_2012_13 vs dortmund_2012_13,bayern_2012_13,Jerome Boateng,RCB,17,German Professional,23,Bayern – UCL Treble,4-2-3-1,2012-13,Champions League,Dortmund,boateng_jerome,0.62,0.75,0
72,72,real_xis_bayern_dortmund_matches.csv,real_xis_bayern_dortmund_matches,Unknown,Champions League,bayern_2012_13 vs dortmund_2012_13,bayern_2012_13,Philipp Lahm,RB,21,Germany,23,Bayern – UCL Treble,4-2-3-1,2012-13,Champions League,Dortmund,lahm_philipp,0.82,0.7,0
72,72,real_xis_bayern_dortmund_matches.csv,real_xis_bayern_dortmund_matches,Unknown,Champions League,bayern_2012_13 vs dortmund_2012_13,bayern_2012_13,Thomas Muller,CAM,25,France,23,Bayern – UCL Treble,4-2-3-1,2012-13,Champions League,Dortmund,muller_thomas,0.5,0.35,0
72,72,real_xis_bayern_dortmund_matches.csv,real_xis_bayern_dortmund_matches,Unknown,Champions League,bayern_2012_13 vs dortmund_2012_13,bayern_2012_13,David Alaba,LB,27,Austria,23,Bayern – UCL Treble,4-2-3-1,2012-13,Champions League,Dortmund,alaba_david,0.18,0.7,0
72,72,real_xis_bayern_dortmund_matches.csv,real_xis_bayern_dortmund_matches,Unknown,Champions League,bayern_2012_13 vs dortmund_2012_13,bayern_2012_13,Bastian Schweinsteiger,DM1,31,Germany,23,Bayern – UCL Treble,4-2-3-1,2012-13,Champions League,Dortmund,schweinsteiger_bastian,0.6,0.6,0
72,72,real_xis_bayern_dortmund_matches.csv,real_xis_bayern_dortmund_matches,Unknown,Champions League,bayern_2012_13 vs dortmund_2012_13,dortmund_2012_13,Roman Weidenfeller,GK,1,Germany,24,Dortmund – UCL finalists,4-2-3-1,2012-13,Champions League,Bayern,weidenfeller_roman,0.5,0.9,0
72,72,real_xis_bayern_dortmund_matches.csv,real_xis_bayern_dortmund_matches,Unknown,Champions League,bayern_2012_13 vs dortmund_2012_13,dortmund_2012_13,Neven Subotic,RCB,4,Former Professional,24,Dortmund – UCL finalists,4-2-3-1,2012-13,Champions League,Bayern,subotic_neven,0.62,0.75,0
72,72,real_xis_bayern_dortmund_matches.csv,real_xis_bayern_dortmund_matches,Unknown,Champions League,bayern_2012_13 vs dortmund_2012_13,dortmund_2012_13,Sven Bender,DM1,6,Netherlands,24,Dortmund – UCL finalists,4-2-3-1,2012-13,Champions League,Bayern,bender_sven,0.6,0.6,0
72,72,real_xis_bayern_dortmund_matches.csv,real_xis_bayern_dortmund_matches,Unknown,Champions League,bayern_2012_13 vs dortmund_2012_13,dortmund_2012_13,Ilkay Gundogan,DM2,8,Portugal,24,Dortmund – UCL finalists,4-2-3-1,2012-13,Champions League,Bayern,gundogan_ilkay,0.4,0.6,0
72,72,real_xis_bayern_dortmund_matches.csv,real_xis_bayern_dortmund_matches,Unknown,Champions League,bayern_2012_13 vs dortmund_2012_13,dortmund_2012_13,Robert Lewandowski,ST,9,Poland,24,Dortmund – UCL finalists,4-2-3-1,2012-13,Champions League,Bayern,lewandowski_robert,0.5,0.18,0
72,72,real_xis_bayern_dortmund_matches.csv,real_xis_bayern_dortmund_matches,Unknown,Champions League,bayern_2012_13 vs dortmund_2012_13,dortmund_2012_13,Marco Reus,CAM,11,Germany,24,Dortmund – UCL finalists,4-2-3-1,2012-13,Champions League,Bayern,reus_marco,0.5,0.35,0
72,72,real_xis_bayern_dortmund_matches.csv,real_xis_bayern_dortmund_matches,Unknown,Champions League,bayern_2012_13 vs dortmund_2012_13,dortmund_2012_13,Mats Hummels,LCB,15,German Former,24,Dortmund – UCL finalists,4-2-3-1,2012-13,Champions League,Bayern,hummels_mats,0.38,0.75,0
72,72,real_xis_bayern_dortmund_matches.csv,real_xis_bayern_dortmund_matches,Unknown,Champions League,bayern_2012_13 vs dortmund_2012_13,dortmund_2012_13,Jakub Blaszczykowski,RW,16,The Nie Wstydz,24,Dortmund – UCL finalists,4-2-3-1,2012-13,Champions League,Bayern,blaszczykowski_jakub,0.78,0.38,0
72,72,real_xis_bayern_dortmund_matches.csv,real_xis_bayern_dortmund_matches,Unknown,Champions League,bayern_2012_13 vs dortmund_2012_13,dortmund_2012_13,Kevin Grosskreutz,LW,19,Unknown,24,Dortmund – UCL finalists,4-2-3-1,2012-13,Champions League,Bayern,grosskreutz_kevin,0.22,0.38,0
72,72,real_xis_bayern_dortmund_matches.csv,real_xis_bayern_dortmund_matches,Unknown,Champions League,bayern_2012_13 vs dortmund_2012_13,dortmund_2012_13,Lukasz Piszczek,RB,26,Polish Professional,24,Dortmund – UCL finalists,4-2-3-1,2012-13,Champions League,Bayern,piszczek_lukasz,0.82,0.7,0
72,72,real_xis_bayern_dortmund_matches.csv,real_xis_bayern_dortmund_matches,Unknown,Champions League,bayern_2012_13 vs dortmund_2012_13,dortmund_2012_13,Marcel Schmelzer,LB,29,German Former Professional,24,Dortmund – UCL finalists,4-2-3-1,2012-13,Champions League,Bayern,schmelzer_marcel,0.18,0.7,0
73,73,real_xis_bayern_dortmund_matches.csv,real_xis_bayern_dortmund_matches,Unknown,DFB-Pokal,dortmund_2011_12 vs bayern_2011_12,bayern_2011_12,Manuel Neuer,GK,1,Germany,26,Bayern – Pokal runners-up,4-2-3-1,2011-12,DFB-Pokal,Dortmund,neuer_manuel,0.5,0.9,1
73,73,real_xis_bayern_dortmund_matches.csv,real_xis_bayern_dortmund_matches,Unknown,DFB-Pokal,dortmund_2011_12 vs bayern_2011_12,bayern_2011_12,Franck Ribery,LW,7,French Former Professional,26,Bayern – Pokal runners-up,4-2-3-1,2011-12,DFB-Pokal,Dortmund,ribery_franck,0.22,0.38,1
73,73,real_xis_bayern_dortmund_matches.csv,real_xis_bayern_dortmund_matches,Unknown,DFB-Pokal,dortmund_2011_12 vs bayern_2011_12,bayern_2011_12,Arjen Robben,RW,10,Netherlands,26,Bayern – Pokal runners-up,4-2-3-1,2011-12,DFB-Pokal,Dortmund,robben_arjen,0.78,0.38,1
73,73,real_xis_bayern_dortmund_matches.csv,real_xis_bayern_dortmund_matches,Unknown,DFB-Pokal,dortmund_2011_12 vs bayern_2011_12,bayern_2011_12,Jerome Boateng,RCB,17,German Professional,26,Bayern – Pokal runners-up,4-2-3-1,2011-12,DFB-Pokal,Dortmund,boateng_jerome,0.62,0.75,1
73,73,real_xis_bayern_dortmund_matches.csv,real_xis_bayern_dortmund_matches,Unknown,DFB-Pokal,dortmund_2011_12 vs bayern_2011_12,bayern_2011_12,Philipp Lahm,RB,21,Germany,26,Bayern – Pokal runners-up,4-2-3-1,2011-12,DFB-Pokal,Dortmund,lahm_philipp,0.82,0.7,1
73,73,real_xis_bayern_dortmund_matches.csv,real_xis_bayern_dortmund_matches,Unknown,DFB-Pokal,dortmund_2011_12 vs bayern_2011_12,bayern_2011_12,Thomas Muller,CAM,25,France,26,Bayern – Pokal runners-up,4-2-3-1,2011-12,DFB-Pokal,Dortmund,muller_thomas,0.5,0.35,1
73,73,real_xis_bayern_dortmund_matches.csv,real_xis_bayern_dortmund_matches,Unknown,DFB-Pokal,dortmund_2011_12 vs bayern_2011_12,bayern_2011_12,Diego Contento,LB,26,Italy,26,Bayern – Pokal runners-up,4-2-3-1,2011-12,DFB-Pokal,Dortmund,contento_diego,0.18,0.7,1
73,73,real_xis_bayern_dortmund_matches.csv,real_xis_bayern_dortmund_matches,Unknown,DFB-Pokal,dortmund_2011_12 vs bayern_2011_12,bayern_2011_12,Bastian Schweinsteiger,DM1,31,Germany,26,Bayern – Pokal runners-up,4-2-3-1,2011-12,DFB-Pokal,Dortmund,schweinsteiger_bastian,0.6,0.6,1
73,73,real_xis_bayern_dortmund_matches.csv,real_xis_bayern_dortmund_matches,Unknown,DFB-Pokal,dortmund_2011_12 vs bayern_2011_12,bayern_2011_12,Mario Gomez,ST,33,Germany,26,Bayern – Pokal runners-up,4-2-3-1,2011-12,DFB-Pokal,Dortmund,gomez_mario,0.5,0.18,1
73,73,real_xis_bayern_dortmund_matches.csv,real_xis_bayern_dortmund_matches,Unknown,DFB-Pokal,dortmund_2011_12 vs bayern_2011_12,bayern_2011_12,Toni Kroos,DM2,39,German Former Professional,26,Bayern – Pokal runners-up,4-2-3-1,2011-12,DFB-Pokal,Dortmund,kroos_toni,0.4,0.6,1
73,73,real_xis_bayern_dortmund_matches.csv,real_xis_bayern_dortmund_matches,Unknown,DFB-Pokal,dortmund_2011_12 vs bayern_2011_12,bayern_2011_12,Anatoliy Tymoshchuk,LCB,44,Ukraine,26,Bayern – Pokal runners-up,4-2-3-1,2011-12,DFB-Pokal,Dortmund,tymoshchuk_anatoliy,0.38,0.75,1
73,73,real_xis_bayern_dortmund_matches.csv,real_xis_bayern_dortmund_matches,Unknown,DFB-Pokal,dortmund_2011_12 vs bayern_2011_12,dortmund_2011_12,Roman Weidenfeller,GK,1,Germany,25,Dortmund – Pokal winners,4-2-3-1,2011-12,DFB-Pokal,Bayern,weidenfeller_roman,0.5,0.9,1
73,73,real_xis_bayern_dortmund_matches.csv,real_xis_bayern_dortmund_matches,Unknown,DFB-Pokal,dortmund_2011_12 vs bayern_2011_12,dortmund_2011_12,Neven Subotic,RCB,4,Former Professional,25,Dortmund – Pokal winners,4-2-3-1,2011-12,DFB-Pokal,Bayern,subotic_neven,0.62,0.75,1
73,73,real_xis_bayern_dortmund_matches.csv,real_xis_bayern_dortmund_matches,Unknown,DFB-Pokal,dortmund_2011_12 vs bayern_2011_12,dortmund_2011_12,Sebastian Kehl,DM1,5,German Former Professional,25,Dortmund – Pokal winners,4-2-3-1,2011-12,DFB-Pokal,Bayern,kehl_sebastian,0.6,0.6,1
73,73,real_xis_bayern_dortmund_matches.csv,real_xis_bayern_dortmund_matches,Unknown,DFB-Pokal,dortmund_2011_12 vs bayern_2011_12,dortmund_2011_12,Ilkay Gundogan,DM2,8,Portugal,25,Dortmund – Pokal winners,4-2-3-1,2011-12,DFB-Pokal,Bayern,gundogan_ilkay,0.4,0.6,1
73,73,real_xis_bayern_dortmund_matches.csv,real_xis_bayern_dortmund_matches,Unknown,DFB-Pokal,dortmund_2011_12 vs bayern_2011_12,dortmund_2011_12,Robert Lewandowski,ST,9,Poland,25,Dortmund – Pokal winners,4-2-3-1,2011-12,DFB-Pokal,Bayern,lewandowski_robert,0.5,0.18,1
73,73,real_xis_bayern_dortmund_matches.csv,real_xis_bayern_dortmund_matches,Unknown,DFB-Pokal,dortmund_2011_12 vs bayern_2011_12,dortmund_2011_12,Mats Hummels,LCB,15,German Former,25,Dortmund – Pokal winners,4-2-3-1,2011-12,DFB-Pokal,Bayern,hummels_mats,0.38,0.75,1
73,73,real_xis_bayern_dortmund_matches.csv,real_xis_bayern_dortmund_matches,Unknown,DFB-Pokal,dortmund_2011_12 vs bayern_2011_12,dortmund_2011_12,Jakub Blaszczykowski,RW,16,The Nie Wstydz,25,Dortmund – Pokal winners,4-2-3-1,2011-12,DFB-Pokal,Bayern,blaszczykowski_jakub,0.78,0.38,1
73,73,real_xis_bayern_dortmund_matches.csv,real_xis_bayern_dortmund_matches,Unknown,DFB-Pokal,dortmund_2011_12 vs bayern_2011_12,dortmund_2011_12,Kevin Grosskreutz,LW,19,Unknown,25,Dortmund – Pokal winners,4-2-3-1,2011-12,DFB-Pokal,Bayern,grosskreutz_kevin,0.22,0.38,1
73,73,real_xis_bayern_dortmund_matches.csv,real_xis_bayern_dortmund_matches,Unknown,DFB-Pokal,dortmund_2011_12 vs bayern_2011_12,dortmund_2011_12,Shinji Kagawa,CAM,23,Japan,25,Dortmund – Pokal winners,4-2-3-1,2011-12,DFB-Pokal,Bayern,kagawa_shinji,0.5,0.35,1
73,73,real_xis_bayern_dortmund_matches.csv,real_xis_bayern_dortmund_matches,Unknown,DFB-Pokal,dortmund_2011_12 vs bayern_2011_12,dortmund_2011_12,Lukasz Piszczek,RB,26,Polish Professional,25,Dortmund – Pokal winners,4-2-3-1,2011-12,DFB-Pokal,Bayern,piszczek_lukasz,0.82,0.7,1
73,73,real_xis_bayern_dortmund_matches.csv,real_xis_bayern_dortmund_matches,Unknown,DFB-Pokal,dortmund_2011_12 vs bayern_2011_12,dortmund_2011_12,Marcel Schmelzer,LB,29,German Former Professional,25,Dortmund – Pokal winners,4-2-3-1,2011-12,DFB-Pokal,Bayern,schmelzer_marcel,0.18,0.7,1
74,74,real_xis_bayern_dortmund_matches.csv,real_xis_bayern_dortmund_matches,Unknown,Bundesliga,schalke_2017_18 vs dortmund_2017_18,dortmund_2017_18,Andriy Yarmolenko,LW,9,Ukraine,28,Dortmund – Revierderby collapse,4-2-3-1,2017-18,Bundesliga,Schalke,yarmolenko_andriy,0.22,0.38,2
74,74,real_xis_bayern_dortmund_matches.csv,real_xis_bayern_dortmund_matches,Unknown,Bundesliga,schalke_2017_18 vs dortmund_2017_18,dortmund_2017_18,Mario Gotze,DM2,10,German Professional,28,Dortmund – Revierderby collapse,4-2-3-1,2017-18,Bundesliga,Schalke,gotze_mario,0.4,0.6,2
74,74,real_xis_bayern_dortmund_matches.csv,real_xis_bayern_dortmund_matches,Unknown,Bundesliga,schalke_2017_18 vs dortmund_2017_18,dortmund_2017_18,Raphael Guerreiro,RW,13,Unknown,28,Dortmund – Revierderby collapse,4-2-3-1,2017-18,Bundesliga,Schalke,guerreiro_raphael,0.78,0.38,2
74,74,real_xis_bayern_dortmund_matches.csv,real_xis_bayern_dortmund_matches,Unknown,Bundesliga,schalke_2017_18 vs dortmund_2017_18,dortmund_2017_18,Jeremy Toljan,LB,15,German Professional,28,Dortmund – Revierderby collapse,4-2-3-1,2017-18,Bundesliga,Schalke,toljan_jeremy,0.18,0.7,2
74,74,real_xis_bayern_dortmund_matches.csv,real_xis_bayern_dortmund_matches,Unknown,Bundesliga,schalke_2017_18 vs dortmund_2017_18,dortmund_2017_18,Pierre-Emerick Aubameyang,ST,17,France,28,Dortmund – Revierderby collapse,4-2-3-1,2017-18,Bundesliga,Schalke,aubameyang_pierreemerick,0.5,0.18,2
74,74,real_xis_bayern_dortmund_matches.csv,real_xis_bayern_dortmund_matches,Unknown,Bundesliga,schalke_2017_18 vs dortmund_2017_18,dortmund_2017_18,Shinji Kagawa,CAM,23,Japan,28,Dortmund – Revierderby collapse,4-2-3-1,2017-18,Bundesliga,Schalke,kagawa_shinji,0.5,0.35,2
74,74,real_xis_bayern_dortmund_matches.csv,real_xis_bayern_dortmund_matches,Unknown,Bundesliga,schalke_2017_18 vs dortmund_2017_18,dortmund_2017_18,Sokratis Papastathopoulos,RCB,25,Greek Former Professional,28,Dortmund – Revierderby collapse,4-2-3-1,2017-18,Bundesliga,Schalke,papastathopoulos_sokratis,0.62,0.75,2
74,74,real_xis_bayern_dortmund_matches.csv,real_xis_bayern_dortmund_matches,Unknown,Bundesliga,schalke_2017_18 vs dortmund_2017_18,dortmund_2017_18,Lukasz Piszczek,RB,26,Polish Professional,28,Dortmund – Revierderby collapse,4-2-3-1,2017-18,Bundesliga,Schalke,piszczek_lukasz,0.82,0.7,2
74,74,real_xis_bayern_dortmund_matches.csv,real_xis_bayern_dortmund_matches,Unknown,Bundesliga,schalke_2017_18 vs dortmund_2017_18,dortmund_2017_18,Julian Weigl,DM1,33,German Professional,28,Dortmund – Revierderby collapse,4-2-3-1,2017-18,Bundesliga,Schalke,weigl_julian,0.6,0.6,2
74,74,real_xis_bayern_dortmund_matches.csv,real_xis_bayern_dortmund_matches,Unknown,Bundesliga,schalke_2017_18 vs dortmund_2017_18,dortmund_2017_18,Omer Toprak,LCB,36,Former Professional,28,Dortmund – Revierderby collapse,4-2-3-1,2017-18,Bundesliga,Schalke,toprak_omer,0.38,0.75,2
74,74,real_xis_bayern_dortmund_matches.csv,real_xis_bayern_dortmund_matches,Unknown,Bundesliga,schalke_2017_18 vs dortmund_2017_18,dortmund_2017_18,Roman Burki,GK,38,Swiss Professional,28,Dortmund – Revierderby collapse,4-2-3-1,2017-18,Bundesliga,Schalke,burki_roman,0.5,0.9,2
74,74,real_xis_bayern_dortmund_matches.csv,real_xis_bayern_dortmund_matches,Unknown,Bundesliga,schalke_2017_18 vs dortmund_2017_18,schalke_2017_18,Ralf Fahrmann,GK,1,Germany,27,Schalke – Revierderby comeback,3-4-1-2,2017-18,Bundesliga,Dortmund,fahrmann_ralf,0.5,0.9,2
74,74,real_xis_bayern_dortmund_matches.csv,real_xis_bayern_dortmund_matches,Unknown,Bundesliga,schalke_2017_18 vs dortmund_2017_18,schalke_2017_18,Weston McKennie,CM2,2,Usl League One,27,Schalke – Revierderby comeback,3-4-1-2,2017-18,Bundesliga,Dortmund,mckennie_weston,0.35,0.52,2
74,74,real_xis_bayern_dortmund_matches.csv,real_xis_bayern_dortmund_matches,Unknown,Bundesliga,schalke_2017_18 vs dortmund_2017_18,schalke_2017_18,Thilo Kehrer,LCB,5,German Professional,27,Schalke – Revierderby comeback,3-4-1-2,2017-18,Bundesliga,Dortmund,kehrer_thilo,0.5,0.5,2
74,74,real_xis_bayern_dortmund_matches.csv,real_xis_bayern_dortmund_matches,Unknown,Bundesliga,schalke_2017_18 vs dortmund_2017_18,schalke_2017_18,Leon Goretzka,CM1,8,Germany,27,Schalke – Revierderby comeback,3-4-1-2,2017-18,Bundesliga,Dortmund,goretzka_leon,0.55,0.52,2
74,74,real_xis_bayern_dortmund_matches.csv,real_xis_bayern_dortmund_matches,Unknown,Bundesliga,schalke_2017_18 vs dortmund_2017_18,schalke_2017_18,Franco Di Santo,ST2,9,Italy,27,Schalke – Revierderby comeback,3-4-1-2,2017-18,Bundesliga,Dortmund,di_santo_franco,0.4,0.2,2
74,74,real_xis_bayern_dortmund_matches.csv,real_xis_bayern_dortmund_matches,Unknown,Bundesliga,schalke_2017_18 vs dortmund_2017_18,schalke_2017_18,Benjamin Stambouli,RB,17,France,27,Schalke – Revierderby comeback,3-4-1-2,2017-18,Bundesliga,Dortmund,stambouli_benjamin,0.82,0.7,2
74,74,real_xis_bayern_dortmund_matches.csv,real_xis_bayern_dortmund_matches,Unknown,Bundesliga,schalke_2017_18 vs dortmund_2017_18,schalke_2017_18,Daniel Caligiuri,RM,18,Portugal,27,Schalke – Revierderby comeback,3-4-1-2,2017-18,Bundesliga,Dortmund,caligiuri_daniel,0.78,0.52,2
74,74,real_xis_bayern_dortmund_matches.csv,real_xis_bayern_dortmund_matches,Unknown,Bundesliga,schalke_2017_18 vs dortmund_2017_18,schalke_2017_18,Guido Burgstaller,ST1,19,Portugal,27,Schalke – Revierderby comeback,3-4-1-2,2017-18,Bundesliga,Dortmund,burgstaller_guido,0.6,0.2,2
74,74,real_xis_bayern_dortmund_matches.csv,real_xis_bayern_dortmund_matches,Unknown,Bundesliga,schalke_2017_18 vs dortmund_2017_18,schalke_2017_18,Bastian Oczipka,LB,24,Germany,27,Schalke – Revierderby comeback,3-4-1-2,2017-18,Bundesliga,Dortmund,oczipka_bastian,0.18,0.7,2
74,74,real_xis_bayern_dortmund_matches.csv,real_xis_bayern_dortmund_matches,Unknown,Bundesliga,schalke_2017_18 vs dortmund_2017_18,schalke_2017_18,Amine Harit,LM,25,Morocco,27,Schalke – Revierderby comeback,3-4-1-2,2017-18,Bundesliga,Dortmund,harit_amine,0.22,0.52,2
74,74,real_xis_bayern_dortmund_matches.csv,real_xis_bayern_dortmund_matches,Unknown,Bundesliga,schalke_2017_18 vs dortmund_2017_18,schalke_2017_18,Naldo,RCB,29,Portugal,27,Schalke – Revierderby comeback,3-4-1-2,2017-18,Bundesliga,Dortmund,naldo_,0.5,0.5,2
75,75,real_xis_bayern_dortmund_matches.csv,real_xis_bayern_dortmund_matches,Unknown,Bundesliga,bayern_2018_19 vs dortmund_2018_19,bayern_2018_19,Manuel Neuer,GK,1,Germany,29,Bayern – 5–0 Klassiker,4-2-3-1,2018-19,Bundesliga,Dortmund,neuer_manuel,0.5,0.9,3
75,75,real_xis_bayern_dortmund_matches.csv,real_xis_bayern_dortmund_matches,Unknown,Bundesliga,bayern_2018_19 vs dortmund_2018_19,bayern_2018_19,Mats Hummels,LCB,5,German Former,29,Bayern – 5–0 Klassiker,4-2-3-1,2018-19,Bundesliga,Dortmund,hummels_mats,0.38,0.75,3
75,75,real_xis_bayern_dortmund_matches.csv,real_xis_bayern_dortmund_matches,Unknown,Bundesliga,bayern_2018_19 vs dortmund_2018_19,bayern_2018_19,Thiago Alcantara,DM2,6,Norwegian Professional,29,Bayern – 5–0 Klassiker,4-2-3-1,2018-19,Bundesliga,Dortmund,alcantara_thiago,0.4,0.6,3
75,75,real_xis_bayern_dortmund_matches.csv,real_xis_bayern_dortmund_matches,Unknown,Bundesliga,bayern_2018_19 vs dortmund_2018_19,bayern_2018_19,Javi Martinez,DM1,8,Spain,29,Bayern – 5–0 Klassiker,4-2-3-1,2018-19,Bundesliga,Dortmund,martinez_javi,0.6,0.6,3
75,75,real_xis_bayern_dortmund_matches.csv,real_xis_bayern_dortmund_matches,Unknown,Bundesliga,bayern_2018_19 vs dortmund_2018_19,bayern_2018_19,Robert Lewandowski,ST,9,Poland,29,Bayern – 5–0 Klassiker,4-2-3-1,2018-19,Bundesliga,Dortmund,lewandowski_robert,0.5,0.18,3
75,75,real_xis_bayern_dortmund_matches.csv,real_xis_bayern_dortmund_matches,Unknown,Bundesliga,bayern_2018_19 vs dortmund_2018_19,bayern_2018_19,Jerome Boateng,RCB,17,German Professional,29,Bayern – 5–0 Klassiker,4-2-3-1,2018-19,Bundesliga,Dortmund,boateng_jerome,0.62,0.75,3
75,75,real_xis_bayern_dortmund_matches.csv,real_xis_bayern_dortmund_matches,Unknown,Bundesliga,bayern_2018_19 vs dortmund_2018_19,bayern_2018_19,Serge Gnabry,RW,22,Germany,29,Bayern – 5–0 Klassiker,4-2-3-1,2018-19,Bundesliga,Dortmund,gnabry_serge,0.78,0.38,3
75,75,real_xis_bayern_dortmund_matches.csv,real_xis_bayern_dortmund_matches,Unknown,Bundesliga,bayern_2018_19 vs dortmund_2018_19,bayern_2018_19,Thomas Muller,CAM,25,France,29,Bayern – 5–0 Klassiker,4-2-3-1,2018-19,Bundesliga,Dortmund,muller_thomas,0.5,0.35,3
75,75,real_xis_bayern_dortmund_matches.csv,real_xis_bayern_dortmund_matches,Unknown,Bundesliga,bayern_2018_19 vs dortmund_2018_19,bayern_2018_19,David Alaba,LB,27,Austria,29,Bayern – 5–0 Klassiker,4-2-3-1,2018-19,Bundesliga,Dortmund,alaba_david,0.18,0.7,3
75,75,real_xis_bayern_dortmund_matches.csv,real_xis_bayern_dortmund_matches,Unknown,Bundesliga,bayern_2018_19 vs dortmund_2018_19,bayern_2018_19,Kingsley Coman,LW,29,Netherlands,29,Bayern – 5–0 Klassiker,4-2-3-1,2018-19,Bundesliga,Dortmund,coman_kingsley,0.22,0.38,3
75,75,real_xis_bayern_dortmund_matches.csv,real_xis_bayern_dortmund_matches,Unknown,Bundesliga,bayern_2018_19 vs dortmund_2018_19,bayern_2018_19,Joshua Kimmich,RB,32,Germany,29,Bayern – 5–0 Klassiker,4-2-3-1,2018-19,Bundesliga,Dortmund,kimmich_joshua,0.82,0.7,3
75,75,real_xis_bayern_dortmund_matches.csv,real_xis_bayern_dortmund_matches,Unknown,Bundesliga,bayern_2018_19 vs dortmund_2018_19,dortmund_2018_19,Dan-Axel Zagadou,LCB,2,Portugal,30,Dortmund – Klassiker defeat,4-2-3-1,2018-19,Bundesliga,Bayern,zagadou_danaxel,0.38,0.75,3
75,75,real_xis_bayern_dortmund_matches.csv,real_xis_bayern_dortmund_matches,Unknown,Bundesliga,bayern_2018_19 vs dortmund_2018_19,dortmund_2018_19,Abdou Diallo,LB,4,Senegal,30,Dortmund – Klassiker defeat,4-2-3-1,2018-19,Bundesliga,Bayern,diallo_abdou,0.18,0.7,3
75,75,real_xis_bayern_dortmund_matches.csv,real_xis_bayern_dortmund_matches,Unknown,Bundesliga,bayern_2018_19 vs dortmund_2018_19,dortmund_2018_19,Thomas Delaney,DM1,6,France,30,Dortmund – Klassiker defeat,4-2-3-1,2018-19,Bundesliga,Bayern,delaney_thomas,0.6,0.6,3
75,75,real_xis_bayern_dortmund_matches.csv,real_xis_bayern_dortmund_matches,Unknown,Bundesliga,bayern_2018_19 vs dortmund_2018_19,dortmund_2018_19,Jadon Sancho,RW,7,Portugal,30,Dortmund – Klassiker defeat,4-2-3-1,2018-19,Bundesliga,Bayern,sancho_jadon,0.78,0.38,3
75,75,real_xis_bayern_dortmund_matches.csv,real_xis_bayern_dortmund_matches,Unknown,Bundesliga,bayern_2018_19 vs dortmund_2018_19,dortmund_2018_19,Mahmoud Dahoud,CAM,8,Portugal,30,Dortmund – Klassiker defeat,4-2-3-1,2018-19,Bundesliga,Bayern,dahoud_mahmoud,0.5,0.35,3
75,75,real_xis_bayern_dortmund_matches.csv,real_xis_bayern_dortmund_matches,Unknown,Bundesliga,bayern_2018_19 vs dortmund_2018_19,dortmund_2018_19,Mario Gotze,ST,10,German Professional,30,Dortmund – Klassiker defeat,4-2-3-1,2018-19,Bundesliga,Bayern,gotze_mario,0.5,0.18,3
75,75,real_xis_bayern_dortmund_matches.csv,real_xis_bayern_dortmund_matches,Unknown,Bundesliga,bayern_2018_19 vs dortmund_2018_19,dortmund_2018_19,Raphael Guerreiro,LW,13,Unknown,30,Dortmund – Klassiker defeat,4-2-3-1,2018-19,Bundesliga,Bayern,guerreiro_raphael,0.22,0.38,3
75,75,real_xis_bayern_dortmund_matches.csv,real_xis_bayern_dortmund_matches,Unknown,Bundesliga,bayern_2018_19 vs dortmund_2018_19,dortmund_2018_19,Manuel Akanji,RCB,16,Switzerland,30,Dortmund – Klassiker defeat,4-2-3-1,2018-19,Bundesliga,Bayern,akanji_manuel,0.62,0.75,3
75,75,real_xis_bayern_dortmund_matches.csv,real_xis_bayern_dortmund_matches,Unknown,Bundesliga,bayern_2018_19 vs dortmund_2018_19,dortmund_2018_19,Marius Wolf,RB,27,Unknown,30,Dortmund – Klassiker defeat,4-2-3-1,2018-19,Bundesliga,Bayern,wolf_marius,0.82,0.7,3
75,75,real_xis_bayern_dortmund_matches.csv,real_xis_bayern_dortmund_matches,Unknown,Bundesliga,bayern_2018_19 vs dortmund_2018_19,dortmund_2018_19,Axel Witsel,DM2,28,Belgium,30,Dortmund – Klassiker defeat,4-2-3-1,2018-19,Bundesliga,Bayern,witsel_axel,0.4,0.6,3
75,75,real_xis_bayern_dortmund_matches.csv,real_xis_bayern_dortmund_matches,Unknown,Bundesliga,bayern_2018_19 vs dortmund_2018_19,dortmund_2018_19,Roman Burki,GK,38,Swiss Professional,30,Dortmund – Klassiker defeat,4-2-3-1,2018-19,Bundesliga,Bayern,burki_roman,0.5,0.9,3
76,76,serie_a_derbies_and_deciders_lineups.csv,serie_a_derbies_and_deciders_lineups,Unknown,Serie A,juventus_1997_scudetto_decider vs ac_milan_2001_derby_6_0,ac_milan_2001_derby_6_0,Sebastiano Rossi,GK,1,Italy,2,"AC Milan 6–0 Inter, May 11, 2001 (Derby della Madonnina)",4-4-2,2000-01,Serie A,Inter Milan,rossi_sebastiano,0.5,0.95,0
76,76,serie_a_derbies_and_deciders_lineups.csv,serie_a_derbies_and_deciders_lineups,Unknown,Serie A,juventus_1997_scudetto_decider vs ac_milan_2001_derby_6_0,ac_milan_2001_derby_6_0,Thomas Helveg,RB,2,France,2,"AC Milan 6–0 Inter, May 11, 2001 (Derby della Madonnina)",4-4-2,2000-01,Serie A,Inter Milan,helveg_thomas,0.8,0.8,0
76,76,serie_a_derbies_and_deciders_lineups.csv,serie_a_derbies_and_deciders_lineups,Unknown,Serie A,juventus_1997_scudetto_decider vs ac_milan_2001_derby_6_0,ac_milan_2001_derby_6_0,Paolo Maldini,LB,3,Italy,2,"AC Milan 6–0 Inter, May 11, 2001 (Derby della Madonnina)",4-4-2,2000-01,Serie A,Inter Milan,maldini_paolo,0.2,0.8,0
76,76,serie_a_derbies_and_deciders_lineups.csv,serie_a_derbies_and_deciders_lineups,Unknown,Serie A,juventus_1997_scudetto_decider vs ac_milan_2001_derby_6_0,ac_milan_2001_derby_6_0,Alessandro Costacurta,RCB,5,Italy,2,"AC Milan 6–0 Inter, May 11, 2001 (Derby della Madonnina)",4-4-2,2000-01,Serie A,Inter Milan,costacurta_alessandro,0.65,0.85,0
76,76,serie_a_derbies_and_deciders_lineups.csv,serie_a_derbies_and_deciders_lineups,Unknown,Serie A,juventus_1997_scudetto_decider vs ac_milan_2001_derby_6_0,ac_milan_2001_derby_6_0,Andriy Shevchenko,RS,7,Ukraine,2,"AC Milan 6–0 Inter, May 11, 2001 (Derby della Madonnina)",4-4-2,2000-01,Serie A,Inter Milan,shevchenko_andriy,0.65,0.3,0
76,76,serie_a_derbies_and_deciders_lineups.csv,serie_a_derbies_and_deciders_lineups,Unknown,Serie A,juventus_1997_scudetto_decider vs ac_milan_2001_derby_6_0,ac_milan_2001_derby_6_0,Gennaro Gattuso,RM,8,Italy,2,"AC Milan 6–0 Inter, May 11, 2001 (Derby della Madonnina)",4-4-2,2000-01,Serie A,Inter Milan,gattuso_gennaro,0.8,0.6,0
76,76,serie_a_derbies_and_deciders_lineups.csv,serie_a_derbies_and_deciders_lineups,Unknown,Serie A,juventus_1997_scudetto_decider vs ac_milan_2001_derby_6_0,ac_milan_2001_derby_6_0,Gianni Comandini,LS,9,Italy,2,"AC Milan 6–0 Inter, May 11, 2001 (Derby della Madonnina)",4-4-2,2000-01,Serie A,Inter Milan,comandini_gianni,0.35,0.3,0
76,76,serie_a_derbies_and_deciders_lineups.csv,serie_a_derbies_and_deciders_lineups,Unknown,Serie A,juventus_1997_scudetto_decider vs ac_milan_2001_derby_6_0,ac_milan_2001_derby_6_0,Kakhaber Kaladze,LCM,13,Unknown,2,"AC Milan 6–0 Inter, May 11, 2001 (Derby della Madonnina)",4-4-2,2000-01,Serie A,Inter Milan,kaladze_kakhaber,0.4,0.6,0
76,76,serie_a_derbies_and_deciders_lineups.csv,serie_a_derbies_and_deciders_lineups,Unknown,Serie A,juventus_1997_scudetto_decider vs ac_milan_2001_derby_6_0,ac_milan_2001_derby_6_0,Federico Giunti,RCM,21,Netherlands,2,"AC Milan 6–0 Inter, May 11, 2001 (Derby della Madonnina)",4-4-2,2000-01,Serie A,Inter Milan,giunti_federico,0.6,0.6,0
76,76,serie_a_derbies_and_deciders_lineups.csv,serie_a_derbies_and_deciders_lineups,Unknown,Serie A,juventus_1997_scudetto_decider vs ac_milan_2001_derby_6_0,ac_milan_2001_derby_6_0,Roque Junior,LCB,25,Brazil,2,"AC Milan 6–0 Inter, May 11, 2001 (Derby della Madonnina)",4-4-2,2000-01,Serie A,Inter Milan,roque_junior,0.35,0.85,0
76,76,serie_a_derbies_and_deciders_lineups.csv,serie_a_derbies_and_deciders_lineups,Unknown,Serie A,juventus_1997_scudetto_decider vs ac_milan_2001_derby_6_0,ac_milan_2001_derby_6_0,Serginho,LM,27,Brazil,2,"AC Milan 6–0 Inter, May 11, 2001 (Derby della Madonnina)",4-4-2,2000-01,Serie A,Inter Milan,serginho,0.2,0.6,0
76,76,serie_a_derbies_and_deciders_lineups.csv,serie_a_derbies_and_deciders_lineups,Unknown,Serie A,juventus_1997_scudetto_decider vs ac_milan_2001_derby_6_0,juventus_1997_scudetto_decider,Angelo Peruzzi,GK,1,Italy,1,"Juventus 6–1 at AC Milan, Apr 6, 1997 (title decider)",4-4-2 diamond,1996-97,Serie A,AC Milan,peruzzi_angelo,0.5,0.95,0
76,76,serie_a_derbies_and_deciders_lineups.csv,serie_a_derbies_and_deciders_lineups,Unknown,Serie A,juventus_1997_scudetto_decider vs ac_milan_2001_derby_6_0,juventus_1997_scudetto_decider,Ciro Ferrara,LCB,2,Italy,1,"Juventus 6–1 at AC Milan, Apr 6, 1997 (title decider)",4-4-2 diamond,1996-97,Serie A,AC Milan,ferrara_ciro,0.35,0.85,0
76,76,serie_a_derbies_and_deciders_lineups.csv,serie_a_derbies_and_deciders_lineups,Unknown,Serie A,juventus_1997_scudetto_decider vs ac_milan_2001_derby_6_0,juventus_1997_scudetto_decider,Sergio Porrini,RB,5,Spain,1,"Juventus 6–1 at AC Milan, Apr 6, 1997 (title decider)",4-4-2 diamond,1996-97,Serie A,AC Milan,porrini_sergio,0.8,0.8,0
76,76,serie_a_derbies_and_deciders_lineups.csv,serie_a_derbies_and_deciders_lineups,Unknown,Serie A,juventus_1997_scudetto_decider vs ac_milan_2001_derby_6_0,juventus_1997_scudetto_decider,Dimas,LB,6,Italy,1,"Juventus 6–1 at AC Milan, Apr 6, 1997 (title decider)",4-4-2 diamond,1996-97,Serie A,AC Milan,dimas_paulo,0.2,0.8,0
76,76,serie_a_derbies_and_deciders_lineups.csv,serie_a_derbies_and_deciders_lineups,Unknown,Serie A,juventus_1997_scudetto_decider vs ac_milan_2001_derby_6_0,juventus_1997_scudetto_decider,Angelo Di Livio,RCM,7,Italy,1,"Juventus 6–1 at AC Milan, Apr 6, 1997 (title decider)",4-4-2 diamond,1996-97,Serie A,AC Milan,di_livio_angelo,0.6,0.6,0
76,76,serie_a_derbies_and_deciders_lineups.csv,serie_a_derbies_and_deciders_lineups,Unknown,Serie A,juventus_1997_scudetto_decider vs ac_milan_2001_derby_6_0,juventus_1997_scudetto_decider,Alen Boksic,LS,9,Croatia,1,"Juventus 6–1 at AC Milan, Apr 6, 1997 (title decider)",4-4-2 diamond,1996-97,Serie A,AC Milan,boksic_alen,0.35,0.3,0
76,76,serie_a_derbies_and_deciders_lineups.csv,serie_a_derbies_and_deciders_lineups,Unknown,Serie A,juventus_1997_scudetto_decider vs ac_milan_2001_derby_6_0,juventus_1997_scudetto_decider,Mark Iuliano,RCB,13,Unknown,1,"Juventus 6–1 at AC Milan, Apr 6, 1997 (title decider)",4-4-2 diamond,1996-97,Serie A,AC Milan,iuliano_mark,0.65,0.85,0
76,76,serie_a_derbies_and_deciders_lineups.csv,serie_a_derbies_and_deciders_lineups,Unknown,Serie A,juventus_1997_scudetto_decider vs ac_milan_2001_derby_6_0,juventus_1997_scudetto_decider,Christian Vieri,RS,15,Former Professional,1,"Juventus 6–1 at AC Milan, Apr 6, 1997 (title decider)",4-4-2 diamond,1996-97,Serie A,AC Milan,vieri_christian,0.65,0.3,0
76,76,serie_a_derbies_and_deciders_lineups.csv,serie_a_derbies_and_deciders_lineups,Unknown,Serie A,juventus_1997_scudetto_decider vs ac_milan_2001_derby_6_0,juventus_1997_scudetto_decider,Vladimir Jugovic,LCM,18,Italy,1,"Juventus 6–1 at AC Milan, Apr 6, 1997 (title decider)",4-4-2 diamond,1996-97,Serie A,AC Milan,jugovic_vladimir,0.4,0.6,0
76,76,serie_a_derbies_and_deciders_lineups.csv,serie_a_derbies_and_deciders_lineups,Unknown,Serie A,juventus_1997_scudetto_decider vs ac_milan_2001_derby_6_0,juventus_1997_scudetto_decider,Alessio Tacchinardi,CDM,20,Italy,1,"Juventus 6–1 at AC Milan, Apr 6, 1997 (title decider)",4-4-2 diamond,1996-97,Serie A,AC Milan,tacchinardi_alessio,0.5,0.7,0
76,76,serie_a_derbies_and_deciders_lineups.csv,serie_a_derbies_and_deciders_lineups,Unknown,Serie A,juventus_1997_scudetto_decider vs ac_milan_2001_derby_6_0,juventus_1997_scudetto_decider,Zinedine Zidane,CAM,21,France,1,"Juventus 6–1 at AC Milan, Apr 6, 1997 (title decider)",4-4-2 diamond,1996-97,Serie A,AC Milan,zidane_zinedine,0.5,0.5,0
77,77,serie_a_derbies_and_deciders_lineups.csv,serie_a_derbies_and_deciders_lineups,Unknown,UEFA Champions League,ac_milan_2003_ucl_sf vs inter_2010_derby_win,ac_milan_2003_ucl_sf,Paolo Maldini,LB,3,Italy,3,"Milan 1–1 at Inter, May 13, 2003 (UCL semi-final 2nd leg)",4-3-1-2,2002-03,UEFA Champions League,Inter Milan,maldini_paolo,0.2,0.8,1
77,77,serie_a_derbies_and_deciders_lineups.csv,serie_a_derbies_and_deciders_lineups,Unknown,UEFA Champions League,ac_milan_2003_ucl_sf vs inter_2010_derby_win,ac_milan_2003_ucl_sf,Kakhaber Kaladze,RCB,4,Unknown,3,"Milan 1–1 at Inter, May 13, 2003 (UCL semi-final 2nd leg)",4-3-1-2,2002-03,UEFA Champions League,Inter Milan,kaladze_kakhaber,0.65,0.85,1
77,77,serie_a_derbies_and_deciders_lineups.csv,serie_a_derbies_and_deciders_lineups,Unknown,UEFA Champions League,ac_milan_2003_ucl_sf vs inter_2010_derby_win,ac_milan_2003_ucl_sf,Andriy Shevchenko,RS,7,Ukraine,3,"Milan 1–1 at Inter, May 13, 2003 (UCL semi-final 2nd leg)",4-3-1-2,2002-03,UEFA Champions League,Inter Milan,shevchenko_andriy,0.65,0.3,1
77,77,serie_a_derbies_and_deciders_lineups.csv,serie_a_derbies_and_deciders_lineups,Unknown,UEFA Champions League,ac_milan_2003_ucl_sf vs inter_2010_derby_win,ac_milan_2003_ucl_sf,Gennaro Gattuso,RCM,8,Italy,3,"Milan 1–1 at Inter, May 13, 2003 (UCL semi-final 2nd leg)",4-3-1-2,2002-03,UEFA Champions League,Inter Milan,gattuso_gennaro,0.65,0.6,1
77,77,serie_a_derbies_and_deciders_lineups.csv,serie_a_derbies_and_deciders_lineups,Unknown,UEFA Champions League,ac_milan_2003_ucl_sf vs inter_2010_derby_win,ac_milan_2003_ucl_sf,Filippo Inzaghi,LS,9,Piacenza,3,"Milan 1–1 at Inter, May 13, 2003 (UCL semi-final 2nd leg)",4-3-1-2,2002-03,UEFA Champions League,Inter Milan,inzaghi_filippo,0.35,0.3,1
77,77,serie_a_derbies_and_deciders_lineups.csv,serie_a_derbies_and_deciders_lineups,Unknown,UEFA Champions League,ac_milan_2003_ucl_sf vs inter_2010_derby_win,ac_milan_2003_ucl_sf,Rui Costa,CAM,10,Portugal,3,"Milan 1–1 at Inter, May 13, 2003 (UCL semi-final 2nd leg)",4-3-1-2,2002-03,UEFA Champions League,Inter Milan,rui_costa,0.5,0.5,1
77,77,serie_a_derbies_and_deciders_lineups.csv,serie_a_derbies_and_deciders_lineups,Unknown,UEFA Champions League,ac_milan_2003_ucl_sf vs inter_2010_derby_win,ac_milan_2003_ucl_sf,Alessandro Nesta,LCB,13,Italy,3,"Milan 1–1 at Inter, May 13, 2003 (UCL semi-final 2nd leg)",4-3-1-2,2002-03,UEFA Champions League,Inter Milan,nesta_alessandro,0.35,0.85,1
77,77,serie_a_derbies_and_deciders_lineups.csv,serie_a_derbies_and_deciders_lineups,Unknown,UEFA Champions League,ac_milan_2003_ucl_sf vs inter_2010_derby_win,ac_milan_2003_ucl_sf,Christian Abbiati,GK,18,Unknown,3,"Milan 1–1 at Inter, May 13, 2003 (UCL semi-final 2nd leg)",4-3-1-2,2002-03,UEFA Champions League,Inter Milan,abbiati_christian,0.5,0.95,1
77,77,serie_a_derbies_and_deciders_lineups.csv,serie_a_derbies_and_deciders_lineups,Unknown,UEFA Champions League,ac_milan_2003_ucl_sf vs inter_2010_derby_win,ac_milan_2003_ucl_sf,Alessandro Costacurta,RB,19,Italy,3,"Milan 1–1 at Inter, May 13, 2003 (UCL semi-final 2nd leg)",4-3-1-2,2002-03,UEFA Champions League,Inter Milan,costacurta_alessandro,0.8,0.8,1
77,77,serie_a_derbies_and_deciders_lineups.csv,serie_a_derbies_and_deciders_lineups,Unknown,UEFA Champions League,ac_milan_2003_ucl_sf vs inter_2010_derby_win,ac_milan_2003_ucl_sf,Clarence Seedorf,LCM,20,Netherlands,3,"Milan 1–1 at Inter, May 13, 2003 (UCL semi-final 2nd leg)",4-3-1-2,2002-03,UEFA Champions League,Inter Milan,seedorf_clarence,0.35,0.6,1
77,77,serie_a_derbies_and_deciders_lineups.csv,serie_a_derbies_and_deciders_lineups,Unknown,UEFA Champions League,ac_milan_2003_ucl_sf vs inter_2010_derby_win,ac_milan_2003_ucl_sf,Andrea Pirlo,CM,21,Italy,3,"Milan 1–1 at Inter, May 13, 2003 (UCL semi-final 2nd leg)",4-3-1-2,2002-03,UEFA Champions League,Inter Milan,pirlo_andrea,0.5,0.6,1
77,77,serie_a_derbies_and_deciders_lineups.csv,serie_a_derbies_and_deciders_lineups,Unknown,UEFA Champions League,ac_milan_2003_ucl_sf vs inter_2010_derby_win,inter_2010_derby_win,Javier Zanetti,RCM,4,Argentina,4,"Inter 2–0 AC Milan, Jan 24, 2010 (Serie A)",4-4-2 diamond,2009-10,Serie A,AC Milan,zanetti_javier,0.6,0.6,1
77,77,serie_a_derbies_and_deciders_lineups.csv,serie_a_derbies_and_deciders_lineups,Unknown,UEFA Champions League,ac_milan_2003_ucl_sf vs inter_2010_derby_win,inter_2010_derby_win,Lucio,RCB,6,Brazil,4,"Inter 2–0 AC Milan, Jan 24, 2010 (Serie A)",4-4-2 diamond,2009-10,Serie A,AC Milan,lucio,0.65,0.85,1
77,77,serie_a_derbies_and_deciders_lineups.csv,serie_a_derbies_and_deciders_lineups,Unknown,UEFA Champions League,ac_milan_2003_ucl_sf vs inter_2010_derby_win,inter_2010_derby_win,Wesley Sneijder,CAM,10,Netherlands,4,"Inter 2–0 AC Milan, Jan 24, 2010 (Serie A)",4-4-2 diamond,2009-10,Serie A,AC Milan,sneijder_wesley,0.5,0.5,1
77,77,serie_a_derbies_and_deciders_lineups.csv,serie_a_derbies_and_deciders_lineups,Unknown,UEFA Champions League,ac_milan_2003_ucl_sf vs inter_2010_derby_win,inter_2010_derby_win,Sulley Muntari,LCM,11,Ghanaian Former Professional,4,"Inter 2–0 AC Milan, Jan 24, 2010 (Serie A)",4-4-2 diamond,2009-10,Serie A,AC Milan,muntari_sulley,0.4,0.6,1
77,77,serie_a_derbies_and_deciders_lineups.csv,serie_a_derbies_and_deciders_lineups,Unknown,UEFA Champions League,ac_milan_2003_ucl_sf vs inter_2010_derby_win,inter_2010_derby_win,Julio Cesar,GK,12,Brazilian Former Professional,4,"Inter 2–0 AC Milan, Jan 24, 2010 (Serie A)",4-4-2 diamond,2009-10,Serie A,AC Milan,julio_cesar,0.5,0.95,1
77,77,serie_a_derbies_and_deciders_lineups.csv,serie_a_derbies_and_deciders_lineups,Unknown,UEFA Champions League,ac_milan_2003_ucl_sf vs inter_2010_derby_win,inter_2010_derby_win,Maicon,RB,13,Brazilian Former,4,"Inter 2–0 AC Milan, Jan 24, 2010 (Serie A)",4-4-2 diamond,2009-10,Serie A,AC Milan,maicon,0.8,0.8,1
77,77,serie_a_derbies_and_deciders_lineups.csv,serie_a_derbies_and_deciders_lineups,Unknown,UEFA Champions League,ac_milan_2003_ucl_sf vs inter_2010_derby_win,inter_2010_derby_win,Esteban Cambiasso,CDM,19,Unknown,4,"Inter 2–0 AC Milan, Jan 24, 2010 (Serie A)",4-4-2 diamond,2009-10,Serie A,AC Milan,cambiasso_esteban,0.5,0.7,1
77,77,serie_a_derbies_and_deciders_lineups.csv,serie_a_derbies_and_deciders_lineups,Unknown,UEFA Champions League,ac_milan_2003_ucl_sf vs inter_2010_derby_win,inter_2010_derby_win,Diego Milito,RS,22,Italy,4,"Inter 2–0 AC Milan, Jan 24, 2010 (Serie A)",4-4-2 diamond,2009-10,Serie A,AC Milan,milito_diego,0.65,0.3,1
77,77,serie_a_derbies_and_deciders_lineups.csv,serie_a_derbies_and_deciders_lineups,Unknown,UEFA Champions League,ac_milan_2003_ucl_sf vs inter_2010_derby_win,inter_2010_derby_win,Walter Samuel,LCB,25,Argentina,4,"Inter 2–0 AC Milan, Jan 24, 2010 (Serie A)",4-4-2 diamond,2009-10,Serie A,AC Milan,samuel_walter,0.35,0.85,1
77,77,serie_a_derbies_and_deciders_lineups.csv,serie_a_derbies_and_deciders_lineups,Unknown,UEFA Champions League,ac_milan_2003_ucl_sf vs inter_2010_derby_win,inter_2010_derby_win,Goran Pandev,LS,27,France,4,"Inter 2–0 AC Milan, Jan 24, 2010 (Serie A)",4-4-2 diamond,2009-10,Serie A,AC Milan,pandev_goran,0.35,0.3,1
77,77,serie_a_derbies_and_deciders_lineups.csv,serie_a_derbies_and_deciders_lineups,Unknown,UEFA Champions League,ac_milan_2003_ucl_sf vs inter_2010_derby_win,inter_2010_derby_win,Davide Santon,LB,39,England,4,"Inter 2–0 AC Milan, Jan 24, 2010 (Serie A)",4-4-2 diamond,2009-10,Serie A,AC Milan,santon_davide,0.2,0.8,1
78,78,serie_a_derbies_and_deciders_lineups.csv,serie_a_derbies_and_deciders_lineups,Unknown,Serie A,juventus_2001_roma_comeback vs napoli_2023_scudetto_clincher,juventus_2001_roma_comeback,Edwin van der Sar,GK,1,Netherlands,5,"Juventus 2–2 Roma, May 6, 2001 (Scudetto race)",4-4-2 diamond,2000-01,Serie A,AS Roma,van_der_sar_edwin,0.5,0.95,2
78,78,serie_a_derbies_and_deciders_lineups.csv,serie_a_derbies_and_deciders_lineups,Unknown,Serie A,juventus_2001_roma_comeback vs napoli_2023_scudetto_clincher,juventus_2001_roma_comeback,Paolo Montero,LCB,4,Argentina,5,"Juventus 2–2 Roma, May 6, 2001 (Scudetto race)",4-4-2 diamond,2000-01,Serie A,AS Roma,montero_paolo,0.35,0.85,2
78,78,serie_a_derbies_and_deciders_lineups.csv,serie_a_derbies_and_deciders_lineups,Unknown,Serie A,juventus_2001_roma_comeback vs napoli_2023_scudetto_clincher,juventus_2001_roma_comeback,Igor Tudor,RB,5,Portugal,5,"Juventus 2–2 Roma, May 6, 2001 (Scudetto race)",4-4-2 diamond,2000-01,Serie A,AS Roma,tudor_igor,0.8,0.8,2
78,78,serie_a_derbies_and_deciders_lineups.csv,serie_a_derbies_and_deciders_lineups,Unknown,Serie A,juventus_2001_roma_comeback vs napoli_2023_scudetto_clincher,juventus_2001_roma_comeback,Gianluca Pessotto,LB,7,Unknown,5,"Juventus 2–2 Roma, May 6, 2001 (Scudetto race)",4-4-2 diamond,2000-01,Serie A,AS Roma,pessotto_gianluca,0.2,0.8,2
78,78,serie_a_derbies_and_deciders_lineups.csv,serie_a_derbies_and_deciders_lineups,Unknown,Serie A,juventus_2001_roma_comeback vs napoli_2023_scudetto_clincher,juventus_2001_roma_comeback,Filippo Inzaghi,RS,9,Piacenza,5,"Juventus 2–2 Roma, May 6, 2001 (Scudetto race)",4-4-2 diamond,2000-01,Serie A,AS Roma,inzaghi_filippo,0.65,0.3,2
78,78,serie_a_derbies_and_deciders_lineups.csv,serie_a_derbies_and_deciders_lineups,Unknown,Serie A,juventus_2001_roma_comeback vs napoli_2023_scudetto_clincher,juventus_2001_roma_comeback,Alessandro Del Piero,LS,10,Italy,5,"Juventus 2–2 Roma, May 6, 2001 (Scudetto race)",4-4-2 diamond,2000-01,Serie A,AS Roma,del_piero_alessandro,0.35,0.3,2
78,78,serie_a_derbies_and_deciders_lineups.csv,serie_a_derbies_and_deciders_lineups,Unknown,Serie A,juventus_2001_roma_comeback vs napoli_2023_scudetto_clincher,juventus_2001_roma_comeback,Mark Iuliano,RCB,13,Unknown,5,"Juventus 2–2 Roma, May 6, 2001 (Scudetto race)",4-4-2 diamond,2000-01,Serie A,AS Roma,iuliano_mark,0.65,0.85,2
78,78,serie_a_derbies_and_deciders_lineups.csv,serie_a_derbies_and_deciders_lineups,Unknown,Serie A,juventus_2001_roma_comeback vs napoli_2023_scudetto_clincher,juventus_2001_roma_comeback,Gianluca Zambrotta,RCM,19,Italy,5,"Juventus 2–2 Roma, May 6, 2001 (Scudetto race)",4-4-2 diamond,2000-01,Serie A,AS Roma,zambrotta_gianluca,0.6,0.6,2
78,78,serie_a_derbies_and_deciders_lineups.csv,serie_a_derbies_and_deciders_lineups,Unknown,Serie A,juventus_2001_roma_comeback vs napoli_2023_scudetto_clincher,juventus_2001_roma_comeback,Alessio Tacchinardi,CDM,20,Italy,5,"Juventus 2–2 Roma, May 6, 2001 (Scudetto race)",4-4-2 diamond,2000-01,Serie A,AS Roma,tacchinardi_alessio,0.5,0.7,2
78,78,serie_a_derbies_and_deciders_lineups.csv,serie_a_derbies_and_deciders_lineups,Unknown,Serie A,juventus_2001_roma_comeback vs napoli_2023_scudetto_clincher,juventus_2001_roma_comeback,Zinedine Zidane,CAM,21,France,5,"Juventus 2–2 Roma, May 6, 2001 (Scudetto race)",4-4-2 diamond,2000-01,Serie A,AS Roma,zidane_zinedine,0.5,0.5,2
78,78,serie_a_derbies_and_deciders_lineups.csv,serie_a_derbies_and_deciders_lineups,Unknown,Serie A,juventus_2001_roma_comeback vs napoli_2023_scudetto_clincher,juventus_2001_roma_comeback,Edgar Davids,LCM,26,Netherlands,5,"Juventus 2–2 Roma, May 6, 2001 (Scudetto race)",4-4-2 diamond,2000-01,Serie A,AS Roma,davids_edgar,0.4,0.6,2
78,78,serie_a_derbies_and_deciders_lineups.csv,serie_a_derbies_and_deciders_lineups,Unknown,Serie A,juventus_2001_roma_comeback vs napoli_2023_scudetto_clincher,napoli_2023_scudetto_clincher,Alex Meret,GK,1,Italy,6,"Napoli drew 1–1 at Udinese to clinch the 2022–23 title (May 4, 2023)",4-3-3,2022-23,Serie A,Udinese,meret_alex,0.5,0.95,2
78,78,serie_a_derbies_and_deciders_lineups.csv,serie_a_derbies_and_deciders_lineups,Unknown,Serie A,juventus_2001_roma_comeback vs napoli_2023_scudetto_clincher,napoli_2023_scudetto_clincher,Min-jae Kim,LCB,3,Portugal,6,"Napoli drew 1–1 at Udinese to clinch the 2022–23 title (May 4, 2023)",4-3-3,2022-23,Serie A,Udinese,kim_minjae,0.35,0.85,2
78,78,serie_a_derbies_and_deciders_lineups.csv,serie_a_derbies_and_deciders_lineups,Unknown,Serie A,juventus_2001_roma_comeback vs napoli_2023_scudetto_clincher,napoli_2023_scudetto_clincher,Eljif Elmas,RW,7,Macedonian Professional,6,"Napoli drew 1–1 at Udinese to clinch the 2022–23 title (May 4, 2023)",4-3-3,2022-23,Serie A,Udinese,elmas_eljif,0.8,0.25,2
78,78,serie_a_derbies_and_deciders_lineups.csv,serie_a_derbies_and_deciders_lineups,Unknown,Serie A,juventus_2001_roma_comeback vs napoli_2023_scudetto_clincher,napoli_2023_scudetto_clincher,Victor Osimhen,ST,9,Nigeria,6,"Napoli drew 1–1 at Udinese to clinch the 2022–23 title (May 4, 2023)",4-3-3,2022-23,Serie A,Udinese,osimhen_victor,0.5,0.2,2
78,78,serie_a_derbies_and_deciders_lineups.csv,serie_a_derbies_and_deciders_lineups,Unknown,Serie A,juventus_2001_roma_comeback vs napoli_2023_scudetto_clincher,napoli_2023_scudetto_clincher,Amir Rrahmani,RCB,13,Kosovo,6,"Napoli drew 1–1 at Udinese to clinch the 2022–23 title (May 4, 2023)",4-3-3,2022-23,Serie A,Udinese,rrahmani_amir,0.65,0.85,2
78,78,serie_a_derbies_and_deciders_lineups.csv,serie_a_derbies_and_deciders_lineups,Unknown,Serie A,juventus_2001_roma_comeback vs napoli_2023_scudetto_clincher,napoli_2023_scudetto_clincher,Mathias Olivera,LB,17,Uruguay,6,"Napoli drew 1–1 at Udinese to clinch the 2022–23 title (May 4, 2023)",4-3-3,2022-23,Serie A,Udinese,olivera_mathias,0.2,0.8,2
78,78,serie_a_derbies_and_deciders_lineups.csv,serie_a_derbies_and_deciders_lineups,Unknown,Serie A,juventus_2001_roma_comeback vs napoli_2023_scudetto_clincher,napoli_2023_scudetto_clincher,Giovanni Di Lorenzo,RB,22,Italy,6,"Napoli drew 1–1 at Udinese to clinch the 2022–23 title (May 4, 2023)",4-3-3,2022-23,Serie A,Udinese,di_lorenzo_giovanni,0.8,0.8,2
78,78,serie_a_derbies_and_deciders_lineups.csv,serie_a_derbies_and_deciders_lineups,Unknown,Serie A,juventus_2001_roma_comeback vs napoli_2023_scudetto_clincher,napoli_2023_scudetto_clincher,Stanislav Lobotka,CM,68,Slovakia,6,"Napoli drew 1–1 at Udinese to clinch the 2022–23 title (May 4, 2023)",4-3-3,2022-23,Serie A,Udinese,lobotka_stanislav,0.5,0.6,2
78,78,serie_a_derbies_and_deciders_lineups.csv,serie_a_derbies_and_deciders_lineups,Unknown,Serie A,juventus_2001_roma_comeback vs napoli_2023_scudetto_clincher,napoli_2023_scudetto_clincher,Khvicha Kvaratskhelia,LW,77,Georgia,6,"Napoli drew 1–1 at Udinese to clinch the 2022–23 title (May 4, 2023)",4-3-3,2022-23,Serie A,Udinese,kvaratskhelia_khvicha,0.2,0.25,2
78,78,serie_a_derbies_and_deciders_lineups.csv,serie_a_derbies_and_deciders_lineups,Unknown,Serie A,juventus_2001_roma_comeback vs napoli_2023_scudetto_clincher,napoli_2023_scudetto_clincher,Tanguy Ndombele,LCM,91,Portugal,6,"Napoli drew 1–1 at Udinese to clinch the 2022–23 title (May 4, 2023)",4-3-3,2022-23,Serie A,Udinese,ndombele_tanguy,0.35,0.6,2
78,78,serie_a_derbies_and_deciders_lineups.csv,serie_a_derbies_and_deciders_lineups,Unknown,Serie A,juventus_2001_roma_comeback vs napoli_2023_scudetto_clincher,napoli_2023_scudetto_clincher,Andre-Frank Zambo Anguissa,RCM,99,Cameroon,6,"Napoli drew 1–1 at Udinese to clinch the 2022–23 title (May 4, 2023)",4-3-3,2022-23,Serie A,Udinese,anguissa_andre_frank,0.65,0.6,2
79,79,ucl_finals_lineups_1994_2006_partial.csv,ucl_finals_lineups_1994_2006_partial,Unknown,Champions League,ac_milan_1994 vs fc_barcelona_1994,ac_milan_1994,Sebastiano Rossi,GK,1,Italy,1,Fabio Capello's Milan 1993-94,4-4-2,1993-94,Champions League,Barcelona,rossi_sebastiano,0.5,0.95,0
79,79,ucl_finals_lineups_1994_2006_partial.csv,ucl_finals_lineups_1994_2006_partial,Unknown,Champions League,ac_milan_1994 vs fc_barcelona_1994,ac_milan_1994,Mauro Tassotti,RB,2,El Cl,1,Fabio Capello's Milan 1993-94,4-4-2,1993-94,Champions League,Barcelona,tassotti_mauro,0.85,0.8,0
79,79,ucl_finals_lineups_1994_2006_partial.csv,ucl_finals_lineups_1994_2006_partial,Unknown,Champions League,ac_milan_1994 vs fc_barcelona_1994,ac_milan_1994,Christian Panucci,LB,3,Italy,1,Fabio Capello's Milan 1993-94,4-4-2,1993-94,Champions League,Barcelona,panucci_christian,0.15,0.8,0
79,79,ucl_finals_lineups_1994_2006_partial.csv,ucl_finals_lineups_1994_2006_partial,Unknown,Champions League,ac_milan_1994 vs fc_barcelona_1994,ac_milan_1994,Demetrio Albertini,CM,4,France,1,Fabio Capello's Milan 1993-94,4-4-2,1993-94,Champions League,Barcelona,albertini_demetrio,0.45,0.65,0
79,79,ucl_finals_lineups_1994_2006_partial.csv,ucl_finals_lineups_1994_2006_partial,Unknown,Champions League,ac_milan_1994 vs fc_barcelona_1994,ac_milan_1994,Filippo Galli,CB,5,Unknown,1,Fabio Capello's Milan 1993-94,4-4-2,1993-94,Champions League,Barcelona,galli_filippo,0.35,0.86,0
79,79,ucl_finals_lineups_1994_2006_partial.csv,ucl_finals_lineups_1994_2006_partial,Unknown,Champions League,ac_milan_1994 vs fc_barcelona_1994,ac_milan_1994,Paolo Maldini,CB,6,Italy,1,Fabio Capello's Milan 1993-94,4-4-2,1993-94,Champions League,Barcelona,maldini_paolo,0.65,0.86,0
79,79,ucl_finals_lineups_1994_2006_partial.csv,ucl_finals_lineups_1994_2006_partial,Unknown,Champions League,ac_milan_1994 vs fc_barcelona_1994,ac_milan_1994,Roberto Donadoni,RW,7,France,1,Fabio Capello's Milan 1993-94,4-4-2,1993-94,Champions League,Barcelona,donadoni_roberto,0.8,0.6,0
79,79,ucl_finals_lineups_1994_2006_partial.csv,ucl_finals_lineups_1994_2006_partial,Unknown,Champions League,ac_milan_1994 vs fc_barcelona_1994,ac_milan_1994,Marcel Desailly,CDM,8,France,1,Fabio Capello's Milan 1993-94,4-4-2,1993-94,Champions League,Barcelona,desailly_marcel,0.55,0.65,0
79,79,ucl_finals_lineups_1994_2006_partial.csv,ucl_finals_lineups_1994_2006_partial,Unknown,Champions League,ac_milan_1994 vs fc_barcelona_1994,ac_milan_1994,Zvonimir Boban,LW,9,Germany,1,Fabio Capello's Milan 1993-94,4-4-2,1993-94,Champions League,Barcelona,boban_zvonimir,0.2,0.6,0
79,79,ucl_finals_lineups_1994_2006_partial.csv,ucl_finals_lineups_1994_2006_partial,Unknown,Champions League,ac_milan_1994 vs fc_barcelona_1994,ac_milan_1994,Dejan Savicevic,ST,10,France,1,Fabio Capello's Milan 1993-94,4-4-2,1993-94,Champions League,Barcelona,savicevic_dejan,0.42,0.25,0
79,79,ucl_finals_lineups_1994_2006_partial.csv,ucl_finals_lineups_1994_2006_partial,Unknown,Champions League,ac_milan_1994 vs fc_barcelona_1994,ac_milan_1994,Daniele Massaro,ST,11,Portugal,1,Fabio Capello's Milan 1993-94,4-4-2,1993-94,Champions League,Barcelona,massaro_daniele,0.58,0.25,0
79,79,ucl_finals_lineups_1994_2006_partial.csv,ucl_finals_lineups_1994_2006_partial,Unknown,Champions League,ac_milan_1994 vs fc_barcelona_1994,fc_barcelona_1994,Andoni Zubizarreta,GK,1,Spain,2,Johan Cruyff's Barcelona 1993-94,4-3-3,1993-94,Champions League,AC Milan,zubizarreta_andoni,0.5,0.95,0
79,79,ucl_finals_lineups_1994_2006_partial.csv,ucl_finals_lineups_1994_2006_partial,Unknown,Champions League,ac_milan_1994 vs fc_barcelona_1994,fc_barcelona_1994,Albert Ferrer,RB,2,Spain,2,Johan Cruyff's Barcelona 1993-94,4-3-3,1993-94,Champions League,AC Milan,ferrer_albert,0.85,0.8,0
79,79,ucl_finals_lineups_1994_2006_partial.csv,ucl_finals_lineups_1994_2006_partial,Unknown,Champions League,ac_milan_1994 vs fc_barcelona_1994,fc_barcelona_1994,Pep Guardiola,CDM,3,Italy,2,Johan Cruyff's Barcelona 1993-94,4-3-3,1993-94,Champions League,AC Milan,guardiola_pep,0.5,0.68,0
79,79,ucl_finals_lineups_1994_2006_partial.csv,ucl_finals_lineups_1994_2006_partial,Unknown,Champions League,ac_milan_1994 vs fc_barcelona_1994,fc_barcelona_1994,Ronald Koeman,CB,4,Netherlands,2,Johan Cruyff's Barcelona 1993-94,4-3-3,1993-94,Champions League,AC Milan,koeman_ronald,0.35,0.86,0
79,79,ucl_finals_lineups_1994_2006_partial.csv,ucl_finals_lineups_1994_2006_partial,Unknown,Champions League,ac_milan_1994 vs fc_barcelona_1994,fc_barcelona_1994,Miguel Angel Nadal,CB,5,Portugal,2,Johan Cruyff's Barcelona 1993-94,4-3-3,1993-94,Champions League,AC Milan,nadal_miguel_angel,0.65,0.86,0
79,79,ucl_finals_lineups_1994_2006_partial.csv,ucl_finals_lineups_1994_2006_partial,Unknown,Champions League,ac_milan_1994 vs fc_barcelona_1994,fc_barcelona_1994,Jose Mari Bakero,CM,6,Argentina,2,Johan Cruyff's Barcelona 1993-94,4-3-3,1993-94,Champions League,AC Milan,bakero_jose_mari,0.62,0.6,0
79,79,ucl_finals_lineups_1994_2006_partial.csv,ucl_finals_lineups_1994_2006_partial,Unknown,Champions League,ac_milan_1994 vs fc_barcelona_1994,fc_barcelona_1994,Sergi Barjuan,LB,7,Spanish Former Professional,2,Johan Cruyff's Barcelona 1993-94,4-3-3,1993-94,Champions League,AC Milan,barjuan_sergi,0.15,0.8,0
79,79,ucl_finals_lineups_1994_2006_partial.csv,ucl_finals_lineups_1994_2006_partial,Unknown,Champions League,ac_milan_1994 vs fc_barcelona_1994,fc_barcelona_1994,Hristo Stoichkov,LW,8,Bulgarian Former Professional,2,Johan Cruyff's Barcelona 1993-94,4-3-3,1993-94,Champions League,AC Milan,stoichkov_hristo,0.22,0.35,0
79,79,ucl_finals_lineups_1994_2006_partial.csv,ucl_finals_lineups_1994_2006_partial,Unknown,Champions League,ac_milan_1994 vs fc_barcelona_1994,fc_barcelona_1994,Guillermo Amor,CM,9,Spanish Former Professional,2,Johan Cruyff's Barcelona 1993-94,4-3-3,1993-94,Champions League,AC Milan,amor_guillermo,0.38,0.6,0
79,79,ucl_finals_lineups_1994_2006_partial.csv,ucl_finals_lineups_1994_2006_partial,Unknown,Champions League,ac_milan_1994 vs fc_barcelona_1994,fc_barcelona_1994,Romario,ST,10,"Karateka
Mario Hohn",2,Johan Cruyff's Barcelona 1993-94,4-3-3,1993-94,Champions League,AC Milan,romario,0.5,0.22,0
79,79,ucl_finals_lineups_1994_2006_partial.csv,ucl_finals_lineups_1994_2006_partial,Unknown,Champions League,ac_milan_1994 vs fc_barcelona_1994,fc_barcelona_1994,Txiki Begiristain,RW,11,Spanish Former Professional,2,Johan Cruyff's Barcelona 1993-94,4-3-3,1993-94,Champions League,AC Milan,begiristain_txiki,0.78,0.35,0
80,80,ucl_finals_lineups_1994_2006_partial.csv,ucl_finals_lineups_1994_2006_partial,Unknown,Champions League,man_utd_1999 vs bayern_1999,bayern_1999,Oliver Kahn,GK,1,Germany,4,Ottmar Hitzfeld's Bayern 1998-99,5-4-1,1998-99,Champions League,Manchester United,kahn_oliver,0.5,0.95,1
80,80,ucl_finals_lineups_1994_2006_partial.csv,ucl_finals_lineups_1994_2006_partial,Unknown,Champions League,man_utd_1999 vs bayern_1999,bayern_1999,Markus Babbel,RB,2,Mauritius,4,Ottmar Hitzfeld's Bayern 1998-99,5-4-1,1998-99,Champions League,Manchester United,babbel_markus,0.88,0.8,1
80,80,ucl_finals_lineups_1994_2006_partial.csv,ucl_finals_lineups_1994_2006_partial,Unknown,Champions League,man_utd_1999 vs bayern_1999,bayern_1999,Samuel Kuffour,CB,4,Ghana,4,Ottmar Hitzfeld's Bayern 1998-99,5-4-1,1998-99,Champions League,Manchester United,kuffour_samuel,0.5,0.89,1
80,80,ucl_finals_lineups_1994_2006_partial.csv,ucl_finals_lineups_1994_2006_partial,Unknown,Champions League,man_utd_1999 vs bayern_1999,bayern_1999,Lothar Matthaus,CB,10,The Ballon D,4,Ottmar Hitzfeld's Bayern 1998-99,5-4-1,1998-99,Champions League,Manchester United,matthaus_lothar,0.7,0.86,1
80,80,ucl_finals_lineups_1994_2006_partial.csv,ucl_finals_lineups_1994_2006_partial,Unknown,Champions League,man_utd_1999 vs bayern_1999,bayern_1999,Stefan Effenberg,CM,11,Germany,4,Ottmar Hitzfeld's Bayern 1998-99,5-4-1,1998-99,Champions League,Manchester United,effenberg_stefan,0.55,0.65,1
80,80,ucl_finals_lineups_1994_2006_partial.csv,ucl_finals_lineups_1994_2006_partial,Unknown,Champions League,man_utd_1999 vs bayern_1999,bayern_1999,Mario Basler,RW,14,The Bundesliga With,4,Ottmar Hitzfeld's Bayern 1998-99,5-4-1,1998-99,Champions League,Manchester United,basler_mario,0.8,0.6,1
80,80,ucl_finals_lineups_1994_2006_partial.csv,ucl_finals_lineups_1994_2006_partial,Unknown,Champions League,man_utd_1999 vs bayern_1999,bayern_1999,Jens Jeremies,CM,16,Germany,4,Ottmar Hitzfeld's Bayern 1998-99,5-4-1,1998-99,Champions League,Manchester United,jeremies_jens,0.45,0.65,1
80,80,ucl_finals_lineups_1994_2006_partial.csv,ucl_finals_lineups_1994_2006_partial,Unknown,Champions League,man_utd_1999 vs bayern_1999,bayern_1999,Michael Tarnat,LB,18,Germany,4,Ottmar Hitzfeld's Bayern 1998-99,5-4-1,1998-99,Champions League,Manchester United,tarnat_michael,0.12,0.8,1
80,80,ucl_finals_lineups_1994_2006_partial.csv,ucl_finals_lineups_1994_2006_partial,Unknown,Champions League,man_utd_1999 vs bayern_1999,bayern_1999,Carsten Jancker,ST,19,Unknown,4,Ottmar Hitzfeld's Bayern 1998-99,5-4-1,1998-99,Champions League,Manchester United,jancker_carsten,0.5,0.22,1
80,80,ucl_finals_lineups_1994_2006_partial.csv,ucl_finals_lineups_1994_2006_partial,Unknown,Champions League,man_utd_1999 vs bayern_1999,bayern_1999,Alexander Zickler,LW,21,Germany,4,Ottmar Hitzfeld's Bayern 1998-99,5-4-1,1998-99,Champions League,Manchester United,zickler_alexander,0.2,0.6,1
80,80,ucl_finals_lineups_1994_2006_partial.csv,ucl_finals_lineups_1994_2006_partial,Unknown,Champions League,man_utd_1999 vs bayern_1999,bayern_1999,Thomas Linke,CB,25,France,4,Ottmar Hitzfeld's Bayern 1998-99,5-4-1,1998-99,Champions League,Manchester United,linke_thomas,0.3,0.86,1
80,80,ucl_finals_lineups_1994_2006_partial.csv,ucl_finals_lineups_1994_2006_partial,Unknown,Champions League,man_utd_1999 vs bayern_1999,man_utd_1999,Peter Schmeichel,GK,1,Denmark,3,Sir Alex Ferguson's Man United 1998-99,4-4-2,1998-99,Champions League,Bayern Munich,schmeichel_peter,0.5,0.95,1
80,80,ucl_finals_lineups_1994_2006_partial.csv,ucl_finals_lineups_1994_2006_partial,Unknown,Champions League,man_utd_1999 vs bayern_1999,man_utd_1999,Gary Neville,RB,2,England,3,Sir Alex Ferguson's Man United 1998-99,4-4-2,1998-99,Champions League,Bayern Munich,neville_gary,0.85,0.8,1
80,80,ucl_finals_lineups_1994_2006_partial.csv,ucl_finals_lineups_1994_2006_partial,Unknown,Champions League,man_utd_1999 vs bayern_1999,man_utd_1999,Denis Irwin,LB,3,Ireland,3,Sir Alex Ferguson's Man United 1998-99,4-4-2,1998-99,Champions League,Bayern Munich,irwin_denis,0.15,0.8,1
80,80,ucl_finals_lineups_1994_2006_partial.csv,ucl_finals_lineups_1994_2006_partial,Unknown,Champions League,man_utd_1999 vs bayern_1999,man_utd_1999,Ronny Johnsen,CB,5,Netherlands,3,Sir Alex Ferguson's Man United 1998-99,4-4-2,1998-99,Champions League,Bayern Munich,johnsen_ronny,0.35,0.86,1
80,80,ucl_finals_lineups_1994_2006_partial.csv,ucl_finals_lineups_1994_2006_partial,Unknown,Champions League,man_utd_1999 vs bayern_1999,man_utd_1999,Jaap Stam,CB,6,Netherlands,3,Sir Alex Ferguson's Man United 1998-99,4-4-2,1998-99,Champions League,Bayern Munich,stam_jaap,0.65,0.86,1
80,80,ucl_finals_lineups_1994_2006_partial.csv,ucl_finals_lineups_1994_2006_partial,Unknown,Champions League,man_utd_1999 vs bayern_1999,man_utd_1999,David Beckham,RW,7,England,3,Sir Alex Ferguson's Man United 1998-99,4-4-2,1998-99,Champions League,Bayern Munich,beckham_david,0.8,0.6,1
80,80,ucl_finals_lineups_1994_2006_partial.csv,ucl_finals_lineups_1994_2006_partial,Unknown,Champions League,man_utd_1999 vs bayern_1999,man_utd_1999,Nicky Butt,CM,8,England,3,Sir Alex Ferguson's Man United 1998-99,4-4-2,1998-99,Champions League,Bayern Munich,butt_nicky,0.45,0.65,1
80,80,ucl_finals_lineups_1994_2006_partial.csv,ucl_finals_lineups_1994_2006_partial,Unknown,Champions League,man_utd_1999 vs bayern_1999,man_utd_1999,Andy Cole,ST,9,England,3,Sir Alex Ferguson's Man United 1998-99,4-4-2,1998-99,Champions League,Bayern Munich,cole_andy,0.58,0.25,1
80,80,ucl_finals_lineups_1994_2006_partial.csv,ucl_finals_lineups_1994_2006_partial,Unknown,Champions League,man_utd_1999 vs bayern_1999,man_utd_1999,Ryan Giggs,CM,11,Wales,3,Sir Alex Ferguson's Man United 1998-99,4-4-2,1998-99,Champions League,Bayern Munich,giggs_ryan,0.55,0.65,1
80,80,ucl_finals_lineups_1994_2006_partial.csv,ucl_finals_lineups_1994_2006_partial,Unknown,Champions League,man_utd_1999 vs bayern_1999,man_utd_1999,Jesper Blomqvist,LW,15,Swedish Former Professional,3,Sir Alex Ferguson's Man United 1998-99,4-4-2,1998-99,Champions League,Bayern Munich,blomqvist_jesper,0.2,0.6,1
80,80,ucl_finals_lineups_1994_2006_partial.csv,ucl_finals_lineups_1994_2006_partial,Unknown,Champions League,man_utd_1999 vs bayern_1999,man_utd_1999,Dwight Yorke,ST,19,Trinidad & Tobago,3,Sir Alex Ferguson's Man United 1998-99,4-4-2,1998-99,Champions League,Bayern Munich,yorke_dwight,0.42,0.25,1
81,81,ucl_finals_lineups_1994_2006_partial.csv,ucl_finals_lineups_1994_2006_partial,Unknown,Champions League,real_madrid_2000 vs valencia_2000,real_madrid_2000,Michel Salgado,RW,2,France,5,Vicente del Bosque's Real Madrid 1999-00,3-4-3,1999-00,Champions League,Valencia,salgado_michel,0.82,0.62,2
81,81,ucl_finals_lineups_1994_2006_partial.csv,ucl_finals_lineups_1994_2006_partial,Unknown,Champions League,real_madrid_2000 vs valencia_2000,real_madrid_2000,Roberto Carlos,LW,3,Brazil,5,Vicente del Bosque's Real Madrid 1999-00,3-4-3,1999-00,Champions League,Valencia,carlos_roberto,0.18,0.62,2
81,81,ucl_finals_lineups_1994_2006_partial.csv,ucl_finals_lineups_1994_2006_partial,Unknown,Champions League,real_madrid_2000 vs valencia_2000,real_madrid_2000,Fernando Redondo,CM,6,Portugal,5,Vicente del Bosque's Real Madrid 1999-00,3-4-3,1999-00,Champions League,Valencia,redondo_fernando,0.45,0.66,2
81,81,ucl_finals_lineups_1994_2006_partial.csv,ucl_finals_lineups_1994_2006_partial,Unknown,Champions League,real_madrid_2000 vs valencia_2000,real_madrid_2000,Raul Gonzalez,RW,7,Spain,5,Vicente del Bosque's Real Madrid 1999-00,3-4-3,1999-00,Champions League,Valencia,gonzalez_raul,0.78,0.35,2
81,81,ucl_finals_lineups_1994_2006_partial.csv,ucl_finals_lineups_1994_2006_partial,Unknown,Champions League,real_madrid_2000 vs valencia_2000,real_madrid_2000,Steve McManaman,CM,8,Netherlands,5,Vicente del Bosque's Real Madrid 1999-00,3-4-3,1999-00,Champions League,Valencia,mcmanaman_steve,0.55,0.66,2
81,81,ucl_finals_lineups_1994_2006_partial.csv,ucl_finals_lineups_1994_2006_partial,Unknown,Champions League,real_madrid_2000 vs valencia_2000,real_madrid_2000,Fernando Morientes,ST,9,Spain,5,Vicente del Bosque's Real Madrid 1999-00,3-4-3,1999-00,Champions League,Valencia,morientes_fernando,0.5,0.22,2
81,81,ucl_finals_lineups_1994_2006_partial.csv,ucl_finals_lineups_1994_2006_partial,Unknown,Champions League,real_madrid_2000 vs valencia_2000,real_madrid_2000,Ivan Campo,CB,12,Netherlands,5,Vicente del Bosque's Real Madrid 1999-00,3-4-3,1999-00,Champions League,Valencia,campo_ivan,0.3,0.88,2
81,81,ucl_finals_lineups_1994_2006_partial.csv,ucl_finals_lineups_1994_2006_partial,Unknown,Champions League,real_madrid_2000 vs valencia_2000,real_madrid_2000,Ivan Helguera,CB,15,Netherlands,5,Vicente del Bosque's Real Madrid 1999-00,3-4-3,1999-00,Champions League,Valencia,helguera_ivan,0.7,0.88,2
81,81,ucl_finals_lineups_1994_2006_partial.csv,ucl_finals_lineups_1994_2006_partial,Unknown,Champions League,real_madrid_2000 vs valencia_2000,real_madrid_2000,Aitor Karanka,CB,18,Spain,5,Vicente del Bosque's Real Madrid 1999-00,3-4-3,1999-00,Champions League,Valencia,karanka_aitor,0.5,0.9,2
81,81,ucl_finals_lineups_1994_2006_partial.csv,ucl_finals_lineups_1994_2006_partial,Unknown,Champions League,real_madrid_2000 vs valencia_2000,real_madrid_2000,Nicolas Anelka,LW,19,France,5,Vicente del Bosque's Real Madrid 1999-00,3-4-3,1999-00,Champions League,Valencia,anelka_nicolas,0.22,0.35,2
81,81,ucl_finals_lineups_1994_2006_partial.csv,ucl_finals_lineups_1994_2006_partial,Unknown,Champions League,real_madrid_2000 vs valencia_2000,real_madrid_2000,Iker Casillas,GK,27,Spain,5,Vicente del Bosque's Real Madrid 1999-00,3-4-3,1999-00,Champions League,Valencia,casillas_iker,0.5,0.95,2
81,81,ucl_finals_lineups_1994_2006_partial.csv,ucl_finals_lineups_1994_2006_partial,Unknown,Champions League,real_madrid_2000 vs valencia_2000,valencia_2000,Santiago Canizares,GK,1,Portugal,6,Héctor Cúper's Valencia 1999-00,4-4-2,1999-00,Champions League,Real Madrid,canizares_santiago,0.5,0.95,2
81,81,ucl_finals_lineups_1994_2006_partial.csv,ucl_finals_lineups_1994_2006_partial,Unknown,Champions League,real_madrid_2000 vs valencia_2000,valencia_2000,Mauricio Pellegrino,CB,2,Argentina,6,Héctor Cúper's Valencia 1999-00,4-4-2,1999-00,Champions League,Real Madrid,pellegrino_mauricio,0.35,0.86,2
81,81,ucl_finals_lineups_1994_2006_partial.csv,ucl_finals_lineups_1994_2006_partial,Unknown,Champions League,real_madrid_2000 vs valencia_2000,valencia_2000,Miroslav Djukic,CB,5,"Football Player
Miroslav",6,Héctor Cúper's Valencia 1999-00,4-4-2,1999-00,Champions League,Real Madrid,djukic_miroslav,0.65,0.86,2
81,81,ucl_finals_lineups_1994_2006_partial.csv,ucl_finals_lineups_1994_2006_partial,Unknown,Champions League,real_madrid_2000 vs valencia_2000,valencia_2000,Gaizka Mendieta,CM,6,Spain,6,Héctor Cúper's Valencia 1999-00,4-4-2,1999-00,Champions League,Real Madrid,mendieta_gaizka,0.45,0.65,2
81,81,ucl_finals_lineups_1994_2006_partial.csv,ucl_finals_lineups_1994_2006_partial,Unknown,Champions League,real_madrid_2000 vs valencia_2000,valencia_2000,Claudio Lopez,ST,7,Spain,6,Héctor Cúper's Valencia 1999-00,4-4-2,1999-00,Champions League,Real Madrid,lopez_claudio,0.42,0.25,2
81,81,ucl_finals_lineups_1994_2006_partial.csv,ucl_finals_lineups_1994_2006_partial,Unknown,Champions League,real_madrid_2000 vs valencia_2000,valencia_2000,Javier Farinos,CM,8,Argentina,6,Héctor Cúper's Valencia 1999-00,4-4-2,1999-00,Champions League,Real Madrid,farinos_javier,0.55,0.65,2
81,81,ucl_finals_lineups_1994_2006_partial.csv,ucl_finals_lineups_1994_2006_partial,Unknown,Champions League,real_madrid_2000 vs valencia_2000,valencia_2000,Miguel Angel Angulo,ST,10,Spain,6,Héctor Cúper's Valencia 1999-00,4-4-2,1999-00,Champions League,Real Madrid,angulo_miguel_angel,0.58,0.25,2
81,81,ucl_finals_lineups_1994_2006_partial.csv,ucl_finals_lineups_1994_2006_partial,Unknown,Champions League,real_madrid_2000 vs valencia_2000,valencia_2000,Gerard,RW,14,France,6,Héctor Cúper's Valencia 1999-00,4-4-2,1999-00,Champions League,Real Madrid,gerard,0.8,0.6,2
81,81,ucl_finals_lineups_1994_2006_partial.csv,ucl_finals_lineups_1994_2006_partial,Unknown,Champions League,real_madrid_2000 vs valencia_2000,valencia_2000,Kily Gonzalez,LW,18,Spain,6,Héctor Cúper's Valencia 1999-00,4-4-2,1999-00,Champions League,Real Madrid,gonzalez_kily,0.2,0.6,2
81,81,ucl_finals_lineups_1994_2006_partial.csv,ucl_finals_lineups_1994_2006_partial,Unknown,Champions League,real_madrid_2000 vs valencia_2000,valencia_2000,Jocelyn Angloma,RB,20,Guadeloupe,6,Héctor Cúper's Valencia 1999-00,4-4-2,1999-00,Champions League,Real Madrid,angloma_jocelyn,0.85,0.8,2
81,81,ucl_finals_lineups_1994_2006_partial.csv,ucl_finals_lineups_1994_2006_partial,Unknown,Champions League,real_madrid_2000 vs valencia_2000,valencia_2000,Gerardo Garcia Leon,LB,31,Spain,6,Héctor Cúper's Valencia 1999-00,4-4-2,1999-00,Champions League,Real Madrid,leon_gerardo_garcia,0.15,0.8,2
82,82,ucl_finals_lineups_1994_2006_partial.csv,ucl_finals_lineups_1994_2006_partial,Unknown,Champions League,bayer_leverkusen_2002 vs real_madrid_2002,bayer_leverkusen_2002,Hans-Jorg Butt,GK,1,Germany,7,Klaus Toppmöller's Bayer Leverkusen 2001-02,4-2-3-1,2001-02,Champions League,Real Madrid,butt_hans-jorg,0.0,0.0,3
82,82,ucl_finals_lineups_1994_2006_partial.csv,ucl_finals_lineups_1994_2006_partial,Unknown,Champions League,bayer_leverkusen_2002 vs real_madrid_2002,bayer_leverkusen_2002,Zoran Zivkovic,CB,6,Unknown,7,Klaus Toppmöller's Bayer Leverkusen 2001-02,4-2-3-1,2001-02,Champions League,Real Madrid,zivkovic_zoran,0.0,0.0,3
82,82,ucl_finals_lineups_1994_2006_partial.csv,ucl_finals_lineups_1994_2006_partial,Unknown,Champions League,bayer_leverkusen_2002 vs real_madrid_2002,bayer_leverkusen_2002,Yildiray Basturk,CAM,10,Italy,7,Klaus Toppmöller's Bayer Leverkusen 2001-02,4-2-3-1,2001-02,Champions League,Real Madrid,basturk_yildiray,0.0,0.0,3
82,82,ucl_finals_lineups_1994_2006_partial.csv,ucl_finals_lineups_1994_2006_partial,Unknown,Champions League,bayer_leverkusen_2002 vs real_madrid_2002,bayer_leverkusen_2002,Michael Ballack,CM,13,Germany,7,Klaus Toppmöller's Bayer Leverkusen 2001-02,4-2-3-1,2001-02,Champions League,Real Madrid,ballack_michael,0.0,0.0,3
82,82,ucl_finals_lineups_1994_2006_partial.csv,ucl_finals_lineups_1994_2006_partial,Unknown,Champions League,bayer_leverkusen_2002 vs real_madrid_2002,bayer_leverkusen_2002,Lucio,CB,19,Brazil,7,Klaus Toppmöller's Bayer Leverkusen 2001-02,4-2-3-1,2001-02,Champions League,Real Madrid,lucio,0.0,0.0,3
82,82,ucl_finals_lineups_1994_2006_partial.csv,ucl_finals_lineups_1994_2006_partial,Unknown,Champions League,bayer_leverkusen_2002 vs real_madrid_2002,bayer_leverkusen_2002,Thomas Brdaric,ST,23,France,7,Klaus Toppmöller's Bayer Leverkusen 2001-02,4-2-3-1,2001-02,Champions League,Real Madrid,brdaric_thomas,0.0,0.0,3
82,82,ucl_finals_lineups_1994_2006_partial.csv,ucl_finals_lineups_1994_2006_partial,Unknown,Champions League,bayer_leverkusen_2002 vs real_madrid_2002,bayer_leverkusen_2002,Bernd Schneider,RW,25,Germany,7,Klaus Toppmöller's Bayer Leverkusen 2001-02,4-2-3-1,2001-02,Champions League,Real Madrid,schneider_bernd,0.0,0.0,3
82,82,ucl_finals_lineups_1994_2006_partial.csv,ucl_finals_lineups_1994_2006_partial,Unknown,Champions League,bayer_leverkusen_2002 vs real_madrid_2002,bayer_leverkusen_2002,Zoltan Sebescen,RB,26,German Former Professional,7,Klaus Toppmöller's Bayer Leverkusen 2001-02,4-2-3-1,2001-02,Champions League,Real Madrid,sebescen_zoltan,0.0,0.0,3
82,82,ucl_finals_lineups_1994_2006_partial.csv,ucl_finals_lineups_1994_2006_partial,Unknown,Champions League,bayer_leverkusen_2002 vs real_madrid_2002,bayer_leverkusen_2002,Oliver Neuville,LW,27,Unknown,7,Klaus Toppmöller's Bayer Leverkusen 2001-02,4-2-3-1,2001-02,Champions League,Real Madrid,neuville_oliver,0.0,0.0,3
82,82,ucl_finals_lineups_1994_2006_partial.csv,ucl_finals_lineups_1994_2006_partial,Unknown,Champions League,bayer_leverkusen_2002 vs real_madrid_2002,bayer_leverkusen_2002,Carsten Ramelow,CDM,28,German Former Professional,7,Klaus Toppmöller's Bayer Leverkusen 2001-02,4-2-3-1,2001-02,Champions League,Real Madrid,ramelow_carsten,0.0,0.0,3
82,82,ucl_finals_lineups_1994_2006_partial.csv,ucl_finals_lineups_1994_2006_partial,Unknown,Champions League,bayer_leverkusen_2002 vs real_madrid_2002,bayer_leverkusen_2002,Diego Placente,LB,35,Italy,7,Klaus Toppmöller's Bayer Leverkusen 2001-02,4-2-3-1,2001-02,Champions League,Real Madrid,placente_diego,0.0,0.0,3
82,82,ucl_finals_lineups_1994_2006_partial.csv,ucl_finals_lineups_1994_2006_partial,Unknown,Champions League,bayer_leverkusen_2002 vs real_madrid_2002,real_madrid_2002,Michel Salgado,RB,2,France,8,Vicente del Bosque's Real Madrid 2001-02,4-4-2,2001-02,Champions League,Bayer Leverkusen,salgado_michel,0.85,0.8,3
82,82,ucl_finals_lineups_1994_2006_partial.csv,ucl_finals_lineups_1994_2006_partial,Unknown,Champions League,bayer_leverkusen_2002 vs real_madrid_2002,real_madrid_2002,Roberto Carlos,LB,3,Brazil,8,Vicente del Bosque's Real Madrid 2001-02,4-4-2,2001-02,Champions League,Bayer Leverkusen,carlos_roberto,0.15,0.8,3
82,82,ucl_finals_lineups_1994_2006_partial.csv,ucl_finals_lineups_1994_2006_partial,Unknown,Champions League,bayer_leverkusen_2002 vs real_madrid_2002,real_madrid_2002,Fernando Hierro,CB,4,Portugal,8,Vicente del Bosque's Real Madrid 2001-02,4-4-2,2001-02,Champions League,Bayer Leverkusen,hierro_fernando,0.35,0.86,3
82,82,ucl_finals_lineups_1994_2006_partial.csv,ucl_finals_lineups_1994_2006_partial,Unknown,Champions League,bayer_leverkusen_2002 vs real_madrid_2002,real_madrid_2002,Zinedine Zidane,CM,5,France,8,Vicente del Bosque's Real Madrid 2001-02,4-4-2,2001-02,Champions League,Bayer Leverkusen,zidane_zinedine,0.45,0.65,3
82,82,ucl_finals_lineups_1994_2006_partial.csv,ucl_finals_lineups_1994_2006_partial,Unknown,Champions League,bayer_leverkusen_2002 vs real_madrid_2002,real_madrid_2002,Ivan Helguera,CB,6,Netherlands,8,Vicente del Bosque's Real Madrid 2001-02,4-4-2,2001-02,Champions League,Bayer Leverkusen,helguera_ivan,0.65,0.86,3
82,82,ucl_finals_lineups_1994_2006_partial.csv,ucl_finals_lineups_1994_2006_partial,Unknown,Champions League,bayer_leverkusen_2002 vs real_madrid_2002,real_madrid_2002,Raul Gonzalez,ST,7,Spain,8,Vicente del Bosque's Real Madrid 2001-02,4-4-2,2001-02,Champions League,Bayer Leverkusen,gonzalez_raul,0.42,0.25,3
82,82,ucl_finals_lineups_1994_2006_partial.csv,ucl_finals_lineups_1994_2006_partial,Unknown,Champions League,bayer_leverkusen_2002 vs real_madrid_2002,real_madrid_2002,Fernando Morientes,ST,9,Spain,8,Vicente del Bosque's Real Madrid 2001-02,4-4-2,2001-02,Champions League,Bayer Leverkusen,morientes_fernando,0.58,0.25,3
82,82,ucl_finals_lineups_1994_2006_partial.csv,ucl_finals_lineups_1994_2006_partial,Unknown,Champions League,bayer_leverkusen_2002 vs real_madrid_2002,real_madrid_2002,Luis Figo,RW,10,Portugal,8,Vicente del Bosque's Real Madrid 2001-02,4-4-2,2001-02,Champions League,Bayer Leverkusen,figo_luis,0.8,0.6,3
82,82,ucl_finals_lineups_1994_2006_partial.csv,ucl_finals_lineups_1994_2006_partial,Unknown,Champions League,bayer_leverkusen_2002 vs real_madrid_2002,real_madrid_2002,Cesar Sanchez,GK,13,Spain,8,Vicente del Bosque's Real Madrid 2001-02,4-4-2,2001-02,Champions League,Bayer Leverkusen,sanchez_cesar,0.5,0.95,3
82,82,ucl_finals_lineups_1994_2006_partial.csv,ucl_finals_lineups_1994_2006_partial,Unknown,Champions League,bayer_leverkusen_2002 vs real_madrid_2002,real_madrid_2002,Santiago Solari,LW,21,Unknown,8,Vicente del Bosque's Real Madrid 2001-02,4-4-2,2001-02,Champions League,Bayer Leverkusen,solari_santiago,0.2,0.6,3
82,82,ucl_finals_lineups_1994_2006_partial.csv,ucl_finals_lineups_1994_2006_partial,Unknown,Champions League,bayer_leverkusen_2002 vs real_madrid_2002,real_madrid_2002,Claude Makelele,CDM,24,France,8,Vicente del Bosque's Real Madrid 2001-02,4-4-2,2001-02,Champions League,Bayer Leverkusen,makelele_claude,0.55,0.65,3
83,83,ucl_finals_lineups_1994_2006_partial.csv,ucl_finals_lineups_1994_2006_partial,Unknown,Champions League,ac_milan_2005 vs liverpool_2005,ac_milan_2005,Cafu,RB,2,Brazil,9,Carlo Ancelotti's Milan 2004-05,4-3-1-2,2004-05,Champions League,Liverpool,cafu,0.85,0.8,4
83,83,ucl_finals_lineups_1994_2006_partial.csv,ucl_finals_lineups_1994_2006_partial,Unknown,Champions League,ac_milan_2005 vs liverpool_2005,ac_milan_2005,Paolo Maldini,LB,3,Italy,9,Carlo Ancelotti's Milan 2004-05,4-3-1-2,2004-05,Champions League,Liverpool,maldini_paolo,0.15,0.8,4
83,83,ucl_finals_lineups_1994_2006_partial.csv,ucl_finals_lineups_1994_2006_partial,Unknown,Champions League,ac_milan_2005 vs liverpool_2005,ac_milan_2005,Andriy Shevchenko,ST,7,Ukraine,9,Carlo Ancelotti's Milan 2004-05,4-3-1-2,2004-05,Champions League,Liverpool,shevchenko_andriy,0.58,0.25,4
83,83,ucl_finals_lineups_1994_2006_partial.csv,ucl_finals_lineups_1994_2006_partial,Unknown,Champions League,ac_milan_2005 vs liverpool_2005,ac_milan_2005,Gennaro Gattuso,CM,8,Italy,9,Carlo Ancelotti's Milan 2004-05,4-3-1-2,2004-05,Champions League,Liverpool,gattuso_gennaro,0.38,0.63,4
83,83,ucl_finals_lineups_1994_2006_partial.csv,ucl_finals_lineups_1994_2006_partial,Unknown,Champions League,ac_milan_2005 vs liverpool_2005,ac_milan_2005,Hernan Crespo,ST,11,Argentina,9,Carlo Ancelotti's Milan 2004-05,4-3-1-2,2004-05,Champions League,Liverpool,crespo_hernan,0.42,0.25,4
83,83,ucl_finals_lineups_1994_2006_partial.csv,ucl_finals_lineups_1994_2006_partial,Unknown,Champions League,ac_milan_2005 vs liverpool_2005,ac_milan_2005,Dida,GK,12,Brazil,9,Carlo Ancelotti's Milan 2004-05,4-3-1-2,2004-05,Champions League,Liverpool,dida,0.5,0.95,4
83,83,ucl_finals_lineups_1994_2006_partial.csv,ucl_finals_lineups_1994_2006_partial,Unknown,Champions League,ac_milan_2005 vs liverpool_2005,ac_milan_2005,Alessandro Nesta,CB,13,Italy,9,Carlo Ancelotti's Milan 2004-05,4-3-1-2,2004-05,Champions League,Liverpool,nesta_alessandro,0.35,0.86,4
83,83,ucl_finals_lineups_1994_2006_partial.csv,ucl_finals_lineups_1994_2006_partial,Unknown,Champions League,ac_milan_2005 vs liverpool_2005,ac_milan_2005,Clarence Seedorf,CM,20,Netherlands,9,Carlo Ancelotti's Milan 2004-05,4-3-1-2,2004-05,Champions League,Liverpool,seedorf_clarence,0.62,0.63,4
83,83,ucl_finals_lineups_1994_2006_partial.csv,ucl_finals_lineups_1994_2006_partial,Unknown,Champions League,ac_milan_2005 vs liverpool_2005,ac_milan_2005,Andrea Pirlo,CDM,21,Italy,9,Carlo Ancelotti's Milan 2004-05,4-3-1-2,2004-05,Champions League,Liverpool,pirlo_andrea,0.5,0.7,4
83,83,ucl_finals_lineups_1994_2006_partial.csv,ucl_finals_lineups_1994_2006_partial,Unknown,Champions League,ac_milan_2005 vs liverpool_2005,ac_milan_2005,Kaka,CAM,22,Brazilian Former Professional,9,Carlo Ancelotti's Milan 2004-05,4-3-1-2,2004-05,Champions League,Liverpool,kaka,0.5,0.48,4
83,83,ucl_finals_lineups_1994_2006_partial.csv,ucl_finals_lineups_1994_2006_partial,Unknown,Champions League,ac_milan_2005 vs liverpool_2005,ac_milan_2005,Jaap Stam,CB,31,Netherlands,9,Carlo Ancelotti's Milan 2004-05,4-3-1-2,2004-05,Champions League,Liverpool,stam_jaap,0.65,0.86,4
83,83,ucl_finals_lineups_1994_2006_partial.csv,ucl_finals_lineups_1994_2006_partial,Unknown,Champions League,ac_milan_2005 vs liverpool_2005,liverpool_2005,Jerzy Dudek,GK,1,Poland,10,Rafael Benítez's Liverpool 2004-05,4-4-1-1,2004-05,Champions League,AC Milan,dudek_jerzy,0.5,0.95,4
83,83,ucl_finals_lineups_1994_2006_partial.csv,ucl_finals_lineups_1994_2006_partial,Unknown,Champions League,ac_milan_2005 vs liverpool_2005,liverpool_2005,Steve Finnan,RB,3,Ireland,10,Rafael Benítez's Liverpool 2004-05,4-4-1-1,2004-05,Champions League,AC Milan,finnan_steve,0.85,0.8,4
83,83,ucl_finals_lineups_1994_2006_partial.csv,ucl_finals_lineups_1994_2006_partial,Unknown,Champions League,ac_milan_2005 vs liverpool_2005,liverpool_2005,Sami Hyypia,CB,4,Finland,10,Rafael Benítez's Liverpool 2004-05,4-4-1-1,2004-05,Champions League,AC Milan,hyypia_sami,0.35,0.86,4
83,83,ucl_finals_lineups_1994_2006_partial.csv,ucl_finals_lineups_1994_2006_partial,Unknown,Champions League,ac_milan_2005 vs liverpool_2005,liverpool_2005,Milan Baros,ST,5,Czech Republic,10,Rafael Benítez's Liverpool 2004-05,4-4-1-1,2004-05,Champions League,AC Milan,baros_milan,0.5,0.22,4
83,83,ucl_finals_lineups_1994_2006_partial.csv,ucl_finals_lineups_1994_2006_partial,Unknown,Champions League,ac_milan_2005 vs liverpool_2005,liverpool_2005,John Arne Riise,LW,6,Norway,10,Rafael Benítez's Liverpool 2004-05,4-4-1-1,2004-05,Champions League,AC Milan,riise_john_arne,0.2,0.6,4
83,83,ucl_finals_lineups_1994_2006_partial.csv,ucl_finals_lineups_1994_2006_partial,Unknown,Champions League,ac_milan_2005 vs liverpool_2005,liverpool_2005,Harry Kewell,CAM,7,Australia,10,Rafael Benítez's Liverpool 2004-05,4-4-1-1,2004-05,Champions League,AC Milan,kewell_harry,0.5,0.38,4
83,83,ucl_finals_lineups_1994_2006_partial.csv,ucl_finals_lineups_1994_2006_partial,Unknown,Champions League,ac_milan_2005 vs liverpool_2005,liverpool_2005,Steven Gerrard,CM,8,England,10,Rafael Benítez's Liverpool 2004-05,4-4-1-1,2004-05,Champions League,AC Milan,gerrard_steven,0.45,0.65,4
83,83,ucl_finals_lineups_1994_2006_partial.csv,ucl_finals_lineups_1994_2006_partial,Unknown,Champions League,ac_milan_2005 vs liverpool_2005,liverpool_2005,Luis Garcia,RW,10,Spain,10,Rafael Benítez's Liverpool 2004-05,4-4-1-1,2004-05,Champions League,AC Milan,garcia_luis,0.8,0.6,4
83,83,ucl_finals_lineups_1994_2006_partial.csv,ucl_finals_lineups_1994_2006_partial,Unknown,Champions League,ac_milan_2005 vs liverpool_2005,liverpool_2005,Xabi Alonso,CM,14,Spain,10,Rafael Benítez's Liverpool 2004-05,4-4-1-1,2004-05,Champions League,AC Milan,alonso_xabi,0.55,0.65,4
83,83,ucl_finals_lineups_1994_2006_partial.csv,ucl_finals_lineups_1994_2006_partial,Unknown,Champions League,ac_milan_2005 vs liverpool_2005,liverpool_2005,Djimi Traore,LB,21,Former Professional,10,Rafael Benítez's Liverpool 2004-05,4-4-1-1,2004-05,Champions League,AC Milan,traore_djimi,0.15,0.8,4
83,83,ucl_finals_lineups_1994_2006_partial.csv,ucl_finals_lineups_1994_2006_partial,Unknown,Champions League,ac_milan_2005 vs liverpool_2005,liverpool_2005,Jamie Carragher,CB,23,England,10,Rafael Benítez's Liverpool 2004-05,4-4-1-1,2004-05,Champions League,AC Milan,carragher_jamie,0.65,0.86,4
84,84,ucl_finals_lineups_1994_2006_partial.csv,ucl_finals_lineups_1994_2006_partial,Unknown,Champions League,fc_barcelona_2006 vs arsenal_2006,arsenal_2006,Jens Lehmann,GK,1,Germany,12,Arsène Wenger's Arsenal 2005-06,4-5-1,2005-06,Champions League,Barcelona,lehmann_jens,0.5,0.95,5
84,84,ucl_finals_lineups_1994_2006_partial.csv,ucl_finals_lineups_1994_2006_partial,Unknown,Champions League,fc_barcelona_2006 vs arsenal_2006,arsenal_2006,Ashley Cole,LB,3,England,12,Arsène Wenger's Arsenal 2005-06,4-5-1,2005-06,Champions League,Barcelona,cole_ashley,0.15,0.8,5
84,84,ucl_finals_lineups_1994_2006_partial.csv,ucl_finals_lineups_1994_2006_partial,Unknown,Champions League,fc_barcelona_2006 vs arsenal_2006,arsenal_2006,Robert Pires,LW,7,France,12,Arsène Wenger's Arsenal 2005-06,4-5-1,2005-06,Champions League,Barcelona,pires_robert,0.2,0.6,5
84,84,ucl_finals_lineups_1994_2006_partial.csv,ucl_finals_lineups_1994_2006_partial,Unknown,Champions League,fc_barcelona_2006 vs arsenal_2006,arsenal_2006,Freddie Ljungberg,CM,8,Sweden,12,Arsène Wenger's Arsenal 2005-06,4-5-1,2005-06,Champions League,Barcelona,ljungberg_freddie,0.38,0.62,5
84,84,ucl_finals_lineups_1994_2006_partial.csv,ucl_finals_lineups_1994_2006_partial,Unknown,Champions League,fc_barcelona_2006 vs arsenal_2006,arsenal_2006,Aleksandr Hleb,RW,13,Belarus,12,Arsène Wenger's Arsenal 2005-06,4-5-1,2005-06,Champions League,Barcelona,hleb_aleksandr,0.8,0.6,5
84,84,ucl_finals_lineups_1994_2006_partial.csv,ucl_finals_lineups_1994_2006_partial,Unknown,Champions League,fc_barcelona_2006 vs arsenal_2006,arsenal_2006,Thierry Henry,ST,14,France,12,Arsène Wenger's Arsenal 2005-06,4-5-1,2005-06,Champions League,Barcelona,henry_thierry,0.5,0.22,5
84,84,ucl_finals_lineups_1994_2006_partial.csv,ucl_finals_lineups_1994_2006_partial,Unknown,Champions League,fc_barcelona_2006 vs arsenal_2006,arsenal_2006,Cesc Fabregas,CM,15,Spain,12,Arsène Wenger's Arsenal 2005-06,4-5-1,2005-06,Champions League,Barcelona,fabregas_cesc,0.62,0.62,5
84,84,ucl_finals_lineups_1994_2006_partial.csv,ucl_finals_lineups_1994_2006_partial,Unknown,Champions League,fc_barcelona_2006 vs arsenal_2006,arsenal_2006,Gilberto Silva,CDM,19,Brazil,12,Arsène Wenger's Arsenal 2005-06,4-5-1,2005-06,Champions League,Barcelona,silva_gilberto,0.5,0.64,5
84,84,ucl_finals_lineups_1994_2006_partial.csv,ucl_finals_lineups_1994_2006_partial,Unknown,Champions League,fc_barcelona_2006 vs arsenal_2006,arsenal_2006,Sol Campbell,CB,23,England,12,Arsène Wenger's Arsenal 2005-06,4-5-1,2005-06,Champions League,Barcelona,campbell_sol,0.65,0.86,5
84,84,ucl_finals_lineups_1994_2006_partial.csv,ucl_finals_lineups_1994_2006_partial,Unknown,Champions League,fc_barcelona_2006 vs arsenal_2006,arsenal_2006,Emmanuel Eboue,RB,27,Unknown,12,Arsène Wenger's Arsenal 2005-06,4-5-1,2005-06,Champions League,Barcelona,eboue_emmanuel,0.85,0.8,5
84,84,ucl_finals_lineups_1994_2006_partial.csv,ucl_finals_lineups_1994_2006_partial,Unknown,Champions League,fc_barcelona_2006 vs arsenal_2006,arsenal_2006,Kolo Toure,CB,28,Ivory Coast,12,Arsène Wenger's Arsenal 2005-06,4-5-1,2005-06,Champions League,Barcelona,toure_kolo,0.35,0.86,5
84,84,ucl_finals_lineups_1994_2006_partial.csv,ucl_finals_lineups_1994_2006_partial,Unknown,Champions League,fc_barcelona_2006 vs arsenal_2006,fc_barcelona_2006,Victor Valdes,GK,1,Spain,11,Frank Rijkaard's Barcelona 2005-06,4-3-3,2005-06,Champions League,Arsenal,valdes_victor,0.5,0.95,5
84,84,ucl_finals_lineups_1994_2006_partial.csv,ucl_finals_lineups_1994_2006_partial,Unknown,Champions League,fc_barcelona_2006 vs arsenal_2006,fc_barcelona_2006,Rafael Marquez,CB,4,Spain,11,Frank Rijkaard's Barcelona 2005-06,4-3-3,2005-06,Champions League,Arsenal,marquez_rafael,0.65,0.86,5
84,84,ucl_finals_lineups_1994_2006_partial.csv,ucl_finals_lineups_1994_2006_partial,Unknown,Champions League,fc_barcelona_2006 vs arsenal_2006,fc_barcelona_2006,Carles Puyol,CB,5,Spain,11,Frank Rijkaard's Barcelona 2005-06,4-3-3,2005-06,Champions League,Arsenal,puyol_carles,0.35,0.86,5
84,84,ucl_finals_lineups_1994_2006_partial.csv,ucl_finals_lineups_1994_2006_partial,Unknown,Champions League,fc_barcelona_2006 vs arsenal_2006,fc_barcelona_2006,Ludovic Giuly,RW,8,France,11,Frank Rijkaard's Barcelona 2005-06,4-3-3,2005-06,Champions League,Arsenal,giuly_ludovic,0.78,0.35,5
84,84,ucl_finals_lineups_1994_2006_partial.csv,ucl_finals_lineups_1994_2006_partial,Unknown,Champions League,fc_barcelona_2006 vs arsenal_2006,fc_barcelona_2006,Samuel Eto'o,ST,9,Cameroon,11,Frank Rijkaard's Barcelona 2005-06,4-3-3,2005-06,Champions League,Arsenal,etoo_samuel,0.5,0.22,5
84,84,ucl_finals_lineups_1994_2006_partial.csv,ucl_finals_lineups_1994_2006_partial,Unknown,Champions League,fc_barcelona_2006 vs arsenal_2006,fc_barcelona_2006,Ronaldinho,LW,10,Brazil,11,Frank Rijkaard's Barcelona 2005-06,4-3-3,2005-06,Champions League,Arsenal,ronaldinho,0.22,0.35,5
84,84,ucl_finals_lineups_1994_2006_partial.csv,ucl_finals_lineups_1994_2006_partial,Unknown,Champions League,fc_barcelona_2006 vs arsenal_2006,fc_barcelona_2006,Giovanni van Bronckhorst,LB,12,Netherlands,11,Frank Rijkaard's Barcelona 2005-06,4-3-3,2005-06,Champions League,Arsenal,bronckhorst_giovanni_van,0.15,0.8,5
84,84,ucl_finals_lineups_1994_2006_partial.csv,ucl_finals_lineups_1994_2006_partial,Unknown,Champions League,fc_barcelona_2006 vs arsenal_2006,fc_barcelona_2006,Edmilson,CDM,15,Brazil,11,Frank Rijkaard's Barcelona 2005-06,4-3-3,2005-06,Champions League,Arsenal,edmilson,0.5,0.68,5
84,84,ucl_finals_lineups_1994_2006_partial.csv,ucl_finals_lineups_1994_2006_partial,Unknown,Champions League,fc_barcelona_2006 vs arsenal_2006,fc_barcelona_2006,Mark van Bommel,CM,17,Netherlands,11,Frank Rijkaard's Barcelona 2005-06,4-3-3,2005-06,Champions League,Arsenal,bommel_mark_van,0.62,0.6,5
84,84,ucl_finals_lineups_1994_2006_partial.csv,ucl_finals_lineups_1994_2006_partial,Unknown,Champions League,fc_barcelona_2006 vs arsenal_2006,fc_barcelona_2006,Deco,CM,20,Portugal,11,Frank Rijkaard's Barcelona 2005-06,4-3-3,2005-06,Champions League,Arsenal,deco,0.38,0.6,5
84,84,ucl_finals_lineups_1994_2006_partial.csv,ucl_finals_lineups_1994_2006_partial,Unknown,Champions League,fc_barcelona_2006 vs arsenal_2006,fc_barcelona_2006,Oleguer,RB,23,Spanish Former Professional,11,Frank Rijkaard's Barcelona 2005-06,4-3-3,2005-06,Champions League,Arsenal,oleguer,0.85,0.8,5
85,85,ucl_finals_lineups_2011_2018.csv,ucl_finals_lineups_2011_2018,Unknown,Champions League,fc_barcelona_2011 vs man_utd_2011,fc_barcelona_2011,Víctor Valdés,GK,1,Spain,1,Pep Guardiola's Barcelona 2010-11,4-3-3,2010-11,Champions League,Manchester United,valdes_victor,0.5,0.9,0
85,85,ucl_finals_lineups_2011_2018.csv,ucl_finals_lineups_2011_2018,Unknown,Champions League,fc_barcelona_2011 vs man_utd_2011,fc_barcelona_2011,Dani Alves,RB,2,Brazil,1,Pep Guardiola's Barcelona 2010-11,4-3-3,2010-11,Champions League,Manchester United,alves_dani,0.8,0.75,0
85,85,ucl_finals_lineups_2011_2018.csv,ucl_finals_lineups_2011_2018,Unknown,Champions League,fc_barcelona_2011 vs man_utd_2011,fc_barcelona_2011,Gerard Piqué,RCB,3,Spain,1,Pep Guardiola's Barcelona 2010-11,4-3-3,2010-11,Champions League,Manchester United,pique_gerard,0.65,0.78,0
85,85,ucl_finals_lineups_2011_2018.csv,ucl_finals_lineups_2011_2018,Unknown,Champions League,fc_barcelona_2011 vs man_utd_2011,fc_barcelona_2011,Xavi Hernández,RCM,6,Spain,1,Pep Guardiola's Barcelona 2010-11,4-3-3,2010-11,Champions League,Manchester United,xavi_hernandez,0.65,0.6,0
85,85,ucl_finals_lineups_2011_2018.csv,ucl_finals_lineups_2011_2018,Unknown,Champions League,fc_barcelona_2011 vs man_utd_2011,fc_barcelona_2011,David Villa,ST,7,Spain,1,Pep Guardiola's Barcelona 2010-11,4-3-3,2010-11,Champions League,Manchester United,villa_david,0.5,0.2,0
85,85,ucl_finals_lineups_2011_2018.csv,ucl_finals_lineups_2011_2018,Unknown,Champions League,fc_barcelona_2011 vs man_utd_2011,fc_barcelona_2011,Andrés Iniesta,LCM,8,Spain,1,Pep Guardiola's Barcelona 2010-11,4-3-3,2010-11,Champions League,Manchester United,iniesta_andres,0.35,0.6,0
85,85,ucl_finals_lineups_2011_2018.csv,ucl_finals_lineups_2011_2018,Unknown,Champions League,fc_barcelona_2011 vs man_utd_2011,fc_barcelona_2011,Lionel Messi,RW,10,Argentina,1,Pep Guardiola's Barcelona 2010-11,4-3-3,2010-11,Champions League,Manchester United,messi_lionel,0.8,0.3,0
85,85,ucl_finals_lineups_2011_2018.csv,ucl_finals_lineups_2011_2018,Unknown,Champions League,fc_barcelona_2011 vs man_utd_2011,fc_barcelona_2011,Javier Mascherano,LCB,14,Argentina,1,Pep Guardiola's Barcelona 2010-11,4-3-3,2010-11,Champions League,Manchester United,mascherano_javier,0.35,0.78,0
85,85,ucl_finals_lineups_2011_2018.csv,ucl_finals_lineups_2011_2018,Unknown,Champions League,fc_barcelona_2011 vs man_utd_2011,fc_barcelona_2011,Sergio Busquets,CDM,16,Spain,1,Pep Guardiola's Barcelona 2010-11,4-3-3,2010-11,Champions League,Manchester United,busquets_sergio,0.5,0.65,0
85,85,ucl_finals_lineups_2011_2018.csv,ucl_finals_lineups_2011_2018,Unknown,Champions League,fc_barcelona_2011 vs man_utd_2011,fc_barcelona_2011,Pedro Rodríguez,LW,17,Portugal,1,Pep Guardiola's Barcelona 2010-11,4-3-3,2010-11,Champions League,Manchester United,pedro_rodriguez,0.2,0.3,0
85,85,ucl_finals_lineups_2011_2018.csv,ucl_finals_lineups_2011_2018,Unknown,Champions League,fc_barcelona_2011 vs man_utd_2011,fc_barcelona_2011,Eric Abidal,LB,22,Portugal,1,Pep Guardiola's Barcelona 2010-11,4-3-3,2010-11,Champions League,Manchester United,abidal_eric,0.2,0.75,0
85,85,ucl_finals_lineups_2011_2018.csv,ucl_finals_lineups_2011_2018,Unknown,Champions League,fc_barcelona_2011 vs man_utd_2011,man_utd_2011,Edwin van der Sar,GK,1,Netherlands,2,Sir Alex Ferguson's Manchester United 2010-11,4-4-1-1,2010-11,Champions League,Barcelona,van_der_sar_edwin,0.5,0.9,0
85,85,ucl_finals_lineups_2011_2018.csv,ucl_finals_lineups_2011_2018,Unknown,Champions League,fc_barcelona_2011 vs man_utd_2011,man_utd_2011,Patrice Evra,LB,3,France,2,Sir Alex Ferguson's Manchester United 2010-11,4-4-1-1,2010-11,Champions League,Barcelona,evra_patrice,0.2,0.75,0
85,85,ucl_finals_lineups_2011_2018.csv,ucl_finals_lineups_2011_2018,Unknown,Champions League,fc_barcelona_2011 vs man_utd_2011,man_utd_2011,Rio Ferdinand,RCB,5,England,2,Sir Alex Ferguson's Manchester United 2010-11,4-4-1-1,2010-11,Champions League,Barcelona,ferdinand_rio,0.65,0.78,0
85,85,ucl_finals_lineups_2011_2018.csv,ucl_finals_lineups_2011_2018,Unknown,Champions League,fc_barcelona_2011 vs man_utd_2011,man_utd_2011,Wayne Rooney,CAM,10,England,2,Sir Alex Ferguson's Manchester United 2010-11,4-4-1-1,2010-11,Champions League,Barcelona,rooney_wayne,0.5,0.35,0
85,85,ucl_finals_lineups_2011_2018.csv,ucl_finals_lineups_2011_2018,Unknown,Champions League,fc_barcelona_2011 vs man_utd_2011,man_utd_2011,Ryan Giggs,LCM,11,Wales,2,Sir Alex Ferguson's Manchester United 2010-11,4-4-1-1,2010-11,Champions League,Barcelona,giggs_ryan,0.45,0.55,0
85,85,ucl_finals_lineups_2011_2018.csv,ucl_finals_lineups_2011_2018,Unknown,Champions League,fc_barcelona_2011 vs man_utd_2011,man_utd_2011,Ji-Sung Park,LM,13,Unknown,2,Sir Alex Ferguson's Manchester United 2010-11,4-4-1-1,2010-11,Champions League,Barcelona,park_ji_sung,0.2,0.5,0
85,85,ucl_finals_lineups_2011_2018.csv,ucl_finals_lineups_2011_2018,Unknown,Champions League,fc_barcelona_2011 vs man_utd_2011,man_utd_2011,Javier Hernández,ST,14,Argentina,2,Sir Alex Ferguson's Manchester United 2010-11,4-4-1-1,2010-11,Champions League,Barcelona,hernandez_javier,0.5,0.22,0
85,85,ucl_finals_lineups_2011_2018.csv,ucl_finals_lineups_2011_2018,Unknown,Champions League,fc_barcelona_2011 vs man_utd_2011,man_utd_2011,Nemanja Vidić,LCB,15,Croatia,2,Sir Alex Ferguson's Manchester United 2010-11,4-4-1-1,2010-11,Champions League,Barcelona,vidic_nemanja,0.35,0.78,0
85,85,ucl_finals_lineups_2011_2018.csv,ucl_finals_lineups_2011_2018,Unknown,Champions League,fc_barcelona_2011 vs man_utd_2011,man_utd_2011,Michael Carrick,RCM,16,England,2,Sir Alex Ferguson's Manchester United 2010-11,4-4-1-1,2010-11,Champions League,Barcelona,carrick_michael,0.55,0.55,0
85,85,ucl_finals_lineups_2011_2018.csv,ucl_finals_lineups_2011_2018,Unknown,Champions League,fc_barcelona_2011 vs man_utd_2011,man_utd_2011,Fabio da Silva,RB,20,Brazil,2,Sir Alex Ferguson's Manchester United 2010-11,4-4-1-1,2010-11,Champions League,Barcelona,da_silva_fabio,0.8,0.75,0
85,85,ucl_finals_lineups_2011_2018.csv,ucl_finals_lineups_2011_2018,Unknown,Champions League,fc_barcelona_2011 vs man_utd_2011,man_utd_2011,Antonio Valencia,RM,25,Ecuador,2,Sir Alex Ferguson's Manchester United 2010-11,4-4-1-1,2010-11,Champions League,Barcelona,valencia_antonio,0.8,0.5,0
86,86,ucl_finals_lineups_2011_2018.csv,ucl_finals_lineups_2011_2018,Unknown,Champions League,bayern_munich_2012 vs chelsea_2012,bayern_munich_2012,Manuel Neuer,GK,1,Germany,3,Jupp Heynckes' Bayern 2011-12,4-2-3-1,2011-12,Champions League,Chelsea,neuer_manuel,0.5,0.9,1
86,86,ucl_finals_lineups_2011_2018.csv,ucl_finals_lineups_2011_2018,Unknown,Champions League,bayern_munich_2012 vs chelsea_2012,bayern_munich_2012,Franck Ribéry,LW,7,France,3,Jupp Heynckes' Bayern 2011-12,4-2-3-1,2011-12,Champions League,Chelsea,ribery_franck,0.2,0.3,1
86,86,ucl_finals_lineups_2011_2018.csv,ucl_finals_lineups_2011_2018,Unknown,Champions League,bayern_munich_2012 vs chelsea_2012,bayern_munich_2012,Arjen Robben,RW,10,Netherlands,3,Jupp Heynckes' Bayern 2011-12,4-2-3-1,2011-12,Champions League,Chelsea,robben_arjen,0.8,0.3,1
86,86,ucl_finals_lineups_2011_2018.csv,ucl_finals_lineups_2011_2018,Unknown,Champions League,bayern_munich_2012 vs chelsea_2012,bayern_munich_2012,Jérôme Boateng,RCB,17,Germany,3,Jupp Heynckes' Bayern 2011-12,4-2-3-1,2011-12,Champions League,Chelsea,boateng_jerome,0.65,0.78,1
86,86,ucl_finals_lineups_2011_2018.csv,ucl_finals_lineups_2011_2018,Unknown,Champions League,bayern_munich_2012 vs chelsea_2012,bayern_munich_2012,Philipp Lahm,RB,21,Germany,3,Jupp Heynckes' Bayern 2011-12,4-2-3-1,2011-12,Champions League,Chelsea,lahm_philipp,0.8,0.75,1
86,86,ucl_finals_lineups_2011_2018.csv,ucl_finals_lineups_2011_2018,Unknown,Champions League,bayern_munich_2012 vs chelsea_2012,bayern_munich_2012,Thomas Müller,CAM,25,Germany,3,Jupp Heynckes' Bayern 2011-12,4-2-3-1,2011-12,Champions League,Chelsea,muller_thomas,0.5,0.45,1
86,86,ucl_finals_lineups_2011_2018.csv,ucl_finals_lineups_2011_2018,Unknown,Champions League,bayern_munich_2012 vs chelsea_2012,bayern_munich_2012,Diego Contento,LB,26,Italy,3,Jupp Heynckes' Bayern 2011-12,4-2-3-1,2011-12,Champions League,Chelsea,contento_diego,0.2,0.75,1
86,86,ucl_finals_lineups_2011_2018.csv,ucl_finals_lineups_2011_2018,Unknown,Champions League,bayern_munich_2012 vs chelsea_2012,bayern_munich_2012,Bastian Schweinsteiger,CDM,31,Germany,3,Jupp Heynckes' Bayern 2011-12,4-2-3-1,2011-12,Champions League,Chelsea,schweinsteiger_bastian,0.4,0.65,1
86,86,ucl_finals_lineups_2011_2018.csv,ucl_finals_lineups_2011_2018,Unknown,Champions League,bayern_munich_2012 vs chelsea_2012,bayern_munich_2012,Mario Gómez,ST,33,Spain,3,Jupp Heynckes' Bayern 2011-12,4-2-3-1,2011-12,Champions League,Chelsea,gomez_mario,0.5,0.2,1
86,86,ucl_finals_lineups_2011_2018.csv,ucl_finals_lineups_2011_2018,Unknown,Champions League,bayern_munich_2012 vs chelsea_2012,bayern_munich_2012,Toni Kroos,CDM,39,German Former Professional,3,Jupp Heynckes' Bayern 2011-12,4-2-3-1,2011-12,Champions League,Chelsea,kroos_toni,0.6,0.65,1
86,86,ucl_finals_lineups_2011_2018.csv,ucl_finals_lineups_2011_2018,Unknown,Champions League,bayern_munich_2012 vs chelsea_2012,bayern_munich_2012,Anatoliy Tymoshchuk,LCB,44,Ukraine,3,Jupp Heynckes' Bayern 2011-12,4-2-3-1,2011-12,Champions League,Chelsea,tymoshchuk_anatoliy,0.35,0.78,1
86,86,ucl_finals_lineups_2011_2018.csv,ucl_finals_lineups_2011_2018,Unknown,Champions League,bayern_munich_2012 vs chelsea_2012,chelsea_2012,Petr Čech,GK,1,Czech Former Professional,4,Roberto Di Matteo's Chelsea 2011-12,4-2-3-1,2011-12,Champions League,Bayern München,cech_petr,0.5,0.9,1
86,86,ucl_finals_lineups_2011_2018.csv,ucl_finals_lineups_2011_2018,Unknown,Champions League,bayern_munich_2012 vs chelsea_2012,chelsea_2012,Ashley Cole,LB,3,England,4,Roberto Di Matteo's Chelsea 2011-12,4-2-3-1,2011-12,Champions League,Bayern München,cole_ashley,0.2,0.75,1
86,86,ucl_finals_lineups_2011_2018.csv,ucl_finals_lineups_2011_2018,Unknown,Champions League,bayern_munich_2012 vs chelsea_2012,chelsea_2012,David Luiz,LCB,4,Portugal,4,Roberto Di Matteo's Chelsea 2011-12,4-2-3-1,2011-12,Champions League,Bayern München,luiz_david,0.35,0.78,1
86,86,ucl_finals_lineups_2011_2018.csv,ucl_finals_lineups_2011_2018,Unknown,Champions League,bayern_munich_2012 vs chelsea_2012,chelsea_2012,Frank Lampard,CDM,8,England,4,Roberto Di Matteo's Chelsea 2011-12,4-2-3-1,2011-12,Champions League,Bayern München,lampard_frank,0.6,0.65,1
86,86,ucl_finals_lineups_2011_2018.csv,ucl_finals_lineups_2011_2018,Unknown,Champions League,bayern_munich_2012 vs chelsea_2012,chelsea_2012,Juan Mata,CAM,10,Spain,4,Roberto Di Matteo's Chelsea 2011-12,4-2-3-1,2011-12,Champions League,Bayern München,mata_juan,0.5,0.45,1
86,86,ucl_finals_lineups_2011_2018.csv,ucl_finals_lineups_2011_2018,Unknown,Champions League,bayern_munich_2012 vs chelsea_2012,chelsea_2012,Didier Drogba,ST,11,Ivory Coast,4,Roberto Di Matteo's Chelsea 2011-12,4-2-3-1,2011-12,Champions League,Bayern München,drogba_didier,0.5,0.2,1
86,86,ucl_finals_lineups_2011_2018.csv,ucl_finals_lineups_2011_2018,Unknown,Champions League,bayern_munich_2012 vs chelsea_2012,chelsea_2012,John Obi Mikel,CDM,12,Nigeria,4,Roberto Di Matteo's Chelsea 2011-12,4-2-3-1,2011-12,Champions League,Bayern München,mikel_john_obi,0.4,0.65,1
86,86,ucl_finals_lineups_2011_2018.csv,ucl_finals_lineups_2011_2018,Unknown,Champions League,bayern_munich_2012 vs chelsea_2012,chelsea_2012,José Bosingwa,RB,17,Spain,4,Roberto Di Matteo's Chelsea 2011-12,4-2-3-1,2011-12,Champions League,Bayern München,bosingwa_jose,0.8,0.75,1
86,86,ucl_finals_lineups_2011_2018.csv,ucl_finals_lineups_2011_2018,Unknown,Champions League,bayern_munich_2012 vs chelsea_2012,chelsea_2012,Salomon Kalou,RW,21,Oum,4,Roberto Di Matteo's Chelsea 2011-12,4-2-3-1,2011-12,Champions League,Bayern München,kalou_salomon,0.8,0.3,1
86,86,ucl_finals_lineups_2011_2018.csv,ucl_finals_lineups_2011_2018,Unknown,Champions League,bayern_munich_2012 vs chelsea_2012,chelsea_2012,Gary Cahill,RCB,24,England,4,Roberto Di Matteo's Chelsea 2011-12,4-2-3-1,2011-12,Champions League,Bayern München,cahill_gary,0.65,0.78,1
86,86,ucl_finals_lineups_2011_2018.csv,ucl_finals_lineups_2011_2018,Unknown,Champions League,bayern_munich_2012 vs chelsea_2012,chelsea_2012,Ryan Bertrand,LW,34,Gillingham,4,Roberto Di Matteo's Chelsea 2011-12,4-2-3-1,2011-12,Champions League,Bayern München,bertrand_ryan,0.2,0.3,1
87,87,ucl_finals_lineups_2011_2018.csv,ucl_finals_lineups_2011_2018,Unknown,Champions League,borussia_dortmund_2013 vs bayern_munich_2013,bayern_munich_2013,Manuel Neuer,GK,1,Germany,6,Jupp Heynckes' Bayern 2012-13,4-2-3-1,2012-13,Champions League,Borussia Dortmund,neuer_manuel,0.5,0.9,2
87,87,ucl_finals_lineups_2011_2018.csv,ucl_finals_lineups_2011_2018,Unknown,Champions League,borussia_dortmund_2013 vs bayern_munich_2013,bayern_munich_2013,Dante,LCB,4,Portugal,6,Jupp Heynckes' Bayern 2012-13,4-2-3-1,2012-13,Champions League,Borussia Dortmund,dante,0.35,0.78,2
87,87,ucl_finals_lineups_2011_2018.csv,ucl_finals_lineups_2011_2018,Unknown,Champions League,borussia_dortmund_2013 vs bayern_munich_2013,bayern_munich_2013,Franck Ribéry,LW,7,France,6,Jupp Heynckes' Bayern 2012-13,4-2-3-1,2012-13,Champions League,Borussia Dortmund,ribery_franck,0.2,0.3,2
87,87,ucl_finals_lineups_2011_2018.csv,ucl_finals_lineups_2011_2018,Unknown,Champions League,borussia_dortmund_2013 vs bayern_munich_2013,bayern_munich_2013,Javi Martínez,CDM,8,Spain,6,Jupp Heynckes' Bayern 2012-13,4-2-3-1,2012-13,Champions League,Borussia Dortmund,martinez_javi,0.4,0.65,2
87,87,ucl_finals_lineups_2011_2018.csv,ucl_finals_lineups_2011_2018,Unknown,Champions League,borussia_dortmund_2013 vs bayern_munich_2013,bayern_munich_2013,Mario Mandžukić,ST,9,Croatia,6,Jupp Heynckes' Bayern 2012-13,4-2-3-1,2012-13,Champions League,Borussia Dortmund,mandzukic_mario,0.5,0.2,2
87,87,ucl_finals_lineups_2011_2018.csv,ucl_finals_lineups_2011_2018,Unknown,Champions League,borussia_dortmund_2013 vs bayern_munich_2013,bayern_munich_2013,Arjen Robben,RW,10,Netherlands,6,Jupp Heynckes' Bayern 2012-13,4-2-3-1,2012-13,Champions League,Borussia Dortmund,robben_arjen,0.8,0.3,2
87,87,ucl_finals_lineups_2011_2018.csv,ucl_finals_lineups_2011_2018,Unknown,Champions League,borussia_dortmund_2013 vs bayern_munich_2013,bayern_munich_2013,Jérôme Boateng,RCB,17,Germany,6,Jupp Heynckes' Bayern 2012-13,4-2-3-1,2012-13,Champions League,Borussia Dortmund,boateng_jerome,0.65,0.78,2
87,87,ucl_finals_lineups_2011_2018.csv,ucl_finals_lineups_2011_2018,Unknown,Champions League,borussia_dortmund_2013 vs bayern_munich_2013,bayern_munich_2013,Philipp Lahm,RB,21,Germany,6,Jupp Heynckes' Bayern 2012-13,4-2-3-1,2012-13,Champions League,Borussia Dortmund,lahm_philipp,0.8,0.75,2
87,87,ucl_finals_lineups_2011_2018.csv,ucl_finals_lineups_2011_2018,Unknown,Champions League,borussia_dortmund_2013 vs bayern_munich_2013,bayern_munich_2013,Thomas Müller,CAM,25,Germany,6,Jupp Heynckes' Bayern 2012-13,4-2-3-1,2012-13,Champions League,Borussia Dortmund,muller_thomas,0.5,0.45,2
87,87,ucl_finals_lineups_2011_2018.csv,ucl_finals_lineups_2011_2018,Unknown,Champions League,borussia_dortmund_2013 vs bayern_munich_2013,bayern_munich_2013,David Alaba,LB,27,Austria,6,Jupp Heynckes' Bayern 2012-13,4-2-3-1,2012-13,Champions League,Borussia Dortmund,alaba_david,0.2,0.75,2
87,87,ucl_finals_lineups_2011_2018.csv,ucl_finals_lineups_2011_2018,Unknown,Champions League,borussia_dortmund_2013 vs bayern_munich_2013,bayern_munich_2013,Bastian Schweinsteiger,CDM,31,Germany,6,Jupp Heynckes' Bayern 2012-13,4-2-3-1,2012-13,Champions League,Borussia Dortmund,schweinsteiger_bastian,0.6,0.65,2
87,87,ucl_finals_lineups_2011_2018.csv,ucl_finals_lineups_2011_2018,Unknown,Champions League,borussia_dortmund_2013 vs bayern_munich_2013,borussia_dortmund_2013,Roman Weidenfeller,GK,1,Germany,5,Jürgen Klopp's Dortmund 2012-13,4-2-3-1,2012-13,Champions League,Bayern München,weidenfeller_roman,0.5,0.9,2
87,87,ucl_finals_lineups_2011_2018.csv,ucl_finals_lineups_2011_2018,Unknown,Champions League,borussia_dortmund_2013 vs bayern_munich_2013,borussia_dortmund_2013,Neven Subotić,RCB,4,Croatia,5,Jürgen Klopp's Dortmund 2012-13,4-2-3-1,2012-13,Champions League,Bayern München,subotic_neven,0.65,0.78,2
87,87,ucl_finals_lineups_2011_2018.csv,ucl_finals_lineups_2011_2018,Unknown,Champions League,borussia_dortmund_2013 vs bayern_munich_2013,borussia_dortmund_2013,Sven Bender,CDM,6,Netherlands,5,Jürgen Klopp's Dortmund 2012-13,4-2-3-1,2012-13,Champions League,Bayern München,bender_sven,0.4,0.65,2
87,87,ucl_finals_lineups_2011_2018.csv,ucl_finals_lineups_2011_2018,Unknown,Champions League,borussia_dortmund_2013 vs bayern_munich_2013,borussia_dortmund_2013,İlkay Gündoğan,CDM,8,Portugal,5,Jürgen Klopp's Dortmund 2012-13,4-2-3-1,2012-13,Champions League,Bayern München,gundogan_ilkay,0.6,0.65,2
87,87,ucl_finals_lineups_2011_2018.csv,ucl_finals_lineups_2011_2018,Unknown,Champions League,borussia_dortmund_2013 vs bayern_munich_2013,borussia_dortmund_2013,Robert Lewandowski,ST,9,Poland,5,Jürgen Klopp's Dortmund 2012-13,4-2-3-1,2012-13,Champions League,Bayern München,lewandowski_robert,0.5,0.2,2
87,87,ucl_finals_lineups_2011_2018.csv,ucl_finals_lineups_2011_2018,Unknown,Champions League,borussia_dortmund_2013 vs bayern_munich_2013,borussia_dortmund_2013,Marco Reus,CAM,11,Germany,5,Jürgen Klopp's Dortmund 2012-13,4-2-3-1,2012-13,Champions League,Bayern München,reus_marco,0.5,0.45,2
87,87,ucl_finals_lineups_2011_2018.csv,ucl_finals_lineups_2011_2018,Unknown,Champions League,borussia_dortmund_2013 vs bayern_munich_2013,borussia_dortmund_2013,Mats Hummels,LCB,15,German Former,5,Jürgen Klopp's Dortmund 2012-13,4-2-3-1,2012-13,Champions League,Bayern München,hummels_mats,0.35,0.78,2
87,87,ucl_finals_lineups_2011_2018.csv,ucl_finals_lineups_2011_2018,Unknown,Champions League,borussia_dortmund_2013 vs bayern_munich_2013,borussia_dortmund_2013,Jakub Błaszczykowski,RW,16,The Nie Wstydz,5,Jürgen Klopp's Dortmund 2012-13,4-2-3-1,2012-13,Champions League,Bayern München,blaszczykowski_jakub,0.8,0.3,2
87,87,ucl_finals_lineups_2011_2018.csv,ucl_finals_lineups_2011_2018,Unknown,Champions League,borussia_dortmund_2013 vs bayern_munich_2013,borussia_dortmund_2013,Kevin Großkreutz,LW,19,Unknown,5,Jürgen Klopp's Dortmund 2012-13,4-2-3-1,2012-13,Champions League,Bayern München,grosskreutz_kevin,0.2,0.3,2
87,87,ucl_finals_lineups_2011_2018.csv,ucl_finals_lineups_2011_2018,Unknown,Champions League,borussia_dortmund_2013 vs bayern_munich_2013,borussia_dortmund_2013,Łukasz Piszczek,RB,26,Polish Professional,5,Jürgen Klopp's Dortmund 2012-13,4-2-3-1,2012-13,Champions League,Bayern München,piszczek_lukasz,0.8,0.75,2
87,87,ucl_finals_lineups_2011_2018.csv,ucl_finals_lineups_2011_2018,Unknown,Champions League,borussia_dortmund_2013 vs bayern_munich_2013,borussia_dortmund_2013,Marcel Schmelzer,LB,29,German Former Professional,5,Jürgen Klopp's Dortmund 2012-13,4-2-3-1,2012-13,Champions League,Bayern München,schmelzer_marcel,0.2,0.75,2
88,88,ucl_finals_lineups_2011_2018.csv,ucl_finals_lineups_2011_2018,Unknown,Champions League,real_madrid_2014 vs atletico_madrid_2014,atletico_madrid_2014,Diego Godín,LCB,2,Uruguay,8,Diego Simeone's Atlético 2013-14,4-4-2,2013-14,Champions League,Real Madrid,godin_diego,0.35,0.78,3
88,88,ucl_finals_lineups_2011_2018.csv,ucl_finals_lineups_2011_2018,Unknown,Champions League,real_madrid_2014 vs atletico_madrid_2014,atletico_madrid_2014,Filipe Luís,LB,3,Brazil,8,Diego Simeone's Atlético 2013-14,4-4-2,2013-14,Champions League,Real Madrid,filipe_luis,0.2,0.75,3
88,88,ucl_finals_lineups_2011_2018.csv,ucl_finals_lineups_2011_2018,Unknown,Champions League,real_madrid_2014 vs atletico_madrid_2014,atletico_madrid_2014,Tiago Mendes,LCM,5,France,8,Diego Simeone's Atlético 2013-14,4-4-2,2013-14,Champions League,Real Madrid,tiago_mendes,0.45,0.55,3
88,88,ucl_finals_lineups_2011_2018.csv,ucl_finals_lineups_2011_2018,Unknown,Champions League,real_madrid_2014 vs atletico_madrid_2014,atletico_madrid_2014,Koke,LM,6,Spain,8,Diego Simeone's Atlético 2013-14,4-4-2,2013-14,Champions League,Real Madrid,koke,0.2,0.5,3
88,88,ucl_finals_lineups_2011_2018.csv,ucl_finals_lineups_2011_2018,Unknown,Champions League,real_madrid_2014 vs atletico_madrid_2014,atletico_madrid_2014,Raúl García,RM,8,Spain,8,Diego Simeone's Atlético 2013-14,4-4-2,2013-14,Champions League,Real Madrid,garcia_raul,0.8,0.5,3
88,88,ucl_finals_lineups_2011_2018.csv,ucl_finals_lineups_2011_2018,Unknown,Champions League,real_madrid_2014 vs atletico_madrid_2014,atletico_madrid_2014,David Villa,ST,9,Spain,8,Diego Simeone's Atlético 2013-14,4-4-2,2013-14,Champions League,Real Madrid,villa_david,0.58,0.25,3
88,88,ucl_finals_lineups_2011_2018.csv,ucl_finals_lineups_2011_2018,Unknown,Champions League,real_madrid_2014 vs atletico_madrid_2014,atletico_madrid_2014,Thibaut Courtois,GK,13,Belgium,8,Diego Simeone's Atlético 2013-14,4-4-2,2013-14,Champions League,Real Madrid,courtois_thibaut,0.5,0.9,3
88,88,ucl_finals_lineups_2011_2018.csv,ucl_finals_lineups_2011_2018,Unknown,Champions League,real_madrid_2014 vs atletico_madrid_2014,atletico_madrid_2014,Gabi,RCM,14,Spain,8,Diego Simeone's Atlético 2013-14,4-4-2,2013-14,Champions League,Real Madrid,gabi,0.55,0.55,3
88,88,ucl_finals_lineups_2011_2018.csv,ucl_finals_lineups_2011_2018,Unknown,Champions League,real_madrid_2014 vs atletico_madrid_2014,atletico_madrid_2014,Diego Costa,ST,19,Spain,8,Diego Simeone's Atlético 2013-14,4-4-2,2013-14,Champions League,Real Madrid,costa_diego,0.42,0.25,3
88,88,ucl_finals_lineups_2011_2018.csv,ucl_finals_lineups_2011_2018,Unknown,Champions League,real_madrid_2014 vs atletico_madrid_2014,atletico_madrid_2014,Juanfran,RB,20,Spain,8,Diego Simeone's Atlético 2013-14,4-4-2,2013-14,Champions League,Real Madrid,juanfran,0.8,0.75,3
88,88,ucl_finals_lineups_2011_2018.csv,ucl_finals_lineups_2011_2018,Unknown,Champions League,real_madrid_2014 vs atletico_madrid_2014,atletico_madrid_2014,Miranda,RCB,23,Brazil,8,Diego Simeone's Atlético 2013-14,4-4-2,2013-14,Champions League,Real Madrid,miranda_joao,0.65,0.78,3
88,88,ucl_finals_lineups_2011_2018.csv,ucl_finals_lineups_2011_2018,Unknown,Champions League,real_madrid_2014 vs atletico_madrid_2014,real_madrid_2014,Iker Casillas,GK,1,Spain,7,Carlo Ancelotti's Real Madrid 2013-14,4-3-3,2013-14,Champions League,Atlético Madrid,casillas_iker,0.5,0.9,3
88,88,ucl_finals_lineups_2011_2018.csv,ucl_finals_lineups_2011_2018,Unknown,Champions League,real_madrid_2014 vs atletico_madrid_2014,real_madrid_2014,Raphaël Varane,RCB,2,French Former Professional,7,Carlo Ancelotti's Real Madrid 2013-14,4-3-3,2013-14,Champions League,Atlético Madrid,varane_raphael,0.65,0.78,3
88,88,ucl_finals_lineups_2011_2018.csv,ucl_finals_lineups_2011_2018,Unknown,Champions League,real_madrid_2014 vs atletico_madrid_2014,real_madrid_2014,Sergio Ramos,LCB,4,Spain,7,Carlo Ancelotti's Real Madrid 2013-14,4-3-3,2013-14,Champions League,Atlético Madrid,ramos_sergio,0.35,0.78,3
88,88,ucl_finals_lineups_2011_2018.csv,ucl_finals_lineups_2011_2018,Unknown,Champions League,real_madrid_2014 vs atletico_madrid_2014,real_madrid_2014,Fábio Coentrão,LB,5,Portugal,7,Carlo Ancelotti's Real Madrid 2013-14,4-3-3,2013-14,Champions League,Atlético Madrid,coentrao_fabio,0.2,0.75,3
88,88,ucl_finals_lineups_2011_2018.csv,ucl_finals_lineups_2011_2018,Unknown,Champions League,real_madrid_2014 vs atletico_madrid_2014,real_madrid_2014,Sami Khedira,CDM,6,Germany,7,Carlo Ancelotti's Real Madrid 2013-14,4-3-3,2013-14,Champions League,Atlético Madrid,khedira_sami,0.5,0.65,3
88,88,ucl_finals_lineups_2011_2018.csv,ucl_finals_lineups_2011_2018,Unknown,Champions League,real_madrid_2014 vs atletico_madrid_2014,real_madrid_2014,Cristiano Ronaldo,LW,7,Portugal,7,Carlo Ancelotti's Real Madrid 2013-14,4-3-3,2013-14,Champions League,Atlético Madrid,ronaldo_cristiano,0.2,0.3,3
88,88,ucl_finals_lineups_2011_2018.csv,ucl_finals_lineups_2011_2018,Unknown,Champions League,real_madrid_2014 vs atletico_madrid_2014,real_madrid_2014,Karim Benzema,ST,9,French Professional,7,Carlo Ancelotti's Real Madrid 2013-14,4-3-3,2013-14,Champions League,Atlético Madrid,benzema_karim,0.5,0.2,3
88,88,ucl_finals_lineups_2011_2018.csv,ucl_finals_lineups_2011_2018,Unknown,Champions League,real_madrid_2014 vs atletico_madrid_2014,real_madrid_2014,Gareth Bale,RW,11,Wales,7,Carlo Ancelotti's Real Madrid 2013-14,4-3-3,2013-14,Champions League,Atlético Madrid,bale_gareth,0.8,0.3,3
88,88,ucl_finals_lineups_2011_2018.csv,ucl_finals_lineups_2011_2018,Unknown,Champions League,real_madrid_2014 vs atletico_madrid_2014,real_madrid_2014,Dani Carvajal,RB,15,Portugal,7,Carlo Ancelotti's Real Madrid 2013-14,4-3-3,2013-14,Champions League,Atlético Madrid,carvajal_dani,0.8,0.75,3
88,88,ucl_finals_lineups_2011_2018.csv,ucl_finals_lineups_2011_2018,Unknown,Champions League,real_madrid_2014 vs atletico_madrid_2014,real_madrid_2014,Luka Modrić,RCM,19,Croatia,7,Carlo Ancelotti's Real Madrid 2013-14,4-3-3,2013-14,Champions League,Atlético Madrid,modric_luka,0.65,0.6,3
88,88,ucl_finals_lineups_2011_2018.csv,ucl_finals_lineups_2011_2018,Unknown,Champions League,real_madrid_2014 vs atletico_madrid_2014,real_madrid_2014,Ángel Di María,LCM,22,Argentina,7,Carlo Ancelotti's Real Madrid 2013-14,4-3-3,2013-14,Champions League,Atlético Madrid,di_maria_angel,0.35,0.6,3
89,89,ucl_finals_lineups_2011_2018.csv,ucl_finals_lineups_2011_2018,Unknown,Champions League,fc_barcelona_2015 vs juventus_2015,fc_barcelona_2015,Marc-André ter Stegen,GK,1,Germany,9,Luis Enrique's Barcelona 2014-15,4-3-3,2014-15,Champions League,Juventus,terstegen_marc_andre,0.5,0.9,4
89,89,ucl_finals_lineups_2011_2018.csv,ucl_finals_lineups_2011_2018,Unknown,Champions League,fc_barcelona_2015 vs juventus_2015,fc_barcelona_2015,Gerard Piqué,RCB,3,Spain,9,Luis Enrique's Barcelona 2014-15,4-3-3,2014-15,Champions League,Juventus,pique_gerard,0.65,0.78,4
89,89,ucl_finals_lineups_2011_2018.csv,ucl_finals_lineups_2011_2018,Unknown,Champions League,fc_barcelona_2015 vs juventus_2015,fc_barcelona_2015,Ivan Rakitić,RCM,4,Croatia,9,Luis Enrique's Barcelona 2014-15,4-3-3,2014-15,Champions League,Juventus,rakitic_ivan,0.65,0.6,4
89,89,ucl_finals_lineups_2011_2018.csv,ucl_finals_lineups_2011_2018,Unknown,Champions League,fc_barcelona_2015 vs juventus_2015,fc_barcelona_2015,Sergio Busquets,CDM,5,Spain,9,Luis Enrique's Barcelona 2014-15,4-3-3,2014-15,Champions League,Juventus,busquets_sergio,0.5,0.65,4
89,89,ucl_finals_lineups_2011_2018.csv,ucl_finals_lineups_2011_2018,Unknown,Champions League,fc_barcelona_2015 vs juventus_2015,fc_barcelona_2015,Andrés Iniesta,LCM,8,Spain,9,Luis Enrique's Barcelona 2014-15,4-3-3,2014-15,Champions League,Juventus,iniesta_andres,0.35,0.6,4
89,89,ucl_finals_lineups_2011_2018.csv,ucl_finals_lineups_2011_2018,Unknown,Champions League,fc_barcelona_2015 vs juventus_2015,fc_barcelona_2015,Luis Suárez,ST,9,Uruguay,9,Luis Enrique's Barcelona 2014-15,4-3-3,2014-15,Champions League,Juventus,suarez_luis,0.5,0.2,4
89,89,ucl_finals_lineups_2011_2018.csv,ucl_finals_lineups_2011_2018,Unknown,Champions League,fc_barcelona_2015 vs juventus_2015,fc_barcelona_2015,Lionel Messi,RW,10,Argentina,9,Luis Enrique's Barcelona 2014-15,4-3-3,2014-15,Champions League,Juventus,messi_lionel,0.8,0.3,4
89,89,ucl_finals_lineups_2011_2018.csv,ucl_finals_lineups_2011_2018,Unknown,Champions League,fc_barcelona_2015 vs juventus_2015,fc_barcelona_2015,Neymar,LW,11,Brazil,9,Luis Enrique's Barcelona 2014-15,4-3-3,2014-15,Champions League,Juventus,neymar,0.2,0.3,4
89,89,ucl_finals_lineups_2011_2018.csv,ucl_finals_lineups_2011_2018,Unknown,Champions League,fc_barcelona_2015 vs juventus_2015,fc_barcelona_2015,Javier Mascherano,LCB,14,Argentina,9,Luis Enrique's Barcelona 2014-15,4-3-3,2014-15,Champions League,Juventus,mascherano_javier,0.35,0.78,4
89,89,ucl_finals_lineups_2011_2018.csv,ucl_finals_lineups_2011_2018,Unknown,Champions League,fc_barcelona_2015 vs juventus_2015,fc_barcelona_2015,Jordi Alba,LB,18,Spain,9,Luis Enrique's Barcelona 2014-15,4-3-3,2014-15,Champions League,Juventus,alba_jordi,0.2,0.75,4
89,89,ucl_finals_lineups_2011_2018.csv,ucl_finals_lineups_2011_2018,Unknown,Champions League,fc_barcelona_2015 vs juventus_2015,fc_barcelona_2015,Dani Alves,RB,22,Brazil,9,Luis Enrique's Barcelona 2014-15,4-3-3,2014-15,Champions League,Juventus,alves_dani,0.8,0.75,4
89,89,ucl_finals_lineups_2011_2018.csv,ucl_finals_lineups_2011_2018,Unknown,Champions League,fc_barcelona_2015 vs juventus_2015,juventus_2015,Gianluigi Buffon,GK,1,Italy,10,Massimiliano Allegri's Juventus 2014-15,4-3-1-2,2014-15,Champions League,Barcelona,buffon_gianluigi,0.5,0.9,4
89,89,ucl_finals_lineups_2011_2018.csv,ucl_finals_lineups_2011_2018,Unknown,Champions League,fc_barcelona_2015 vs juventus_2015,juventus_2015,Paul Pogba,RCM,6,Guinean Former Professional,10,Massimiliano Allegri's Juventus 2014-15,4-3-1-2,2014-15,Champions League,Barcelona,pogba_paul,0.65,0.6,4
89,89,ucl_finals_lineups_2011_2018.csv,ucl_finals_lineups_2011_2018,Unknown,Champions League,fc_barcelona_2015 vs juventus_2015,juventus_2015,Claudio Marchisio,LCM,8,Italy,10,Massimiliano Allegri's Juventus 2014-15,4-3-1-2,2014-15,Champions League,Barcelona,marchisio_claudio,0.35,0.6,4
89,89,ucl_finals_lineups_2011_2018.csv,ucl_finals_lineups_2011_2018,Unknown,Champions League,fc_barcelona_2015 vs juventus_2015,juventus_2015,Álvaro Morata,ST,9,Spanish Professional,10,Massimiliano Allegri's Juventus 2014-15,4-3-1-2,2014-15,Champions League,Barcelona,morata_alvaro,0.58,0.25,4
89,89,ucl_finals_lineups_2011_2018.csv,ucl_finals_lineups_2011_2018,Unknown,Champions League,fc_barcelona_2015 vs juventus_2015,juventus_2015,Carlos Tévez,ST,10,Brazil,10,Massimiliano Allegri's Juventus 2014-15,4-3-1-2,2014-15,Champions League,Barcelona,tevez_carlos,0.42,0.25,4
89,89,ucl_finals_lineups_2011_2018.csv,ucl_finals_lineups_2011_2018,Unknown,Champions League,fc_barcelona_2015 vs juventus_2015,juventus_2015,Andrea Barzagli,RCB,15,Italy,10,Massimiliano Allegri's Juventus 2014-15,4-3-1-2,2014-15,Champions League,Barcelona,barzagli_andrea,0.65,0.78,4
89,89,ucl_finals_lineups_2011_2018.csv,ucl_finals_lineups_2011_2018,Unknown,Champions League,fc_barcelona_2015 vs juventus_2015,juventus_2015,Leonardo Bonucci,LCB,19,Italy,10,Massimiliano Allegri's Juventus 2014-15,4-3-1-2,2014-15,Champions League,Barcelona,bonucci_leonardo,0.35,0.78,4
89,89,ucl_finals_lineups_2011_2018.csv,ucl_finals_lineups_2011_2018,Unknown,Champions League,fc_barcelona_2015 vs juventus_2015,juventus_2015,Andrea Pirlo,CM,21,Italy,10,Massimiliano Allegri's Juventus 2014-15,4-3-1-2,2014-15,Champions League,Barcelona,pirlo_andrea,0.5,0.65,4
89,89,ucl_finals_lineups_2011_2018.csv,ucl_finals_lineups_2011_2018,Unknown,Champions League,fc_barcelona_2015 vs juventus_2015,juventus_2015,Arturo Vidal,CAM,23,Chile,10,Massimiliano Allegri's Juventus 2014-15,4-3-1-2,2014-15,Champions League,Barcelona,vidal_arturo,0.5,0.45,4
89,89,ucl_finals_lineups_2011_2018.csv,ucl_finals_lineups_2011_2018,Unknown,Champions League,fc_barcelona_2015 vs juventus_2015,juventus_2015,Stephan Lichtsteiner,RB,26,Switzerland,10,Massimiliano Allegri's Juventus 2014-15,4-3-1-2,2014-15,Champions League,Barcelona,lichtsteiner_stephan,0.8,0.75,4
89,89,ucl_finals_lineups_2011_2018.csv,ucl_finals_lineups_2011_2018,Unknown,Champions League,fc_barcelona_2015 vs juventus_2015,juventus_2015,Patrice Evra,LB,33,France,10,Massimiliano Allegri's Juventus 2014-15,4-3-1-2,2014-15,Champions League,Barcelona,evra_patrice,0.2,0.75,4
90,90,ucl_finals_lineups_2011_2018.csv,ucl_finals_lineups_2011_2018,Unknown,Champions League,real_madrid_2016 vs atletico_madrid_2016,atletico_madrid_2016,Diego Godín,LCB,2,Uruguay,12,Diego Simeone's Atlético 2015-16,4-4-2,2015-16,Champions League,Real Madrid,godin_diego,0.35,0.78,5
90,90,ucl_finals_lineups_2011_2018.csv,ucl_finals_lineups_2011_2018,Unknown,Champions League,real_madrid_2016 vs atletico_madrid_2016,atletico_madrid_2016,Filipe Luís,LB,3,Brazil,12,Diego Simeone's Atlético 2015-16,4-4-2,2015-16,Champions League,Real Madrid,filipe_luis,0.2,0.75,5
90,90,ucl_finals_lineups_2011_2018.csv,ucl_finals_lineups_2011_2018,Unknown,Champions League,real_madrid_2016 vs atletico_madrid_2016,atletico_madrid_2016,Koke,RM,6,Spain,12,Diego Simeone's Atlético 2015-16,4-4-2,2015-16,Champions League,Real Madrid,koke,0.8,0.5,5
90,90,ucl_finals_lineups_2011_2018.csv,ucl_finals_lineups_2011_2018,Unknown,Champions League,real_madrid_2016 vs atletico_madrid_2016,atletico_madrid_2016,Antoine Griezmann,ST,7,France,12,Diego Simeone's Atlético 2015-16,4-4-2,2015-16,Champions League,Real Madrid,griezmann_antoine,0.58,0.25,5
90,90,ucl_finals_lineups_2011_2018.csv,ucl_finals_lineups_2011_2018,Unknown,Champions League,real_madrid_2016 vs atletico_madrid_2016,atletico_madrid_2016,Fernando Torres,ST,9,Spain,12,Diego Simeone's Atlético 2015-16,4-4-2,2015-16,Champions League,Real Madrid,torres_fernando,0.42,0.25,5
90,90,ucl_finals_lineups_2011_2018.csv,ucl_finals_lineups_2011_2018,Unknown,Champions League,real_madrid_2016 vs atletico_madrid_2016,atletico_madrid_2016,Augusto Fernández,LCM,12,Argentina,12,Diego Simeone's Atlético 2015-16,4-4-2,2015-16,Champions League,Real Madrid,fernandez_augusto,0.45,0.55,5
90,90,ucl_finals_lineups_2011_2018.csv,ucl_finals_lineups_2011_2018,Unknown,Champions League,real_madrid_2016 vs atletico_madrid_2016,atletico_madrid_2016,Jan Oblak,GK,13,Slovenia,12,Diego Simeone's Atlético 2015-16,4-4-2,2015-16,Champions League,Real Madrid,oblak_jan,0.5,0.9,5
90,90,ucl_finals_lineups_2011_2018.csv,ucl_finals_lineups_2011_2018,Unknown,Champions League,real_madrid_2016 vs atletico_madrid_2016,atletico_madrid_2016,Gabi,RCM,14,Spain,12,Diego Simeone's Atlético 2015-16,4-4-2,2015-16,Champions League,Real Madrid,gabi,0.55,0.55,5
90,90,ucl_finals_lineups_2011_2018.csv,ucl_finals_lineups_2011_2018,Unknown,Champions League,real_madrid_2016 vs atletico_madrid_2016,atletico_madrid_2016,Stefan Savić,RCB,15,Montenegro,12,Diego Simeone's Atlético 2015-16,4-4-2,2015-16,Champions League,Real Madrid,savic_stefan,0.65,0.78,5
90,90,ucl_finals_lineups_2011_2018.csv,ucl_finals_lineups_2011_2018,Unknown,Champions League,real_madrid_2016 vs atletico_madrid_2016,atletico_madrid_2016,Saúl Ñíguez,LM,17,Spain,12,Diego Simeone's Atlético 2015-16,4-4-2,2015-16,Champions League,Real Madrid,niguez_saul,0.2,0.5,5
90,90,ucl_finals_lineups_2011_2018.csv,ucl_finals_lineups_2011_2018,Unknown,Champions League,real_madrid_2016 vs atletico_madrid_2016,atletico_madrid_2016,Juanfran,RB,20,Spain,12,Diego Simeone's Atlético 2015-16,4-4-2,2015-16,Champions League,Real Madrid,juanfran,0.8,0.75,5
90,90,ucl_finals_lineups_2011_2018.csv,ucl_finals_lineups_2011_2018,Unknown,Champions League,real_madrid_2016 vs atletico_madrid_2016,real_madrid_2016,Keylor Navas,GK,1,Costa Rican Professional,11,Zinedine Zidane's Real Madrid 2015-16,4-3-3,2015-16,Champions League,Atlético Madrid,navas_keylor,0.5,0.9,5
90,90,ucl_finals_lineups_2011_2018.csv,ucl_finals_lineups_2011_2018,Unknown,Champions League,real_madrid_2016 vs atletico_madrid_2016,real_madrid_2016,Pepe,RCB,3,Portugal,11,Zinedine Zidane's Real Madrid 2015-16,4-3-3,2015-16,Champions League,Atlético Madrid,pepe,0.65,0.78,5
90,90,ucl_finals_lineups_2011_2018.csv,ucl_finals_lineups_2011_2018,Unknown,Champions League,real_madrid_2016 vs atletico_madrid_2016,real_madrid_2016,Sergio Ramos,LCB,4,Spain,11,Zinedine Zidane's Real Madrid 2015-16,4-3-3,2015-16,Champions League,Atlético Madrid,ramos_sergio,0.35,0.78,5
90,90,ucl_finals_lineups_2011_2018.csv,ucl_finals_lineups_2011_2018,Unknown,Champions League,real_madrid_2016 vs atletico_madrid_2016,real_madrid_2016,Cristiano Ronaldo,LW,7,Portugal,11,Zinedine Zidane's Real Madrid 2015-16,4-3-3,2015-16,Champions League,Atlético Madrid,ronaldo_cristiano,0.2,0.3,5
90,90,ucl_finals_lineups_2011_2018.csv,ucl_finals_lineups_2011_2018,Unknown,Champions League,real_madrid_2016 vs atletico_madrid_2016,real_madrid_2016,Toni Kroos,LCM,8,German Former Professional,11,Zinedine Zidane's Real Madrid 2015-16,4-3-3,2015-16,Champions League,Atlético Madrid,kroos_toni,0.35,0.6,5
90,90,ucl_finals_lineups_2011_2018.csv,ucl_finals_lineups_2011_2018,Unknown,Champions League,real_madrid_2016 vs atletico_madrid_2016,real_madrid_2016,Karim Benzema,ST,9,French Professional,11,Zinedine Zidane's Real Madrid 2015-16,4-3-3,2015-16,Champions League,Atlético Madrid,benzema_karim,0.5,0.2,5
90,90,ucl_finals_lineups_2011_2018.csv,ucl_finals_lineups_2011_2018,Unknown,Champions League,real_madrid_2016 vs atletico_madrid_2016,real_madrid_2016,Gareth Bale,RW,11,Wales,11,Zinedine Zidane's Real Madrid 2015-16,4-3-3,2015-16,Champions League,Atlético Madrid,bale_gareth,0.8,0.3,5
90,90,ucl_finals_lineups_2011_2018.csv,ucl_finals_lineups_2011_2018,Unknown,Champions League,real_madrid_2016 vs atletico_madrid_2016,real_madrid_2016,Marcelo,LB,12,Brazil,11,Zinedine Zidane's Real Madrid 2015-16,4-3-3,2015-16,Champions League,Atlético Madrid,marcelo,0.2,0.75,5
90,90,ucl_finals_lineups_2011_2018.csv,ucl_finals_lineups_2011_2018,Unknown,Champions League,real_madrid_2016 vs atletico_madrid_2016,real_madrid_2016,Casemiro,CDM,14,Brazil,11,Zinedine Zidane's Real Madrid 2015-16,4-3-3,2015-16,Champions League,Atlético Madrid,casemiro,0.5,0.65,5
90,90,ucl_finals_lineups_2011_2018.csv,ucl_finals_lineups_2011_2018,Unknown,Champions League,real_madrid_2016 vs atletico_madrid_2016,real_madrid_2016,Dani Carvajal,RB,15,Portugal,11,Zinedine Zidane's Real Madrid 2015-16,4-3-3,2015-16,Champions League,Atlético Madrid,carvajal_dani,0.8,0.75,5
90,90,ucl_finals_lineups_2011_2018.csv,ucl_finals_lineups_2011_2018,Unknown,Champions League,real_madrid_2016 vs atletico_madrid_2016,real_madrid_2016,Luka Modrić,RCM,19,Croatia,11,Zinedine Zidane's Real Madrid 2015-16,4-3-3,2015-16,Champions League,Atlético Madrid,modric_luka,0.65,0.6,5
91,91,ucl_finals_lineups_2011_2018.csv,ucl_finals_lineups_2011_2018,Unknown,Champions League,juventus_2017 vs real_madrid_2017,juventus_2017,Gianluigi Buffon,GK,1,Italy,13,Max Allegri's Juventus 2016-17,3-4-2-1,2016-17,Champions League,Real Madrid,buffon_gianluigi,0.5,0.9,6
91,91,ucl_finals_lineups_2011_2018.csv,ucl_finals_lineups_2011_2018,Unknown,Champions League,juventus_2017 vs real_madrid_2017,juventus_2017,Giorgio Chiellini,LCB,3,Italy,13,Max Allegri's Juventus 2016-17,3-4-2-1,2016-17,Champions League,Real Madrid,chiellini_giorgio,0.4,0.79,6
91,91,ucl_finals_lineups_2011_2018.csv,ucl_finals_lineups_2011_2018,Unknown,Champions League,juventus_2017 vs real_madrid_2017,juventus_2017,Miralem Pjanić,LCM,5,Croatia,13,Max Allegri's Juventus 2016-17,3-4-2-1,2016-17,Champions League,Real Madrid,pjanic_miralem,0.45,0.6,6
91,91,ucl_finals_lineups_2011_2018.csv,ucl_finals_lineups_2011_2018,Unknown,Champions League,juventus_2017 vs real_madrid_2017,juventus_2017,Sami Khedira,RCM,6,Germany,13,Max Allegri's Juventus 2016-17,3-4-2-1,2016-17,Champions League,Real Madrid,khedira_sami,0.55,0.6,6
91,91,ucl_finals_lineups_2011_2018.csv,ucl_finals_lineups_2011_2018,Unknown,Champions League,juventus_2017 vs real_madrid_2017,juventus_2017,Gonzalo Higuaín,ST,9,Argentina,13,Max Allegri's Juventus 2016-17,3-4-2-1,2016-17,Champions League,Real Madrid,higuain_gonzalo,0.5,0.25,6
91,91,ucl_finals_lineups_2011_2018.csv,ucl_finals_lineups_2011_2018,Unknown,Champions League,juventus_2017 vs real_madrid_2017,juventus_2017,Alex Sandro,LB,12,Brazil,13,Max Allegri's Juventus 2016-17,3-4-2-1,2016-17,Champions League,Real Madrid,alex_sandro,0.2,0.65,6
91,91,ucl_finals_lineups_2011_2018.csv,ucl_finals_lineups_2011_2018,Unknown,Champions League,juventus_2017 vs real_madrid_2017,juventus_2017,Andrea Barzagli,RCB,15,Italy,13,Max Allegri's Juventus 2016-17,3-4-2-1,2016-17,Champions League,Real Madrid,barzagli_andrea,0.6,0.79,6
91,91,ucl_finals_lineups_2011_2018.csv,ucl_finals_lineups_2011_2018,Unknown,Champions League,juventus_2017 vs real_madrid_2017,juventus_2017,Mario Mandžukić,CAM,17,Croatia,13,Max Allegri's Juventus 2016-17,3-4-2-1,2016-17,Champions League,Real Madrid,mandzukic_mario,0.4,0.45,6
91,91,ucl_finals_lineups_2011_2018.csv,ucl_finals_lineups_2011_2018,Unknown,Champions League,juventus_2017 vs real_madrid_2017,juventus_2017,Leonardo Bonucci,CB,19,Italy,13,Max Allegri's Juventus 2016-17,3-4-2-1,2016-17,Champions League,Real Madrid,bonucci_leonardo,0.5,0.82,6
91,91,ucl_finals_lineups_2011_2018.csv,ucl_finals_lineups_2011_2018,Unknown,Champions League,juventus_2017 vs real_madrid_2017,juventus_2017,Paulo Dybala,CAM,21,Argentina,13,Max Allegri's Juventus 2016-17,3-4-2-1,2016-17,Champions League,Real Madrid,dybala_paulo,0.6,0.45,6
91,91,ucl_finals_lineups_2011_2018.csv,ucl_finals_lineups_2011_2018,Unknown,Champions League,juventus_2017 vs real_madrid_2017,juventus_2017,Dani Alves,RB,23,Brazil,13,Max Allegri's Juventus 2016-17,3-4-2-1,2016-17,Champions League,Real Madrid,alves_dani,0.8,0.65,6
91,91,ucl_finals_lineups_2011_2018.csv,ucl_finals_lineups_2011_2018,Unknown,Champions League,juventus_2017 vs real_madrid_2017,real_madrid_2017,Keylor Navas,GK,1,Costa Rican Professional,14,Zinedine Zidane's Real Madrid 2016-17,4-3-1-2,2016-17,Champions League,Juventus,navas_keylor,0.5,0.9,6
91,91,ucl_finals_lineups_2011_2018.csv,ucl_finals_lineups_2011_2018,Unknown,Champions League,juventus_2017 vs real_madrid_2017,real_madrid_2017,Dani Carvajal,RB,2,Portugal,14,Zinedine Zidane's Real Madrid 2016-17,4-3-1-2,2016-17,Champions League,Juventus,carvajal_dani,0.8,0.75,6
91,91,ucl_finals_lineups_2011_2018.csv,ucl_finals_lineups_2011_2018,Unknown,Champions League,juventus_2017 vs real_madrid_2017,real_madrid_2017,Sergio Ramos,LCB,4,Spain,14,Zinedine Zidane's Real Madrid 2016-17,4-3-1-2,2016-17,Champions League,Juventus,ramos_sergio,0.35,0.78,6
91,91,ucl_finals_lineups_2011_2018.csv,ucl_finals_lineups_2011_2018,Unknown,Champions League,juventus_2017 vs real_madrid_2017,real_madrid_2017,Raphaël Varane,RCB,5,French Former Professional,14,Zinedine Zidane's Real Madrid 2016-17,4-3-1-2,2016-17,Champions League,Juventus,varane_raphael,0.65,0.78,6
91,91,ucl_finals_lineups_2011_2018.csv,ucl_finals_lineups_2011_2018,Unknown,Champions League,juventus_2017 vs real_madrid_2017,real_madrid_2017,Cristiano Ronaldo,ST,7,Portugal,14,Zinedine Zidane's Real Madrid 2016-17,4-3-1-2,2016-17,Champions League,Juventus,ronaldo_cristiano,0.42,0.25,6
91,91,ucl_finals_lineups_2011_2018.csv,ucl_finals_lineups_2011_2018,Unknown,Champions League,juventus_2017 vs real_madrid_2017,real_madrid_2017,Toni Kroos,LCM,8,German Former Professional,14,Zinedine Zidane's Real Madrid 2016-17,4-3-1-2,2016-17,Champions League,Juventus,kroos_toni,0.35,0.6,6
91,91,ucl_finals_lineups_2011_2018.csv,ucl_finals_lineups_2011_2018,Unknown,Champions League,juventus_2017 vs real_madrid_2017,real_madrid_2017,Karim Benzema,ST,9,French Professional,14,Zinedine Zidane's Real Madrid 2016-17,4-3-1-2,2016-17,Champions League,Juventus,benzema_karim,0.58,0.25,6
91,91,ucl_finals_lineups_2011_2018.csv,ucl_finals_lineups_2011_2018,Unknown,Champions League,juventus_2017 vs real_madrid_2017,real_madrid_2017,Marcelo,LB,12,Brazil,14,Zinedine Zidane's Real Madrid 2016-17,4-3-1-2,2016-17,Champions League,Juventus,marcelo,0.2,0.75,6
91,91,ucl_finals_lineups_2011_2018.csv,ucl_finals_lineups_2011_2018,Unknown,Champions League,juventus_2017 vs real_madrid_2017,real_madrid_2017,Casemiro,CM,14,Brazil,14,Zinedine Zidane's Real Madrid 2016-17,4-3-1-2,2016-17,Champions League,Juventus,casemiro,0.5,0.65,6
91,91,ucl_finals_lineups_2011_2018.csv,ucl_finals_lineups_2011_2018,Unknown,Champions League,juventus_2017 vs real_madrid_2017,real_madrid_2017,Luka Modrić,RCM,19,Croatia,14,Zinedine Zidane's Real Madrid 2016-17,4-3-1-2,2016-17,Champions League,Juventus,modric_luka,0.65,0.6,6
91,91,ucl_finals_lineups_2011_2018.csv,ucl_finals_lineups_2011_2018,Unknown,Champions League,juventus_2017 vs real_madrid_2017,real_madrid_2017,Isco,CAM,22,Unknown,14,Zinedine Zidane's Real Madrid 2016-17,4-3-1-2,2016-17,Champions League,Juventus,isco,0.5,0.45,6
92,92,ucl_finals_lineups_2011_2025.csv,ucl_finals_lineups_2011_2025,Unknown,Champions League,fc_barcelona_2011 vs man_utd_2011,fc_barcelona_2011,Víctor Valdés,GK,1,Spain,1,Pep Guardiola's Barcelona 2010-11,4-3-3,2010-11,Champions League,Manchester United,valdes_victor,0.5,0.9,0
92,92,ucl_finals_lineups_2011_2025.csv,ucl_finals_lineups_2011_2025,Unknown,Champions League,fc_barcelona_2011 vs man_utd_2011,fc_barcelona_2011,Dani Alves,RB,2,Brazil,1,Pep Guardiola's Barcelona 2010-11,4-3-3,2010-11,Champions League,Manchester United,alves_dani,0.8,0.75,0
92,92,ucl_finals_lineups_2011_2025.csv,ucl_finals_lineups_2011_2025,Unknown,Champions League,fc_barcelona_2011 vs man_utd_2011,fc_barcelona_2011,Gerard Piqué,RCB,3,Spain,1,Pep Guardiola's Barcelona 2010-11,4-3-3,2010-11,Champions League,Manchester United,pique_gerard,0.65,0.78,0
92,92,ucl_finals_lineups_2011_2025.csv,ucl_finals_lineups_2011_2025,Unknown,Champions League,fc_barcelona_2011 vs man_utd_2011,fc_barcelona_2011,Xavi Hernández,RCM,6,Spain,1,Pep Guardiola's Barcelona 2010-11,4-3-3,2010-11,Champions League,Manchester United,xavi_hernandez,0.65,0.6,0
92,92,ucl_finals_lineups_2011_2025.csv,ucl_finals_lineups_2011_2025,Unknown,Champions League,fc_barcelona_2011 vs man_utd_2011,fc_barcelona_2011,David Villa,ST,7,Spain,1,Pep Guardiola's Barcelona 2010-11,4-3-3,2010-11,Champions League,Manchester United,villa_david,0.5,0.2,0
92,92,ucl_finals_lineups_2011_2025.csv,ucl_finals_lineups_2011_2025,Unknown,Champions League,fc_barcelona_2011 vs man_utd_2011,fc_barcelona_2011,Andrés Iniesta,LCM,8,Spain,1,Pep Guardiola's Barcelona 2010-11,4-3-3,2010-11,Champions League,Manchester United,iniesta_andres,0.35,0.6,0
92,92,ucl_finals_lineups_2011_2025.csv,ucl_finals_lineups_2011_2025,Unknown,Champions League,fc_barcelona_2011 vs man_utd_2011,fc_barcelona_2011,Lionel Messi,RW,10,Argentina,1,Pep Guardiola's Barcelona 2010-11,4-3-3,2010-11,Champions League,Manchester United,messi_lionel,0.8,0.3,0
92,92,ucl_finals_lineups_2011_2025.csv,ucl_finals_lineups_2011_2025,Unknown,Champions League,fc_barcelona_2011 vs man_utd_2011,fc_barcelona_2011,Javier Mascherano,LCB,14,Argentina,1,Pep Guardiola's Barcelona 2010-11,4-3-3,2010-11,Champions League,Manchester United,mascherano_javier,0.35,0.78,0
92,92,ucl_finals_lineups_2011_2025.csv,ucl_finals_lineups_2011_2025,Unknown,Champions League,fc_barcelona_2011 vs man_utd_2011,fc_barcelona_2011,Sergio Busquets,CDM,16,Spain,1,Pep Guardiola's Barcelona 2010-11,4-3-3,2010-11,Champions League,Manchester United,busquets_sergio,0.5,0.65,0
92,92,ucl_finals_lineups_2011_2025.csv,ucl_finals_lineups_2011_2025,Unknown,Champions League,fc_barcelona_2011 vs man_utd_2011,fc_barcelona_2011,Pedro Rodríguez,LW,17,Portugal,1,Pep Guardiola's Barcelona 2010-11,4-3-3,2010-11,Champions League,Manchester United,pedro_rodriguez,0.2,0.3,0
92,92,ucl_finals_lineups_2011_2025.csv,ucl_finals_lineups_2011_2025,Unknown,Champions League,fc_barcelona_2011 vs man_utd_2011,fc_barcelona_2011,Eric Abidal,LB,22,Portugal,1,Pep Guardiola's Barcelona 2010-11,4-3-3,2010-11,Champions League,Manchester United,abidal_eric,0.2,0.75,0
92,92,ucl_finals_lineups_2011_2025.csv,ucl_finals_lineups_2011_2025,Unknown,Champions League,fc_barcelona_2011 vs man_utd_2011,man_utd_2011,Edwin van der Sar,GK,1,Netherlands,2,Sir Alex Ferguson's Manchester United 2010-11,4-4-1-1,2010-11,Champions League,Barcelona,van_der_sar_edwin,0.5,0.9,0
92,92,ucl_finals_lineups_2011_2025.csv,ucl_finals_lineups_2011_2025,Unknown,Champions League,fc_barcelona_2011 vs man_utd_2011,man_utd_2011,Patrice Evra,LB,3,France,2,Sir Alex Ferguson's Manchester United 2010-11,4-4-1-1,2010-11,Champions League,Barcelona,evra_patrice,0.2,0.75,0
92,92,ucl_finals_lineups_2011_2025.csv,ucl_finals_lineups_2011_2025,Unknown,Champions League,fc_barcelona_2011 vs man_utd_2011,man_utd_2011,Rio Ferdinand,RCB,5,England,2,Sir Alex Ferguson's Manchester United 2010-11,4-4-1-1,2010-11,Champions League,Barcelona,ferdinand_rio,0.65,0.78,0
92,92,ucl_finals_lineups_2011_2025.csv,ucl_finals_lineups_2011_2025,Unknown,Champions League,fc_barcelona_2011 vs man_utd_2011,man_utd_2011,Wayne Rooney,CAM,10,England,2,Sir Alex Ferguson's Manchester United 2010-11,4-4-1-1,2010-11,Champions League,Barcelona,rooney_wayne,0.5,0.35,0
92,92,ucl_finals_lineups_2011_2025.csv,ucl_finals_lineups_2011_2025,Unknown,Champions League,fc_barcelona_2011 vs man_utd_2011,man_utd_2011,Ryan Giggs,LCM,11,Wales,2,Sir Alex Ferguson's Manchester United 2010-11,4-4-1-1,2010-11,Champions League,Barcelona,giggs_ryan,0.45,0.55,0
92,92,ucl_finals_lineups_2011_2025.csv,ucl_finals_lineups_2011_2025,Unknown,Champions League,fc_barcelona_2011 vs man_utd_2011,man_utd_2011,Ji-Sung Park,LM,13,Unknown,2,Sir Alex Ferguson's Manchester United 2010-11,4-4-1-1,2010-11,Champions League,Barcelona,park_ji_sung,0.2,0.5,0
92,92,ucl_finals_lineups_2011_2025.csv,ucl_finals_lineups_2011_2025,Unknown,Champions League,fc_barcelona_2011 vs man_utd_2011,man_utd_2011,Javier Hernández,ST,14,Argentina,2,Sir Alex Ferguson's Manchester United 2010-11,4-4-1-1,2010-11,Champions League,Barcelona,hernandez_javier,0.5,0.22,0
92,92,ucl_finals_lineups_2011_2025.csv,ucl_finals_lineups_2011_2025,Unknown,Champions League,fc_barcelona_2011 vs man_utd_2011,man_utd_2011,Nemanja Vidić,LCB,15,Croatia,2,Sir Alex Ferguson's Manchester United 2010-11,4-4-1-1,2010-11,Champions League,Barcelona,vidic_nemanja,0.35,0.78,0
92,92,ucl_finals_lineups_2011_2025.csv,ucl_finals_lineups_2011_2025,Unknown,Champions League,fc_barcelona_2011 vs man_utd_2011,man_utd_2011,Michael Carrick,RCM,16,England,2,Sir Alex Ferguson's Manchester United 2010-11,4-4-1-1,2010-11,Champions League,Barcelona,carrick_michael,0.55,0.55,0
92,92,ucl_finals_lineups_2011_2025.csv,ucl_finals_lineups_2011_2025,Unknown,Champions League,fc_barcelona_2011 vs man_utd_2011,man_utd_2011,Fabio da Silva,RB,20,Brazil,2,Sir Alex Ferguson's Manchester United 2010-11,4-4-1-1,2010-11,Champions League,Barcelona,da_silva_fabio,0.8,0.75,0
92,92,ucl_finals_lineups_2011_2025.csv,ucl_finals_lineups_2011_2025,Unknown,Champions League,fc_barcelona_2011 vs man_utd_2011,man_utd_2011,Antonio Valencia,RM,25,Ecuador,2,Sir Alex Ferguson's Manchester United 2010-11,4-4-1-1,2010-11,Champions League,Barcelona,valencia_antonio,0.8,0.5,0
93,93,ucl_finals_lineups_2011_2025.csv,ucl_finals_lineups_2011_2025,Unknown,Champions League,bayern_munich_2012 vs chelsea_2012,bayern_munich_2012,Manuel Neuer,GK,1,Germany,3,Jupp Heynckes' Bayern 2011-12,4-2-3-1,2011-12,Champions League,Chelsea,neuer_manuel,0.5,0.9,1
93,93,ucl_finals_lineups_2011_2025.csv,ucl_finals_lineups_2011_2025,Unknown,Champions League,bayern_munich_2012 vs chelsea_2012,bayern_munich_2012,Franck Ribéry,LW,7,France,3,Jupp Heynckes' Bayern 2011-12,4-2-3-1,2011-12,Champions League,Chelsea,ribery_franck,0.2,0.3,1
93,93,ucl_finals_lineups_2011_2025.csv,ucl_finals_lineups_2011_2025,Unknown,Champions League,bayern_munich_2012 vs chelsea_2012,bayern_munich_2012,Arjen Robben,RW,10,Netherlands,3,Jupp Heynckes' Bayern 2011-12,4-2-3-1,2011-12,Champions League,Chelsea,robben_arjen,0.8,0.3,1
93,93,ucl_finals_lineups_2011_2025.csv,ucl_finals_lineups_2011_2025,Unknown,Champions League,bayern_munich_2012 vs chelsea_2012,bayern_munich_2012,Jérôme Boateng,RCB,17,Germany,3,Jupp Heynckes' Bayern 2011-12,4-2-3-1,2011-12,Champions League,Chelsea,boateng_jerome,0.65,0.78,1
93,93,ucl_finals_lineups_2011_2025.csv,ucl_finals_lineups_2011_2025,Unknown,Champions League,bayern_munich_2012 vs chelsea_2012,bayern_munich_2012,Philipp Lahm,RB,21,Germany,3,Jupp Heynckes' Bayern 2011-12,4-2-3-1,2011-12,Champions League,Chelsea,lahm_philipp,0.8,0.75,1
93,93,ucl_finals_lineups_2011_2025.csv,ucl_finals_lineups_2011_2025,Unknown,Champions League,bayern_munich_2012 vs chelsea_2012,bayern_munich_2012,Thomas Müller,CAM,25,Germany,3,Jupp Heynckes' Bayern 2011-12,4-2-3-1,2011-12,Champions League,Chelsea,muller_thomas,0.5,0.45,1
93,93,ucl_finals_lineups_2011_2025.csv,ucl_finals_lineups_2011_2025,Unknown,Champions League,bayern_munich_2012 vs chelsea_2012,bayern_munich_2012,Diego Contento,LB,26,Italy,3,Jupp Heynckes' Bayern 2011-12,4-2-3-1,2011-12,Champions League,Chelsea,contento_diego,0.2,0.75,1
93,93,ucl_finals_lineups_2011_2025.csv,ucl_finals_lineups_2011_2025,Unknown,Champions League,bayern_munich_2012 vs chelsea_2012,bayern_munich_2012,Bastian Schweinsteiger,CDM,31,Germany,3,Jupp Heynckes' Bayern 2011-12,4-2-3-1,2011-12,Champions League,Chelsea,schweinsteiger_bastian,0.4,0.65,1
93,93,ucl_finals_lineups_2011_2025.csv,ucl_finals_lineups_2011_2025,Unknown,Champions League,bayern_munich_2012 vs chelsea_2012,bayern_munich_2012,Mario Gómez,ST,33,Spain,3,Jupp Heynckes' Bayern 2011-12,4-2-3-1,2011-12,Champions League,Chelsea,gomez_mario,0.5,0.2,1
93,93,ucl_finals_lineups_2011_2025.csv,ucl_finals_lineups_2011_2025,Unknown,Champions League,bayern_munich_2012 vs chelsea_2012,bayern_munich_2012,Toni Kroos,CDM,39,German Former Professional,3,Jupp Heynckes' Bayern 2011-12,4-2-3-1,2011-12,Champions League,Chelsea,kroos_toni,0.6,0.65,1
93,93,ucl_finals_lineups_2011_2025.csv,ucl_finals_lineups_2011_2025,Unknown,Champions League,bayern_munich_2012 vs chelsea_2012,bayern_munich_2012,Anatoliy Tymoshchuk,LCB,44,Ukraine,3,Jupp Heynckes' Bayern 2011-12,4-2-3-1,2011-12,Champions League,Chelsea,tymoshchuk_anatoliy,0.35,0.78,1
93,93,ucl_finals_lineups_2011_2025.csv,ucl_finals_lineups_2011_2025,Unknown,Champions League,bayern_munich_2012 vs chelsea_2012,chelsea_2012,Petr Čech,GK,1,Czech Former Professional,4,Roberto Di Matteo's Chelsea 2011-12,4-2-3-1,2011-12,Champions League,Bayern München,cech_petr,0.5,0.9,1
93,93,ucl_finals_lineups_2011_2025.csv,ucl_finals_lineups_2011_2025,Unknown,Champions League,bayern_munich_2012 vs chelsea_2012,chelsea_2012,Ashley Cole,LB,3,England,4,Roberto Di Matteo's Chelsea 2011-12,4-2-3-1,2011-12,Champions League,Bayern München,cole_ashley,0.2,0.75,1
93,93,ucl_finals_lineups_2011_2025.csv,ucl_finals_lineups_2011_2025,Unknown,Champions League,bayern_munich_2012 vs chelsea_2012,chelsea_2012,David Luiz,LCB,4,Portugal,4,Roberto Di Matteo's Chelsea 2011-12,4-2-3-1,2011-12,Champions League,Bayern München,luiz_david,0.35,0.78,1
93,93,ucl_finals_lineups_2011_2025.csv,ucl_finals_lineups_2011_2025,Unknown,Champions League,bayern_munich_2012 vs chelsea_2012,chelsea_2012,Frank Lampard,CDM,8,England,4,Roberto Di Matteo's Chelsea 2011-12,4-2-3-1,2011-12,Champions League,Bayern München,lampard_frank,0.6,0.65,1
93,93,ucl_finals_lineups_2011_2025.csv,ucl_finals_lineups_2011_2025,Unknown,Champions League,bayern_munich_2012 vs chelsea_2012,chelsea_2012,Juan Mata,CAM,10,Spain,4,Roberto Di Matteo's Chelsea 2011-12,4-2-3-1,2011-12,Champions League,Bayern München,mata_juan,0.5,0.45,1
93,93,ucl_finals_lineups_2011_2025.csv,ucl_finals_lineups_2011_2025,Unknown,Champions League,bayern_munich_2012 vs chelsea_2012,chelsea_2012,Didier Drogba,ST,11,Ivory Coast,4,Roberto Di Matteo's Chelsea 2011-12,4-2-3-1,2011-12,Champions League,Bayern München,drogba_didier,0.5,0.2,1
93,93,ucl_finals_lineups_2011_2025.csv,ucl_finals_lineups_2011_2025,Unknown,Champions League,bayern_munich_2012 vs chelsea_2012,chelsea_2012,John Obi Mikel,CDM,12,Nigeria,4,Roberto Di Matteo's Chelsea 2011-12,4-2-3-1,2011-12,Champions League,Bayern München,mikel_john_obi,0.4,0.65,1
93,93,ucl_finals_lineups_2011_2025.csv,ucl_finals_lineups_2011_2025,Unknown,Champions League,bayern_munich_2012 vs chelsea_2012,chelsea_2012,José Bosingwa,RB,17,Spain,4,Roberto Di Matteo's Chelsea 2011-12,4-2-3-1,2011-12,Champions League,Bayern München,bosingwa_jose,0.8,0.75,1
93,93,ucl_finals_lineups_2011_2025.csv,ucl_finals_lineups_2011_2025,Unknown,Champions League,bayern_munich_2012 vs chelsea_2012,chelsea_2012,Salomon Kalou,RW,21,Oum,4,Roberto Di Matteo's Chelsea 2011-12,4-2-3-1,2011-12,Champions League,Bayern München,kalou_salomon,0.8,0.3,1
93,93,ucl_finals_lineups_2011_2025.csv,ucl_finals_lineups_2011_2025,Unknown,Champions League,bayern_munich_2012 vs chelsea_2012,chelsea_2012,Gary Cahill,RCB,24,England,4,Roberto Di Matteo's Chelsea 2011-12,4-2-3-1,2011-12,Champions League,Bayern München,cahill_gary,0.65,0.78,1
93,93,ucl_finals_lineups_2011_2025.csv,ucl_finals_lineups_2011_2025,Unknown,Champions League,bayern_munich_2012 vs chelsea_2012,chelsea_2012,Ryan Bertrand,LW,34,Gillingham,4,Roberto Di Matteo's Chelsea 2011-12,4-2-3-1,2011-12,Champions League,Bayern München,bertrand_ryan,0.2,0.3,1
94,94,ucl_finals_lineups_2011_2025.csv,ucl_finals_lineups_2011_2025,Unknown,Champions League,borussia_dortmund_2013 vs bayern_munich_2013,bayern_munich_2013,Manuel Neuer,GK,1,Germany,6,Jupp Heynckes' Bayern 2012-13,4-2-3-1,2012-13,Champions League,Borussia Dortmund,neuer_manuel,0.5,0.9,2
94,94,ucl_finals_lineups_2011_2025.csv,ucl_finals_lineups_2011_2025,Unknown,Champions League,borussia_dortmund_2013 vs bayern_munich_2013,bayern_munich_2013,Dante,LCB,4,Portugal,6,Jupp Heynckes' Bayern 2012-13,4-2-3-1,2012-13,Champions League,Borussia Dortmund,dante,0.35,0.78,2
94,94,ucl_finals_lineups_2011_2025.csv,ucl_finals_lineups_2011_2025,Unknown,Champions League,borussia_dortmund_2013 vs bayern_munich_2013,bayern_munich_2013,Franck Ribéry,LW,7,France,6,Jupp Heynckes' Bayern 2012-13,4-2-3-1,2012-13,Champions League,Borussia Dortmund,ribery_franck,0.2,0.3,2
94,94,ucl_finals_lineups_2011_2025.csv,ucl_finals_lineups_2011_2025,Unknown,Champions League,borussia_dortmund_2013 vs bayern_munich_2013,bayern_munich_2013,Javi Martínez,CDM,8,Spain,6,Jupp Heynckes' Bayern 2012-13,4-2-3-1,2012-13,Champions League,Borussia Dortmund,martinez_javi,0.4,0.65,2
94,94,ucl_finals_lineups_2011_2025.csv,ucl_finals_lineups_2011_2025,Unknown,Champions League,borussia_dortmund_2013 vs bayern_munich_2013,bayern_munich_2013,Mario Mandžukić,ST,9,Croatia,6,Jupp Heynckes' Bayern 2012-13,4-2-3-1,2012-13,Champions League,Borussia Dortmund,mandzukic_mario,0.5,0.2,2
94,94,ucl_finals_lineups_2011_2025.csv,ucl_finals_lineups_2011_2025,Unknown,Champions League,borussia_dortmund_2013 vs bayern_munich_2013,bayern_munich_2013,Arjen Robben,RW,10,Netherlands,6,Jupp Heynckes' Bayern 2012-13,4-2-3-1,2012-13,Champions League,Borussia Dortmund,robben_arjen,0.8,0.3,2
94,94,ucl_finals_lineups_2011_2025.csv,ucl_finals_lineups_2011_2025,Unknown,Champions League,borussia_dortmund_2013 vs bayern_munich_2013,bayern_munich_2013,Jérôme Boateng,RCB,17,Germany,6,Jupp Heynckes' Bayern 2012-13,4-2-3-1,2012-13,Champions League,Borussia Dortmund,boateng_jerome,0.65,0.78,2
94,94,ucl_finals_lineups_2011_2025.csv,ucl_finals_lineups_2011_2025,Unknown,Champions League,borussia_dortmund_2013 vs bayern_munich_2013,bayern_munich_2013,Philipp Lahm,RB,21,Germany,6,Jupp Heynckes' Bayern 2012-13,4-2-3-1,2012-13,Champions League,Borussia Dortmund,lahm_philipp,0.8,0.75,2
94,94,ucl_finals_lineups_2011_2025.csv,ucl_finals_lineups_2011_2025,Unknown,Champions League,borussia_dortmund_2013 vs bayern_munich_2013,bayern_munich_2013,Thomas Müller,CAM,25,Germany,6,Jupp Heynckes' Bayern 2012-13,4-2-3-1,2012-13,Champions League,Borussia Dortmund,muller_thomas,0.5,0.45,2
94,94,ucl_finals_lineups_2011_2025.csv,ucl_finals_lineups_2011_2025,Unknown,Champions League,borussia_dortmund_2013 vs bayern_munich_2013,bayern_munich_2013,David Alaba,LB,27,Austria,6,Jupp Heynckes' Bayern 2012-13,4-2-3-1,2012-13,Champions League,Borussia Dortmund,alaba_david,0.2,0.75,2
94,94,ucl_finals_lineups_2011_2025.csv,ucl_finals_lineups_2011_2025,Unknown,Champions League,borussia_dortmund_2013 vs bayern_munich_2013,bayern_munich_2013,Bastian Schweinsteiger,CDM,31,Germany,6,Jupp Heynckes' Bayern 2012-13,4-2-3-1,2012-13,Champions League,Borussia Dortmund,schweinsteiger_bastian,0.6,0.65,2
94,94,ucl_finals_lineups_2011_2025.csv,ucl_finals_lineups_2011_2025,Unknown,Champions League,borussia_dortmund_2013 vs bayern_munich_2013,borussia_dortmund_2013,Roman Weidenfeller,GK,1,Germany,5,Jürgen Klopp's Dortmund 2012-13,4-2-3-1,2012-13,Champions League,Bayern München,weidenfeller_roman,0.5,0.9,2
94,94,ucl_finals_lineups_2011_2025.csv,ucl_finals_lineups_2011_2025,Unknown,Champions League,borussia_dortmund_2013 vs bayern_munich_2013,borussia_dortmund_2013,Neven Subotić,RCB,4,Croatia,5,Jürgen Klopp's Dortmund 2012-13,4-2-3-1,2012-13,Champions League,Bayern München,subotic_neven,0.65,0.78,2
94,94,ucl_finals_lineups_2011_2025.csv,ucl_finals_lineups_2011_2025,Unknown,Champions League,borussia_dortmund_2013 vs bayern_munich_2013,borussia_dortmund_2013,Sven Bender,CDM,6,Netherlands,5,Jürgen Klopp's Dortmund 2012-13,4-2-3-1,2012-13,Champions League,Bayern München,bender_sven,0.4,0.65,2
94,94,ucl_finals_lineups_2011_2025.csv,ucl_finals_lineups_2011_2025,Unknown,Champions League,borussia_dortmund_2013 vs bayern_munich_2013,borussia_dortmund_2013,İlkay Gündoğan,CDM,8,Portugal,5,Jürgen Klopp's Dortmund 2012-13,4-2-3-1,2012-13,Champions League,Bayern München,gundogan_ilkay,0.6,0.65,2
94,94,ucl_finals_lineups_2011_2025.csv,ucl_finals_lineups_2011_2025,Unknown,Champions League,borussia_dortmund_2013 vs bayern_munich_2013,borussia_dortmund_2013,Robert Lewandowski,ST,9,Poland,5,Jürgen Klopp's Dortmund 2012-13,4-2-3-1,2012-13,Champions League,Bayern München,lewandowski_robert,0.5,0.2,2
94,94,ucl_finals_lineups_2011_2025.csv,ucl_finals_lineups_2011_2025,Unknown,Champions League,borussia_dortmund_2013 vs bayern_munich_2013,borussia_dortmund_2013,Marco Reus,CAM,11,Germany,5,Jürgen Klopp's Dortmund 2012-13,4-2-3-1,2012-13,Champions League,Bayern München,reus_marco,0.5,0.45,2
94,94,ucl_finals_lineups_2011_2025.csv,ucl_finals_lineups_2011_2025,Unknown,Champions League,borussia_dortmund_2013 vs bayern_munich_2013,borussia_dortmund_2013,Mats Hummels,LCB,15,German Former,5,Jürgen Klopp's Dortmund 2012-13,4-2-3-1,2012-13,Champions League,Bayern München,hummels_mats,0.35,0.78,2
94,94,ucl_finals_lineups_2011_2025.csv,ucl_finals_lineups_2011_2025,Unknown,Champions League,borussia_dortmund_2013 vs bayern_munich_2013,borussia_dortmund_2013,Jakub Błaszczykowski,RW,16,The Nie Wstydz,5,Jürgen Klopp's Dortmund 2012-13,4-2-3-1,2012-13,Champions League,Bayern München,blaszczykowski_jakub,0.8,0.3,2
94,94,ucl_finals_lineups_2011_2025.csv,ucl_finals_lineups_2011_2025,Unknown,Champions League,borussia_dortmund_2013 vs bayern_munich_2013,borussia_dortmund_2013,Kevin Großkreutz,LW,19,Unknown,5,Jürgen Klopp's Dortmund 2012-13,4-2-3-1,2012-13,Champions League,Bayern München,grosskreutz_kevin,0.2,0.3,2
94,94,ucl_finals_lineups_2011_2025.csv,ucl_finals_lineups_2011_2025,Unknown,Champions League,borussia_dortmund_2013 vs bayern_munich_2013,borussia_dortmund_2013,Łukasz Piszczek,RB,26,Polish Professional,5,Jürgen Klopp's Dortmund 2012-13,4-2-3-1,2012-13,Champions League,Bayern München,piszczek_lukasz,0.8,0.75,2
94,94,ucl_finals_lineups_2011_2025.csv,ucl_finals_lineups_2011_2025,Unknown,Champions League,borussia_dortmund_2013 vs bayern_munich_2013,borussia_dortmund_2013,Marcel Schmelzer,LB,29,German Former Professional,5,Jürgen Klopp's Dortmund 2012-13,4-2-3-1,2012-13,Champions League,Bayern München,schmelzer_marcel,0.2,0.75,2
95,95,ucl_finals_lineups_2011_2025.csv,ucl_finals_lineups_2011_2025,Unknown,Champions League,real_madrid_2014 vs atletico_madrid_2014,atletico_madrid_2014,Diego Godín,LCB,2,Uruguay,8,Diego Simeone's Atlético 2013-14,4-4-2,2013-14,Champions League,Real Madrid,godin_diego,0.35,0.78,3
95,95,ucl_finals_lineups_2011_2025.csv,ucl_finals_lineups_2011_2025,Unknown,Champions League,real_madrid_2014 vs atletico_madrid_2014,atletico_madrid_2014,Filipe Luís,LB,3,Brazil,8,Diego Simeone's Atlético 2013-14,4-4-2,2013-14,Champions League,Real Madrid,filipe_luis,0.2,0.75,3
95,95,ucl_finals_lineups_2011_2025.csv,ucl_finals_lineups_2011_2025,Unknown,Champions League,real_madrid_2014 vs atletico_madrid_2014,atletico_madrid_2014,Tiago Mendes,LCM,5,France,8,Diego Simeone's Atlético 2013-14,4-4-2,2013-14,Champions League,Real Madrid,tiago_mendes,0.45,0.55,3
95,95,ucl_finals_lineups_2011_2025.csv,ucl_finals_lineups_2011_2025,Unknown,Champions League,real_madrid_2014 vs atletico_madrid_2014,atletico_madrid_2014,Koke,LM,6,Spain,8,Diego Simeone's Atlético 2013-14,4-4-2,2013-14,Champions League,Real Madrid,koke,0.2,0.5,3
95,95,ucl_finals_lineups_2011_2025.csv,ucl_finals_lineups_2011_2025,Unknown,Champions League,real_madrid_2014 vs atletico_madrid_2014,atletico_madrid_2014,Raúl García,RM,8,Spain,8,Diego Simeone's Atlético 2013-14,4-4-2,2013-14,Champions League,Real Madrid,garcia_raul,0.8,0.5,3
95,95,ucl_finals_lineups_2011_2025.csv,ucl_finals_lineups_2011_2025,Unknown,Champions League,real_madrid_2014 vs atletico_madrid_2014,atletico_madrid_2014,David Villa,ST,9,Spain,8,Diego Simeone's Atlético 2013-14,4-4-2,2013-14,Champions League,Real Madrid,villa_david,0.58,0.25,3
95,95,ucl_finals_lineups_2011_2025.csv,ucl_finals_lineups_2011_2025,Unknown,Champions League,real_madrid_2014 vs atletico_madrid_2014,atletico_madrid_2014,Thibaut Courtois,GK,13,Belgium,8,Diego Simeone's Atlético 2013-14,4-4-2,2013-14,Champions League,Real Madrid,courtois_thibaut,0.5,0.9,3
95,95,ucl_finals_lineups_2011_2025.csv,ucl_finals_lineups_2011_2025,Unknown,Champions League,real_madrid_2014 vs atletico_madrid_2014,atletico_madrid_2014,Gabi,RCM,14,Spain,8,Diego Simeone's Atlético 2013-14,4-4-2,2013-14,Champions League,Real Madrid,gabi,0.55,0.55,3
95,95,ucl_finals_lineups_2011_2025.csv,ucl_finals_lineups_2011_2025,Unknown,Champions League,real_madrid_2014 vs atletico_madrid_2014,atletico_madrid_2014,Diego Costa,ST,19,Spain,8,Diego Simeone's Atlético 2013-14,4-4-2,2013-14,Champions League,Real Madrid,costa_diego,0.42,0.25,3
95,95,ucl_finals_lineups_2011_2025.csv,ucl_finals_lineups_2011_2025,Unknown,Champions League,real_madrid_2014 vs atletico_madrid_2014,atletico_madrid_2014,Juanfran,RB,20,Spain,8,Diego Simeone's Atlético 2013-14,4-4-2,2013-14,Champions League,Real Madrid,juanfran,0.8,0.75,3
95,95,ucl_finals_lineups_2011_2025.csv,ucl_finals_lineups_2011_2025,Unknown,Champions League,real_madrid_2014 vs atletico_madrid_2014,atletico_madrid_2014,Miranda,RCB,23,Brazil,8,Diego Simeone's Atlético 2013-14,4-4-2,2013-14,Champions League,Real Madrid,miranda_joao,0.65,0.78,3
95,95,ucl_finals_lineups_2011_2025.csv,ucl_finals_lineups_2011_2025,Unknown,Champions League,real_madrid_2014 vs atletico_madrid_2014,real_madrid_2014,Iker Casillas,GK,1,Spain,7,Carlo Ancelotti's Real Madrid 2013-14,4-3-3,2013-14,Champions League,Atlético Madrid,casillas_iker,0.5,0.9,3
95,95,ucl_finals_lineups_2011_2025.csv,ucl_finals_lineups_2011_2025,Unknown,Champions League,real_madrid_2014 vs atletico_madrid_2014,real_madrid_2014,Raphaël Varane,RCB,2,French Former Professional,7,Carlo Ancelotti's Real Madrid 2013-14,4-3-3,2013-14,Champions League,Atlético Madrid,varane_raphael,0.65,0.78,3
95,95,ucl_finals_lineups_2011_2025.csv,ucl_finals_lineups_2011_2025,Unknown,Champions League,real_madrid_2014 vs atletico_madrid_2014,real_madrid_2014,Sergio Ramos,LCB,4,Spain,7,Carlo Ancelotti's Real Madrid 2013-14,4-3-3,2013-14,Champions League,Atlético Madrid,ramos_sergio,0.35,0.78,3
95,95,ucl_finals_lineups_2011_2025.csv,ucl_finals_lineups_2011_2025,Unknown,Champions League,real_madrid_2014 vs atletico_madrid_2014,real_madrid_2014,Fábio Coentrão,LB,5,Portugal,7,Carlo Ancelotti's Real Madrid 2013-14,4-3-3,2013-14,Champions League,Atlético Madrid,coentrao_fabio,0.2,0.75,3
95,95,ucl_finals_lineups_2011_2025.csv,ucl_finals_lineups_2011_2025,Unknown,Champions League,real_madrid_2014 vs atletico_madrid_2014,real_madrid_2014,Sami Khedira,CDM,6,Germany,7,Carlo Ancelotti's Real Madrid 2013-14,4-3-3,2013-14,Champions League,Atlético Madrid,khedira_sami,0.5,0.65,3
95,95,ucl_finals_lineups_2011_2025.csv,ucl_finals_lineups_2011_2025,Unknown,Champions League,real_madrid_2014 vs atletico_madrid_2014,real_madrid_2014,Cristiano Ronaldo,LW,7,Portugal,7,Carlo Ancelotti's Real Madrid 2013-14,4-3-3,2013-14,Champions League,Atlético Madrid,ronaldo_cristiano,0.2,0.3,3
95,95,ucl_finals_lineups_2011_2025.csv,ucl_finals_lineups_2011_2025,Unknown,Champions League,real_madrid_2014 vs atletico_madrid_2014,real_madrid_2014,Karim Benzema,ST,9,French Professional,7,Carlo Ancelotti's Real Madrid 2013-14,4-3-3,2013-14,Champions League,Atlético Madrid,benzema_karim,0.5,0.2,3
95,95,ucl_finals_lineups_2011_2025.csv,ucl_finals_lineups_2011_2025,Unknown,Champions League,real_madrid_2014 vs atletico_madrid_2014,real_madrid_2014,Gareth Bale,RW,11,Wales,7,Carlo Ancelotti's Real Madrid 2013-14,4-3-3,2013-14,Champions League,Atlético Madrid,bale_gareth,0.8,0.3,3
95,95,ucl_finals_lineups_2011_2025.csv,ucl_finals_lineups_2011_2025,Unknown,Champions League,real_madrid_2014 vs atletico_madrid_2014,real_madrid_2014,Dani Carvajal,RB,15,Portugal,7,Carlo Ancelotti's Real Madrid 2013-14,4-3-3,2013-14,Champions League,Atlético Madrid,carvajal_dani,0.8,0.75,3
95,95,ucl_finals_lineups_2011_2025.csv,ucl_finals_lineups_2011_2025,Unknown,Champions League,real_madrid_2014 vs atletico_madrid_2014,real_madrid_2014,Luka Modrić,RCM,19,Croatia,7,Carlo Ancelotti's Real Madrid 2013-14,4-3-3,2013-14,Champions League,Atlético Madrid,modric_luka,0.65,0.6,3
95,95,ucl_finals_lineups_2011_2025.csv,ucl_finals_lineups_2011_2025,Unknown,Champions League,real_madrid_2014 vs atletico_madrid_2014,real_madrid_2014,Ángel Di María,LCM,22,Argentina,7,Carlo Ancelotti's Real Madrid 2013-14,4-3-3,2013-14,Champions League,Atlético Madrid,di_maria_angel,0.35,0.6,3
96,96,ucl_finals_lineups_2011_2025.csv,ucl_finals_lineups_2011_2025,Unknown,Champions League,fc_barcelona_2015 vs juventus_2015,fc_barcelona_2015,Marc-André ter Stegen,GK,1,Germany,9,Luis Enrique's Barcelona 2014-15,4-3-3,2014-15,Champions League,Juventus,terstegen_marc_andre,0.5,0.9,4
96,96,ucl_finals_lineups_2011_2025.csv,ucl_finals_lineups_2011_2025,Unknown,Champions League,fc_barcelona_2015 vs juventus_2015,fc_barcelona_2015,Gerard Piqué,RCB,3,Spain,9,Luis Enrique's Barcelona 2014-15,4-3-3,2014-15,Champions League,Juventus,pique_gerard,0.65,0.78,4
96,96,ucl_finals_lineups_2011_2025.csv,ucl_finals_lineups_2011_2025,Unknown,Champions League,fc_barcelona_2015 vs juventus_2015,fc_barcelona_2015,Ivan Rakitić,RCM,4,Croatia,9,Luis Enrique's Barcelona 2014-15,4-3-3,2014-15,Champions League,Juventus,rakitic_ivan,0.65,0.6,4
96,96,ucl_finals_lineups_2011_2025.csv,ucl_finals_lineups_2011_2025,Unknown,Champions League,fc_barcelona_2015 vs juventus_2015,fc_barcelona_2015,Sergio Busquets,CDM,5,Spain,9,Luis Enrique's Barcelona 2014-15,4-3-3,2014-15,Champions League,Juventus,busquets_sergio,0.5,0.65,4
96,96,ucl_finals_lineups_2011_2025.csv,ucl_finals_lineups_2011_2025,Unknown,Champions League,fc_barcelona_2015 vs juventus_2015,fc_barcelona_2015,Andrés Iniesta,LCM,8,Spain,9,Luis Enrique's Barcelona 2014-15,4-3-3,2014-15,Champions League,Juventus,iniesta_andres,0.35,0.6,4
96,96,ucl_finals_lineups_2011_2025.csv,ucl_finals_lineups_2011_2025,Unknown,Champions League,fc_barcelona_2015 vs juventus_2015,fc_barcelona_2015,Luis Suárez,ST,9,Uruguay,9,Luis Enrique's Barcelona 2014-15,4-3-3,2014-15,Champions League,Juventus,suarez_luis,0.5,0.2,4
96,96,ucl_finals_lineups_2011_2025.csv,ucl_finals_lineups_2011_2025,Unknown,Champions League,fc_barcelona_2015 vs juventus_2015,fc_barcelona_2015,Lionel Messi,RW,10,Argentina,9,Luis Enrique's Barcelona 2014-15,4-3-3,2014-15,Champions League,Juventus,messi_lionel,0.8,0.3,4
96,96,ucl_finals_lineups_2011_2025.csv,ucl_finals_lineups_2011_2025,Unknown,Champions League,fc_barcelona_2015 vs juventus_2015,fc_barcelona_2015,Neymar,LW,11,Brazil,9,Luis Enrique's Barcelona 2014-15,4-3-3,2014-15,Champions League,Juventus,neymar,0.2,0.3,4
96,96,ucl_finals_lineups_2011_2025.csv,ucl_finals_lineups_2011_2025,Unknown,Champions League,fc_barcelona_2015 vs juventus_2015,fc_barcelona_2015,Javier Mascherano,LCB,14,Argentina,9,Luis Enrique's Barcelona 2014-15,4-3-3,2014-15,Champions League,Juventus,mascherano_javier,0.35,0.78,4
96,96,ucl_finals_lineups_2011_2025.csv,ucl_finals_lineups_2011_2025,Unknown,Champions League,fc_barcelona_2015 vs juventus_2015,fc_barcelona_2015,Jordi Alba,LB,18,Spain,9,Luis Enrique's Barcelona 2014-15,4-3-3,2014-15,Champions League,Juventus,alba_jordi,0.2,0.75,4
96,96,ucl_finals_lineups_2011_2025.csv,ucl_finals_lineups_2011_2025,Unknown,Champions League,fc_barcelona_2015 vs juventus_2015,fc_barcelona_2015,Dani Alves,RB,22,Brazil,9,Luis Enrique's Barcelona 2014-15,4-3-3,2014-15,Champions League,Juventus,alves_dani,0.8,0.75,4
96,96,ucl_finals_lineups_2011_2025.csv,ucl_finals_lineups_2011_2025,Unknown,Champions League,fc_barcelona_2015 vs juventus_2015,juventus_2015,Gianluigi Buffon,GK,1,Italy,10,Massimiliano Allegri's Juventus 2014-15,4-3-1-2,2014-15,Champions League,Barcelona,buffon_gianluigi,0.5,0.9,4
96,96,ucl_finals_lineups_2011_2025.csv,ucl_finals_lineups_2011_2025,Unknown,Champions League,fc_barcelona_2015 vs juventus_2015,juventus_2015,Paul Pogba,RCM,6,Guinean Former Professional,10,Massimiliano Allegri's Juventus 2014-15,4-3-1-2,2014-15,Champions League,Barcelona,pogba_paul,0.65,0.6,4
96,96,ucl_finals_lineups_2011_2025.csv,ucl_finals_lineups_2011_2025,Unknown,Champions League,fc_barcelona_2015 vs juventus_2015,juventus_2015,Claudio Marchisio,LCM,8,Italy,10,Massimiliano Allegri's Juventus 2014-15,4-3-1-2,2014-15,Champions League,Barcelona,marchisio_claudio,0.35,0.6,4
96,96,ucl_finals_lineups_2011_2025.csv,ucl_finals_lineups_2011_2025,Unknown,Champions League,fc_barcelona_2015 vs juventus_2015,juventus_2015,Álvaro Morata,ST,9,Spanish Professional,10,Massimiliano Allegri's Juventus 2014-15,4-3-1-2,2014-15,Champions League,Barcelona,morata_alvaro,0.58,0.25,4
96,96,ucl_finals_lineups_2011_2025.csv,ucl_finals_lineups_2011_2025,Unknown,Champions League,fc_barcelona_2015 vs juventus_2015,juventus_2015,Carlos Tévez,ST,10,Brazil,10,Massimiliano Allegri's Juventus 2014-15,4-3-1-2,2014-15,Champions League,Barcelona,tevez_carlos,0.42,0.25,4
96,96,ucl_finals_lineups_2011_2025.csv,ucl_finals_lineups_2011_2025,Unknown,Champions League,fc_barcelona_2015 vs juventus_2015,juventus_2015,Andrea Barzagli,RCB,15,Italy,10,Massimiliano Allegri's Juventus 2014-15,4-3-1-2,2014-15,Champions League,Barcelona,barzagli_andrea,0.65,0.78,4
96,96,ucl_finals_lineups_2011_2025.csv,ucl_finals_lineups_2011_2025,Unknown,Champions League,fc_barcelona_2015 vs juventus_2015,juventus_2015,Leonardo Bonucci,LCB,19,Italy,10,Massimiliano Allegri's Juventus 2014-15,4-3-1-2,2014-15,Champions League,Barcelona,bonucci_leonardo,0.35,0.78,4
96,96,ucl_finals_lineups_2011_2025.csv,ucl_finals_lineups_2011_2025,Unknown,Champions League,fc_barcelona_2015 vs juventus_2015,juventus_2015,Andrea Pirlo,CM,21,Italy,10,Massimiliano Allegri's Juventus 2014-15,4-3-1-2,2014-15,Champions League,Barcelona,pirlo_andrea,0.5,0.65,4
96,96,ucl_finals_lineups_2011_2025.csv,ucl_finals_lineups_2011_2025,Unknown,Champions League,fc_barcelona_2015 vs juventus_2015,juventus_2015,Arturo Vidal,CAM,23,Chile,10,Massimiliano Allegri's Juventus 2014-15,4-3-1-2,2014-15,Champions League,Barcelona,vidal_arturo,0.5,0.45,4
96,96,ucl_finals_lineups_2011_2025.csv,ucl_finals_lineups_2011_2025,Unknown,Champions League,fc_barcelona_2015 vs juventus_2015,juventus_2015,Stephan Lichtsteiner,RB,26,Switzerland,10,Massimiliano Allegri's Juventus 2014-15,4-3-1-2,2014-15,Champions League,Barcelona,lichtsteiner_stephan,0.8,0.75,4
96,96,ucl_finals_lineups_2011_2025.csv,ucl_finals_lineups_2011_2025,Unknown,Champions League,fc_barcelona_2015 vs juventus_2015,juventus_2015,Patrice Evra,LB,33,France,10,Massimiliano Allegri's Juventus 2014-15,4-3-1-2,2014-15,Champions League,Barcelona,evra_patrice,0.2,0.75,4
97,97,ucl_finals_lineups_2011_2025.csv,ucl_finals_lineups_2011_2025,Unknown,Champions League,real_madrid_2016 vs atletico_madrid_2016,atletico_madrid_2016,Diego Godín,LCB,2,Uruguay,12,Diego Simeone's Atlético 2015-16,4-4-2,2015-16,Champions League,Real Madrid,godin_diego,0.35,0.78,5
97,97,ucl_finals_lineups_2011_2025.csv,ucl_finals_lineups_2011_2025,Unknown,Champions League,real_madrid_2016 vs atletico_madrid_2016,atletico_madrid_2016,Filipe Luís,LB,3,Brazil,12,Diego Simeone's Atlético 2015-16,4-4-2,2015-16,Champions League,Real Madrid,filipe_luis,0.2,0.75,5
97,97,ucl_finals_lineups_2011_2025.csv,ucl_finals_lineups_2011_2025,Unknown,Champions League,real_madrid_2016 vs atletico_madrid_2016,atletico_madrid_2016,Koke,RM,6,Spain,12,Diego Simeone's Atlético 2015-16,4-4-2,2015-16,Champions League,Real Madrid,koke,0.8,0.5,5
97,97,ucl_finals_lineups_2011_2025.csv,ucl_finals_lineups_2011_2025,Unknown,Champions League,real_madrid_2016 vs atletico_madrid_2016,atletico_madrid_2016,Antoine Griezmann,ST,7,France,12,Diego Simeone's Atlético 2015-16,4-4-2,2015-16,Champions League,Real Madrid,griezmann_antoine,0.58,0.25,5
97,97,ucl_finals_lineups_2011_2025.csv,ucl_finals_lineups_2011_2025,Unknown,Champions League,real_madrid_2016 vs atletico_madrid_2016,atletico_madrid_2016,Fernando Torres,ST,9,Spain,12,Diego Simeone's Atlético 2015-16,4-4-2,2015-16,Champions League,Real Madrid,torres_fernando,0.42,0.25,5
97,97,ucl_finals_lineups_2011_2025.csv,ucl_finals_lineups_2011_2025,Unknown,Champions League,real_madrid_2016 vs atletico_madrid_2016,atletico_madrid_2016,Augusto Fernández,LCM,12,Argentina,12,Diego Simeone's Atlético 2015-16,4-4-2,2015-16,Champions League,Real Madrid,fernandez_augusto,0.45,0.55,5
97,97,ucl_finals_lineups_2011_2025.csv,ucl_finals_lineups_2011_2025,Unknown,Champions League,real_madrid_2016 vs atletico_madrid_2016,atletico_madrid_2016,Jan Oblak,GK,13,Slovenia,12,Diego Simeone's Atlético 2015-16,4-4-2,2015-16,Champions League,Real Madrid,oblak_jan,0.5,0.9,5
97,97,ucl_finals_lineups_2011_2025.csv,ucl_finals_lineups_2011_2025,Unknown,Champions League,real_madrid_2016 vs atletico_madrid_2016,atletico_madrid_2016,Gabi,RCM,14,Spain,12,Diego Simeone's Atlético 2015-16,4-4-2,2015-16,Champions League,Real Madrid,gabi,0.55,0.55,5
97,97,ucl_finals_lineups_2011_2025.csv,ucl_finals_lineups_2011_2025,Unknown,Champions League,real_madrid_2016 vs atletico_madrid_2016,atletico_madrid_2016,Stefan Savić,RCB,15,Montenegro,12,Diego Simeone's Atlético 2015-16,4-4-2,2015-16,Champions League,Real Madrid,savic_stefan,0.65,0.78,5
97,97,ucl_finals_lineups_2011_2025.csv,ucl_finals_lineups_2011_2025,Unknown,Champions League,real_madrid_2016 vs atletico_madrid_2016,atletico_madrid_2016,Saúl Ñíguez,LM,17,Spain,12,Diego Simeone's Atlético 2015-16,4-4-2,2015-16,Champions League,Real Madrid,niguez_saul,0.2,0.5,5
97,97,ucl_finals_lineups_2011_2025.csv,ucl_finals_lineups_2011_2025,Unknown,Champions League,real_madrid_2016 vs atletico_madrid_2016,atletico_madrid_2016,Juanfran,RB,20,Spain,12,Diego Simeone's Atlético 2015-16,4-4-2,2015-16,Champions League,Real Madrid,juanfran,0.8,0.75,5
97,97,ucl_finals_lineups_2011_2025.csv,ucl_finals_lineups_2011_2025,Unknown,Champions League,real_madrid_2016 vs atletico_madrid_2016,real_madrid_2016,Keylor Navas,GK,1,Costa Rican Professional,11,Zinedine Zidane's Real Madrid 2015-16,4-3-3,2015-16,Champions League,Atlético Madrid,navas_keylor,0.5,0.9,5
97,97,ucl_finals_lineups_2011_2025.csv,ucl_finals_lineups_2011_2025,Unknown,Champions League,real_madrid_2016 vs atletico_madrid_2016,real_madrid_2016,Pepe,RCB,3,Portugal,11,Zinedine Zidane's Real Madrid 2015-16,4-3-3,2015-16,Champions League,Atlético Madrid,pepe,0.65,0.78,5
97,97,ucl_finals_lineups_2011_2025.csv,ucl_finals_lineups_2011_2025,Unknown,Champions League,real_madrid_2016 vs atletico_madrid_2016,real_madrid_2016,Sergio Ramos,LCB,4,Spain,11,Zinedine Zidane's Real Madrid 2015-16,4-3-3,2015-16,Champions League,Atlético Madrid,ramos_sergio,0.35,0.78,5
97,97,ucl_finals_lineups_2011_2025.csv,ucl_finals_lineups_2011_2025,Unknown,Champions League,real_madrid_2016 vs atletico_madrid_2016,real_madrid_2016,Cristiano Ronaldo,LW,7,Portugal,11,Zinedine Zidane's Real Madrid 2015-16,4-3-3,2015-16,Champions League,Atlético Madrid,ronaldo_cristiano,0.2,0.3,5
97,97,ucl_finals_lineups_2011_2025.csv,ucl_finals_lineups_2011_2025,Unknown,Champions League,real_madrid_2016 vs atletico_madrid_2016,real_madrid_2016,Toni Kroos,LCM,8,German Former Professional,11,Zinedine Zidane's Real Madrid 2015-16,4-3-3,2015-16,Champions League,Atlético Madrid,kroos_toni,0.35,0.6,5
97,97,ucl_finals_lineups_2011_2025.csv,ucl_finals_lineups_2011_2025,Unknown,Champions League,real_madrid_2016 vs atletico_madrid_2016,real_madrid_2016,Karim Benzema,ST,9,French Professional,11,Zinedine Zidane's Real Madrid 2015-16,4-3-3,2015-16,Champions League,Atlético Madrid,benzema_karim,0.5,0.2,5
97,97,ucl_finals_lineups_2011_2025.csv,ucl_finals_lineups_2011_2025,Unknown,Champions League,real_madrid_2016 vs atletico_madrid_2016,real_madrid_2016,Gareth Bale,RW,11,Wales,11,Zinedine Zidane's Real Madrid 2015-16,4-3-3,2015-16,Champions League,Atlético Madrid,bale_gareth,0.8,0.3,5
97,97,ucl_finals_lineups_2011_2025.csv,ucl_finals_lineups_2011_2025,Unknown,Champions League,real_madrid_2016 vs atletico_madrid_2016,real_madrid_2016,Marcelo,LB,12,Brazil,11,Zinedine Zidane's Real Madrid 2015-16,4-3-3,2015-16,Champions League,Atlético Madrid,marcelo,0.2,0.75,5
97,97,ucl_finals_lineups_2011_2025.csv,ucl_finals_lineups_2011_2025,Unknown,Champions League,real_madrid_2016 vs atletico_madrid_2016,real_madrid_2016,Casemiro,CDM,14,Brazil,11,Zinedine Zidane's Real Madrid 2015-16,4-3-3,2015-16,Champions League,Atlético Madrid,casemiro,0.5,0.65,5
97,97,ucl_finals_lineups_2011_2025.csv,ucl_finals_lineups_2011_2025,Unknown,Champions League,real_madrid_2016 vs atletico_madrid_2016,real_madrid_2016,Dani Carvajal,RB,15,Portugal,11,Zinedine Zidane's Real Madrid 2015-16,4-3-3,2015-16,Champions League,Atlético Madrid,carvajal_dani,0.8,0.75,5
97,97,ucl_finals_lineups_2011_2025.csv,ucl_finals_lineups_2011_2025,Unknown,Champions League,real_madrid_2016 vs atletico_madrid_2016,real_madrid_2016,Luka Modrić,RCM,19,Croatia,11,Zinedine Zidane's Real Madrid 2015-16,4-3-3,2015-16,Champions League,Atlético Madrid,modric_luka,0.65,0.6,5
98,98,ucl_finals_lineups_2011_2025.csv,ucl_finals_lineups_2011_2025,Unknown,Champions League,juventus_2017 vs real_madrid_2017,juventus_2017,Gianluigi Buffon,GK,1,Italy,13,Max Allegri's Juventus 2016-17,3-4-2-1,2016-17,Champions League,Real Madrid,buffon_gianluigi,0.5,0.9,6
98,98,ucl_finals_lineups_2011_2025.csv,ucl_finals_lineups_2011_2025,Unknown,Champions League,juventus_2017 vs real_madrid_2017,juventus_2017,Giorgio Chiellini,LCB,3,Italy,13,Max Allegri's Juventus 2016-17,3-4-2-1,2016-17,Champions League,Real Madrid,chiellini_giorgio,0.4,0.79,6
98,98,ucl_finals_lineups_2011_2025.csv,ucl_finals_lineups_2011_2025,Unknown,Champions League,juventus_2017 vs real_madrid_2017,juventus_2017,Miralem Pjanić,LCM,5,Croatia,13,Max Allegri's Juventus 2016-17,3-4-2-1,2016-17,Champions League,Real Madrid,pjanic_miralem,0.45,0.6,6
98,98,ucl_finals_lineups_2011_2025.csv,ucl_finals_lineups_2011_2025,Unknown,Champions League,juventus_2017 vs real_madrid_2017,juventus_2017,Sami Khedira,RCM,6,Germany,13,Max Allegri's Juventus 2016-17,3-4-2-1,2016-17,Champions League,Real Madrid,khedira_sami,0.55,0.6,6
98,98,ucl_finals_lineups_2011_2025.csv,ucl_finals_lineups_2011_2025,Unknown,Champions League,juventus_2017 vs real_madrid_2017,juventus_2017,Gonzalo Higuaín,ST,9,Argentina,13,Max Allegri's Juventus 2016-17,3-4-2-1,2016-17,Champions League,Real Madrid,higuain_gonzalo,0.5,0.25,6
98,98,ucl_finals_lineups_2011_2025.csv,ucl_finals_lineups_2011_2025,Unknown,Champions League,juventus_2017 vs real_madrid_2017,juventus_2017,Alex Sandro,LB,12,Brazil,13,Max Allegri's Juventus 2016-17,3-4-2-1,2016-17,Champions League,Real Madrid,alex_sandro,0.2,0.65,6
98,98,ucl_finals_lineups_2011_2025.csv,ucl_finals_lineups_2011_2025,Unknown,Champions League,juventus_2017 vs real_madrid_2017,juventus_2017,Andrea Barzagli,RCB,15,Italy,13,Max Allegri's Juventus 2016-17,3-4-2-1,2016-17,Champions League,Real Madrid,barzagli_andrea,0.6,0.79,6
98,98,ucl_finals_lineups_2011_2025.csv,ucl_finals_lineups_2011_2025,Unknown,Champions League,juventus_2017 vs real_madrid_2017,juventus_2017,Mario Mandžukić,CAM,17,Croatia,13,Max Allegri's Juventus 2016-17,3-4-2-1,2016-17,Champions League,Real Madrid,mandzukic_mario,0.4,0.45,6
98,98,ucl_finals_lineups_2011_2025.csv,ucl_finals_lineups_2011_2025,Unknown,Champions League,juventus_2017 vs real_madrid_2017,juventus_2017,Leonardo Bonucci,CB,19,Italy,13,Max Allegri's Juventus 2016-17,3-4-2-1,2016-17,Champions League,Real Madrid,bonucci_leonardo,0.5,0.82,6
98,98,ucl_finals_lineups_2011_2025.csv,ucl_finals_lineups_2011_2025,Unknown,Champions League,juventus_2017 vs real_madrid_2017,juventus_2017,Paulo Dybala,CAM,21,Argentina,13,Max Allegri's Juventus 2016-17,3-4-2-1,2016-17,Champions League,Real Madrid,dybala_paulo,0.6,0.45,6
98,98,ucl_finals_lineups_2011_2025.csv,ucl_finals_lineups_2011_2025,Unknown,Champions League,juventus_2017 vs real_madrid_2017,juventus_2017,Dani Alves,RB,23,Brazil,13,Max Allegri's Juventus 2016-17,3-4-2-1,2016-17,Champions League,Real Madrid,alves_dani,0.8,0.65,6
98,98,ucl_finals_lineups_2011_2025.csv,ucl_finals_lineups_2011_2025,Unknown,Champions League,juventus_2017 vs real_madrid_2017,real_madrid_2017,Keylor Navas,GK,1,Costa Rican Professional,14,Zinedine Zidane's Real Madrid 2016-17,4-3-1-2,2016-17,Champions League,Juventus,navas_keylor,0.5,0.9,6
98,98,ucl_finals_lineups_2011_2025.csv,ucl_finals_lineups_2011_2025,Unknown,Champions League,juventus_2017 vs real_madrid_2017,real_madrid_2017,Dani Carvajal,RB,2,Portugal,14,Zinedine Zidane's Real Madrid 2016-17,4-3-1-2,2016-17,Champions League,Juventus,carvajal_dani,0.8,0.75,6
98,98,ucl_finals_lineups_2011_2025.csv,ucl_finals_lineups_2011_2025,Unknown,Champions League,juventus_2017 vs real_madrid_2017,real_madrid_2017,Sergio Ramos,LCB,4,Spain,14,Zinedine Zidane's Real Madrid 2016-17,4-3-1-2,2016-17,Champions League,Juventus,ramos_sergio,0.35,0.78,6
98,98,ucl_finals_lineups_2011_2025.csv,ucl_finals_lineups_2011_2025,Unknown,Champions League,juventus_2017 vs real_madrid_2017,real_madrid_2017,Raphaël Varane,RCB,5,French Former Professional,14,Zinedine Zidane's Real Madrid 2016-17,4-3-1-2,2016-17,Champions League,Juventus,varane_raphael,0.65,0.78,6
98,98,ucl_finals_lineups_2011_2025.csv,ucl_finals_lineups_2011_2025,Unknown,Champions League,juventus_2017 vs real_madrid_2017,real_madrid_2017,Cristiano Ronaldo,ST,7,Portugal,14,Zinedine Zidane's Real Madrid 2016-17,4-3-1-2,2016-17,Champions League,Juventus,ronaldo_cristiano,0.42,0.25,6
98,98,ucl_finals_lineups_2011_2025.csv,ucl_finals_lineups_2011_2025,Unknown,Champions League,juventus_2017 vs real_madrid_2017,real_madrid_2017,Toni Kroos,LCM,8,German Former Professional,14,Zinedine Zidane's Real Madrid 2016-17,4-3-1-2,2016-17,Champions League,Juventus,kroos_toni,0.35,0.6,6
98,98,ucl_finals_lineups_2011_2025.csv,ucl_finals_lineups_2011_2025,Unknown,Champions League,juventus_2017 vs real_madrid_2017,real_madrid_2017,Karim Benzema,ST,9,French Professional,14,Zinedine Zidane's Real Madrid 2016-17,4-3-1-2,2016-17,Champions League,Juventus,benzema_karim,0.58,0.25,6
98,98,ucl_finals_lineups_2011_2025.csv,ucl_finals_lineups_2011_2025,Unknown,Champions League,juventus_2017 vs real_madrid_2017,real_madrid_2017,Marcelo,LB,12,Brazil,14,Zinedine Zidane's Real Madrid 2016-17,4-3-1-2,2016-17,Champions League,Juventus,marcelo,0.2,0.75,6
98,98,ucl_finals_lineups_2011_2025.csv,ucl_finals_lineups_2011_2025,Unknown,Champions League,juventus_2017 vs real_madrid_2017,real_madrid_2017,Casemiro,CM,14,Brazil,14,Zinedine Zidane's Real Madrid 2016-17,4-3-1-2,2016-17,Champions League,Juventus,casemiro,0.5,0.65,6
98,98,ucl_finals_lineups_2011_2025.csv,ucl_finals_lineups_2011_2025,Unknown,Champions League,juventus_2017 vs real_madrid_2017,real_madrid_2017,Luka Modrić,RCM,19,Croatia,14,Zinedine Zidane's Real Madrid 2016-17,4-3-1-2,2016-17,Champions League,Juventus,modric_luka,0.65,0.6,6
98,98,ucl_finals_lineups_2011_2025.csv,ucl_finals_lineups_2011_2025,Unknown,Champions League,juventus_2017 vs real_madrid_2017,real_madrid_2017,Isco,CAM,22,Unknown,14,Zinedine Zidane's Real Madrid 2016-17,4-3-1-2,2016-17,Champions League,Juventus,isco,0.5,0.45,6
99,99,ucl_finals_lineups_2011_2025.csv,ucl_finals_lineups_2011_2025,Unknown,Champions League,liverpool_2019 vs tottenham_2019,liverpool_2019,Fabinho,CDM,3,Brazil,16,Jürgen Klopp's Liverpool 2018-19,4-3-3,2018-19,Champions League,Tottenham Hotspur,fabinho,0.5,0.65,7
99,99,ucl_finals_lineups_2011_2025.csv,ucl_finals_lineups_2011_2025,Unknown,Champions League,liverpool_2019 vs tottenham_2019,liverpool_2019,Virgil van Dijk,LCB,4,Netherlands,16,Jürgen Klopp's Liverpool 2018-19,4-3-3,2018-19,Champions League,Tottenham Hotspur,vandijk_virgil,0.35,0.78,7
99,99,ucl_finals_lineups_2011_2025.csv,ucl_finals_lineups_2011_2025,Unknown,Champions League,liverpool_2019 vs tottenham_2019,liverpool_2019,Georginio Wijnaldum,LCM,5,Netherlands,16,Jürgen Klopp's Liverpool 2018-19,4-3-3,2018-19,Champions League,Tottenham Hotspur,wijnaldum_georginio,0.35,0.6,7
99,99,ucl_finals_lineups_2011_2025.csv,ucl_finals_lineups_2011_2025,Unknown,Champions League,liverpool_2019 vs tottenham_2019,liverpool_2019,Roberto Firmino,ST,9,Brazil,16,Jürgen Klopp's Liverpool 2018-19,4-3-3,2018-19,Champions League,Tottenham Hotspur,firmino_roberto,0.5,0.2,7
99,99,ucl_finals_lineups_2011_2025.csv,ucl_finals_lineups_2011_2025,Unknown,Champions League,liverpool_2019 vs tottenham_2019,liverpool_2019,Sadio Mané,LW,10,Italy,16,Jürgen Klopp's Liverpool 2018-19,4-3-3,2018-19,Champions League,Tottenham Hotspur,mane_sadio,0.2,0.3,7
99,99,ucl_finals_lineups_2011_2025.csv,ucl_finals_lineups_2011_2025,Unknown,Champions League,liverpool_2019 vs tottenham_2019,liverpool_2019,Mohamed Salah,RW,11,Egypt,16,Jürgen Klopp's Liverpool 2018-19,4-3-3,2018-19,Champions League,Tottenham Hotspur,salah_mohamed,0.8,0.3,7
99,99,ucl_finals_lineups_2011_2025.csv,ucl_finals_lineups_2011_2025,Unknown,Champions League,liverpool_2019 vs tottenham_2019,liverpool_2019,Alisson Becker,GK,13,Brazil,16,Jürgen Klopp's Liverpool 2018-19,4-3-3,2018-19,Champions League,Tottenham Hotspur,alisson_becker,0.5,0.9,7
99,99,ucl_finals_lineups_2011_2025.csv,ucl_finals_lineups_2011_2025,Unknown,Champions League,liverpool_2019 vs tottenham_2019,liverpool_2019,Jordan Henderson,RCM,14,England,16,Jürgen Klopp's Liverpool 2018-19,4-3-3,2018-19,Champions League,Tottenham Hotspur,henderson_jordan,0.65,0.6,7
99,99,ucl_finals_lineups_2011_2025.csv,ucl_finals_lineups_2011_2025,Unknown,Champions League,liverpool_2019 vs tottenham_2019,liverpool_2019,Andy Robertson,LB,26,France,16,Jürgen Klopp's Liverpool 2018-19,4-3-3,2018-19,Champions League,Tottenham Hotspur,robertson_andrew,0.2,0.75,7
99,99,ucl_finals_lineups_2011_2025.csv,ucl_finals_lineups_2011_2025,Unknown,Champions League,liverpool_2019 vs tottenham_2019,liverpool_2019,Joël Matip,RCB,32,Former Professional,16,Jürgen Klopp's Liverpool 2018-19,4-3-3,2018-19,Champions League,Tottenham Hotspur,matip_joel,0.65,0.78,7
99,99,ucl_finals_lineups_2011_2025.csv,ucl_finals_lineups_2011_2025,Unknown,Champions League,liverpool_2019 vs tottenham_2019,liverpool_2019,Trent Alexander-Arnold,RB,66,England,16,Jürgen Klopp's Liverpool 2018-19,4-3-3,2018-19,Champions League,Tottenham Hotspur,alexander_arnold_trent,0.8,0.75,7
99,99,ucl_finals_lineups_2011_2025.csv,ucl_finals_lineups_2011_2025,Unknown,Champions League,liverpool_2019 vs tottenham_2019,tottenham_2019,Hugo Lloris,GK,1,French Professional,17,Mauricio Pochettino's Tottenham 2018-19,4-2-3-1,2018-19,Champions League,Liverpool,lloris_hugo,0.5,0.9,7
99,99,ucl_finals_lineups_2011_2025.csv,ucl_finals_lineups_2011_2025,Unknown,Champions League,liverpool_2019 vs tottenham_2019,tottenham_2019,Kieran Trippier,RB,2,France,17,Mauricio Pochettino's Tottenham 2018-19,4-2-3-1,2018-19,Champions League,Liverpool,trippier_kieran,0.8,0.75,7
99,99,ucl_finals_lineups_2011_2025.csv,ucl_finals_lineups_2011_2025,Unknown,Champions League,liverpool_2019 vs tottenham_2019,tottenham_2019,Danny Rose,LB,3,Portugal,17,Mauricio Pochettino's Tottenham 2018-19,4-2-3-1,2018-19,Champions League,Liverpool,rose_danny,0.2,0.75,7
99,99,ucl_finals_lineups_2011_2025.csv,ucl_finals_lineups_2011_2025,Unknown,Champions League,liverpool_2019 vs tottenham_2019,tottenham_2019,Toby Alderweireld,RCB,4,Netherlands,17,Mauricio Pochettino's Tottenham 2018-19,4-2-3-1,2018-19,Champions League,Liverpool,alderweireld_toby,0.65,0.78,7
99,99,ucl_finals_lineups_2011_2025.csv,ucl_finals_lineups_2011_2025,Unknown,Champions League,liverpool_2019 vs tottenham_2019,tottenham_2019,Jan Vertonghen,LCB,5,Belgian Former Professional,17,Mauricio Pochettino's Tottenham 2018-19,4-2-3-1,2018-19,Champions League,Liverpool,vertonghen_jan,0.35,0.78,7
99,99,ucl_finals_lineups_2011_2025.csv,ucl_finals_lineups_2011_2025,Unknown,Champions League,liverpool_2019 vs tottenham_2019,tottenham_2019,Heung-min Son,LW,7,Brazil,17,Mauricio Pochettino's Tottenham 2018-19,4-2-3-1,2018-19,Champions League,Liverpool,son_heungmin,0.2,0.3,7
99,99,ucl_finals_lineups_2011_2025.csv,ucl_finals_lineups_2011_2025,Unknown,Champions League,liverpool_2019 vs tottenham_2019,tottenham_2019,Harry Winks,CDM,8,Unknown,17,Mauricio Pochettino's Tottenham 2018-19,4-2-3-1,2018-19,Champions League,Liverpool,winks_harry,0.6,0.65,7
99,99,ucl_finals_lineups_2011_2025.csv,ucl_finals_lineups_2011_2025,Unknown,Champions League,liverpool_2019 vs tottenham_2019,tottenham_2019,Harry Kane,ST,10,Unknown,17,Mauricio Pochettino's Tottenham 2018-19,4-2-3-1,2018-19,Champions League,Liverpool,kane_harry,0.5,0.2,7
99,99,ucl_finals_lineups_2011_2025.csv,ucl_finals_lineups_2011_2025,Unknown,Champions League,liverpool_2019 vs tottenham_2019,tottenham_2019,Eric Dier,CDM,15,Italy,17,Mauricio Pochettino's Tottenham 2018-19,4-2-3-1,2018-19,Champions League,Liverpool,dier_eric,0.4,0.65,7
99,99,ucl_finals_lineups_2011_2025.csv,ucl_finals_lineups_2011_2025,Unknown,Champions League,liverpool_2019 vs tottenham_2019,tottenham_2019,Dele Alli,CAM,20,Spain,17,Mauricio Pochettino's Tottenham 2018-19,4-2-3-1,2018-19,Champions League,Liverpool,alli_dele,0.5,0.45,7
99,99,ucl_finals_lineups_2011_2025.csv,ucl_finals_lineups_2011_2025,Unknown,Champions League,liverpool_2019 vs tottenham_2019,tottenham_2019,Christian Eriksen,RW,23,Netherlands,17,Mauricio Pochettino's Tottenham 2018-19,4-2-3-1,2018-19,Champions League,Liverpool,eriksen_christian,0.8,0.3,7
100,100,ucl_finals_lineups_2011_2025.csv,ucl_finals_lineups_2011_2025,Unknown,Champions League,bayern_munich_2020 vs psg_2020,bayern_munich_2020,Manuel Neuer,GK,1,Germany,18,Hansi Flick's Bayern 2019-20,4-2-3-1,2019-20,Champions League,Paris Saint-Germain,neuer_manuel,0.5,0.9,8
100,100,ucl_finals_lineups_2011_2025.csv,ucl_finals_lineups_2011_2025,Unknown,Champions League,bayern_munich_2020 vs psg_2020,bayern_munich_2020,Benjamin Pavard,RB,5,France,18,Hansi Flick's Bayern 2019-20,4-2-3-1,2019-20,Champions League,Paris Saint-Germain,pavard_benjamin,0.8,0.75,8
100,100,ucl_finals_lineups_2011_2025.csv,ucl_finals_lineups_2011_2025,Unknown,Champions League,bayern_munich_2020 vs psg_2020,bayern_munich_2020,Thiago Alcântara,CDM,6,Spain,18,Hansi Flick's Bayern 2019-20,4-2-3-1,2019-20,Champions League,Paris Saint-Germain,thiago_alcantara,0.4,0.65,8
100,100,ucl_finals_lineups_2011_2025.csv,ucl_finals_lineups_2011_2025,Unknown,Champions League,bayern_munich_2020 vs psg_2020,bayern_munich_2020,Robert Lewandowski,ST,9,Poland,18,Hansi Flick's Bayern 2019-20,4-2-3-1,2019-20,Champions League,Paris Saint-Germain,lewandowski_robert,0.5,0.2,8
100,100,ucl_finals_lineups_2011_2025.csv,ucl_finals_lineups_2011_2025,Unknown,Champions League,bayern_munich_2020 vs psg_2020,bayern_munich_2020,Serge Gnabry,RW,10,Germany,18,Hansi Flick's Bayern 2019-20,4-2-3-1,2019-20,Champions League,Paris Saint-Germain,gnabry_serge,0.8,0.3,8
100,100,ucl_finals_lineups_2011_2025.csv,ucl_finals_lineups_2011_2025,Unknown,Champions League,bayern_munich_2020 vs psg_2020,bayern_munich_2020,Jérôme Boateng,RCB,17,Germany,18,Hansi Flick's Bayern 2019-20,4-2-3-1,2019-20,Champions League,Paris Saint-Germain,boateng_jerome,0.65,0.78,8
100,100,ucl_finals_lineups_2011_2025.csv,ucl_finals_lineups_2011_2025,Unknown,Champions League,bayern_munich_2020 vs psg_2020,bayern_munich_2020,Leon Goretzka,CDM,18,Germany,18,Hansi Flick's Bayern 2019-20,4-2-3-1,2019-20,Champions League,Paris Saint-Germain,goretzka_leon,0.6,0.65,8
100,100,ucl_finals_lineups_2011_2025.csv,ucl_finals_lineups_2011_2025,Unknown,Champions League,bayern_munich_2020 vs psg_2020,bayern_munich_2020,Alphonso Davies,LB,19,Canada,18,Hansi Flick's Bayern 2019-20,4-2-3-1,2019-20,Champions League,Paris Saint-Germain,davies_alphonso,0.2,0.75,8
100,100,ucl_finals_lineups_2011_2025.csv,ucl_finals_lineups_2011_2025,Unknown,Champions League,bayern_munich_2020 vs psg_2020,bayern_munich_2020,Thomas Müller,CAM,25,Germany,18,Hansi Flick's Bayern 2019-20,4-2-3-1,2019-20,Champions League,Paris Saint-Germain,muller_thomas,0.5,0.45,8
100,100,ucl_finals_lineups_2011_2025.csv,ucl_finals_lineups_2011_2025,Unknown,Champions League,bayern_munich_2020 vs psg_2020,bayern_munich_2020,David Alaba,LCB,27,Austria,18,Hansi Flick's Bayern 2019-20,4-2-3-1,2019-20,Champions League,Paris Saint-Germain,alaba_david,0.35,0.78,8
100,100,ucl_finals_lineups_2011_2025.csv,ucl_finals_lineups_2011_2025,Unknown,Champions League,bayern_munich_2020 vs psg_2020,bayern_munich_2020,Kingsley Coman,LW,29,Netherlands,18,Hansi Flick's Bayern 2019-20,4-2-3-1,2019-20,Champions League,Paris Saint-Germain,coman_kingsley,0.2,0.3,8
100,100,ucl_finals_lineups_2011_2025.csv,ucl_finals_lineups_2011_2025,Unknown,Champions League,bayern_munich_2020 vs psg_2020,psg_2020,Keylor Navas,GK,1,Costa Rican Professional,19,Thomas Tuchel's PSG 2019-20,4-3-3,2019-20,Champions League,Bayern Munich,navas_keylor,0.5,0.9,8
100,100,ucl_finals_lineups_2011_2025.csv,ucl_finals_lineups_2011_2025,Unknown,Champions League,bayern_munich_2020 vs psg_2020,psg_2020,Thiago Silva,RCB,2,Brazil,19,Thomas Tuchel's PSG 2019-20,4-3-3,2019-20,Champions League,Bayern Munich,silva_thiago,0.65,0.78,8
100,100,ucl_finals_lineups_2011_2025.csv,ucl_finals_lineups_2011_2025,Unknown,Champions League,bayern_munich_2020 vs psg_2020,psg_2020,Presnel Kimpembe,LCB,3,French Professional,19,Thomas Tuchel's PSG 2019-20,4-3-3,2019-20,Champions League,Bayern Munich,kimpembe_presnel,0.35,0.78,8
100,100,ucl_finals_lineups_2011_2025.csv,ucl_finals_lineups_2011_2025,Unknown,Champions League,bayern_munich_2020 vs psg_2020,psg_2020,Marco Verratti,CDM,6,Italy,19,Thomas Tuchel's PSG 2019-20,4-3-3,2019-20,Champions League,Bayern Munich,verratti_marco,0.5,0.65,8
100,100,ucl_finals_lineups_2011_2025.csv,ucl_finals_lineups_2011_2025,Unknown,Champions League,bayern_munich_2020 vs psg_2020,psg_2020,Kylian Mbappé,RW,7,France,19,Thomas Tuchel's PSG 2019-20,4-3-3,2019-20,Champions League,Bayern Munich,mbappe_kylian,0.8,0.3,8
100,100,ucl_finals_lineups_2011_2025.csv,ucl_finals_lineups_2011_2025,Unknown,Champions League,bayern_munich_2020 vs psg_2020,psg_2020,Leandro Paredes,LCM,8,France,19,Thomas Tuchel's PSG 2019-20,4-3-3,2019-20,Champions League,Bayern Munich,paredes_leandro,0.35,0.6,8
100,100,ucl_finals_lineups_2011_2025.csv,ucl_finals_lineups_2011_2025,Unknown,Champions League,bayern_munich_2020 vs psg_2020,psg_2020,Mauro Icardi,ST,9,Italy,19,Thomas Tuchel's PSG 2019-20,4-3-3,2019-20,Champions League,Bayern Munich,icardi_mauro,0.5,0.2,8
100,100,ucl_finals_lineups_2011_2025.csv,ucl_finals_lineups_2011_2025,Unknown,Champions League,bayern_munich_2020 vs psg_2020,psg_2020,Neymar,LW,10,Brazil,19,Thomas Tuchel's PSG 2019-20,4-3-3,2019-20,Champions League,Bayern Munich,neymar,0.2,0.3,8
100,100,ucl_finals_lineups_2011_2025.csv,ucl_finals_lineups_2011_2025,Unknown,Champions League,bayern_munich_2020 vs psg_2020,psg_2020,Thomas Meunier,RB,12,France,19,Thomas Tuchel's PSG 2019-20,4-3-3,2019-20,Champions League,Bayern Munich,meunier_thomas,0.8,0.75,8
100,100,ucl_finals_lineups_2011_2025.csv,ucl_finals_lineups_2011_2025,Unknown,Champions League,bayern_munich_2020 vs psg_2020,psg_2020,Layvin Kurzawa,LB,22,French Professional,19,Thomas Tuchel's PSG 2019-20,4-3-3,2019-20,Champions League,Bayern Munich,kurzawa_layvin,0.2,0.75,8
100,100,ucl_finals_lineups_2011_2025.csv,ucl_finals_lineups_2011_2025,Unknown,Champions League,bayern_munich_2020 vs psg_2020,psg_2020,Idrissa Gueye,RCM,27,Senegalese Professional,19,Thomas Tuchel's PSG 2019-20,4-3-3,2019-20,Champions League,Bayern Munich,gueye_idrissa,0.65,0.6,8
101,101,ucl_finals_lineups_2011_2025.csv,ucl_finals_lineups_2011_2025,Unknown,Champions League,chelsea_2021 vs man_city_2021,chelsea_2021,Antonio Rüdiger,LCB,2,Germany,20,Thomas Tuchel's Chelsea 2020-21,3-4-2-1,2020-21,Champions League,Manchester City,rudiger_antonio,0.4,0.79,9
101,101,ucl_finals_lineups_2011_2025.csv,ucl_finals_lineups_2011_2025,Unknown,Champions League,chelsea_2021 vs man_city_2021,chelsea_2021,Jorginho,LCM,5,Brazil,20,Thomas Tuchel's Chelsea 2020-21,3-4-2-1,2020-21,Champions League,Manchester City,jorginho,0.45,0.6,9
101,101,ucl_finals_lineups_2011_2025.csv,ucl_finals_lineups_2011_2025,Unknown,Champions League,chelsea_2021 vs man_city_2021,chelsea_2021,Thiago Silva,CB,6,Brazil,20,Thomas Tuchel's Chelsea 2020-21,3-4-2-1,2020-21,Champions League,Manchester City,silva_thiago,0.5,0.82,9
101,101,ucl_finals_lineups_2011_2025.csv,ucl_finals_lineups_2011_2025,Unknown,Champions League,chelsea_2021 vs man_city_2021,chelsea_2021,N'Golo Kanté,RCM,7,French Professional,20,Thomas Tuchel's Chelsea 2020-21,3-4-2-1,2020-21,Champions League,Manchester City,kante_ngolo,0.55,0.6,9
101,101,ucl_finals_lineups_2011_2025.csv,ucl_finals_lineups_2011_2025,Unknown,Champions League,chelsea_2021 vs man_city_2021,chelsea_2021,Timo Werner,ST,11,Germany,20,Thomas Tuchel's Chelsea 2020-21,3-4-2-1,2020-21,Champions League,Manchester City,werner_timo,0.5,0.25,9
101,101,ucl_finals_lineups_2011_2025.csv,ucl_finals_lineups_2011_2025,Unknown,Champions League,chelsea_2021 vs man_city_2021,chelsea_2021,Édouard Mendy,GK,16,Portugal,20,Thomas Tuchel's Chelsea 2020-21,3-4-2-1,2020-21,Champions League,Manchester City,mendy_edouard,0.5,0.9,9
101,101,ucl_finals_lineups_2011_2025.csv,ucl_finals_lineups_2011_2025,Unknown,Champions League,chelsea_2021 vs man_city_2021,chelsea_2021,Mason Mount,CAM,19,Portsea,20,Thomas Tuchel's Chelsea 2020-21,3-4-2-1,2020-21,Champions League,Manchester City,mount_mason,0.6,0.45,9
101,101,ucl_finals_lineups_2011_2025.csv,ucl_finals_lineups_2011_2025,Unknown,Champions League,chelsea_2021 vs man_city_2021,chelsea_2021,Ben Chilwell,LB,21,England,20,Thomas Tuchel's Chelsea 2020-21,3-4-2-1,2020-21,Champions League,Manchester City,chilwell_ben,0.2,0.65,9
101,101,ucl_finals_lineups_2011_2025.csv,ucl_finals_lineups_2011_2025,Unknown,Champions League,chelsea_2021 vs man_city_2021,chelsea_2021,Reece James,RB,24,England,20,Thomas Tuchel's Chelsea 2020-21,3-4-2-1,2020-21,Champions League,Manchester City,james_reece,0.8,0.65,9
101,101,ucl_finals_lineups_2011_2025.csv,ucl_finals_lineups_2011_2025,Unknown,Champions League,chelsea_2021 vs man_city_2021,chelsea_2021,César Azpilicueta,RCB,28,Spanish Professional,20,Thomas Tuchel's Chelsea 2020-21,3-4-2-1,2020-21,Champions League,Manchester City,azpilicueta_cesar,0.6,0.79,9
101,101,ucl_finals_lineups_2011_2025.csv,ucl_finals_lineups_2011_2025,Unknown,Champions League,chelsea_2021 vs man_city_2021,chelsea_2021,Kai Havertz,CAM,29,German Professional,20,Thomas Tuchel's Chelsea 2020-21,3-4-2-1,2020-21,Champions League,Manchester City,havertz_kai,0.4,0.45,9
101,101,ucl_finals_lineups_2011_2025.csv,ucl_finals_lineups_2011_2025,Unknown,Champions League,chelsea_2021 vs man_city_2021,man_city_2021,Kyle Walker,RB,2,England,21,Pep Guardiola's Manchester City 2020-21,4-3-3,2020-21,Champions League,Chelsea,walker_kyle,0.8,0.75,9
101,101,ucl_finals_lineups_2011_2025.csv,ucl_finals_lineups_2011_2025,Unknown,Champions League,chelsea_2021 vs man_city_2021,man_city_2021,Rúben Dias,RCB,3,Italy,21,Pep Guardiola's Manchester City 2020-21,4-3-3,2020-21,Champions League,Chelsea,dias_ruben,0.65,0.78,9
101,101,ucl_finals_lineups_2011_2025.csv,ucl_finals_lineups_2011_2025,Unknown,Champions League,chelsea_2021 vs man_city_2021,man_city_2021,Raheem Sterling,LW,7,Professional,21,Pep Guardiola's Manchester City 2020-21,4-3-3,2020-21,Champions League,Chelsea,sterling_raheem,0.2,0.3,9
101,101,ucl_finals_lineups_2011_2025.csv,ucl_finals_lineups_2011_2025,Unknown,Champions League,chelsea_2021 vs man_city_2021,man_city_2021,İlkay Gündoğan,CDM,8,Portugal,21,Pep Guardiola's Manchester City 2020-21,4-3-3,2020-21,Champions League,Chelsea,gundogan_ilkay,0.5,0.65,9
101,101,ucl_finals_lineups_2011_2025.csv,ucl_finals_lineups_2011_2025,Unknown,Champions League,chelsea_2021 vs man_city_2021,man_city_2021,Oleksandr Zinchenko,LB,11,Ukrainian Professional,21,Pep Guardiola's Manchester City 2020-21,4-3-3,2020-21,Champions League,Chelsea,zinchenko_oleksandr,0.2,0.75,9
101,101,ucl_finals_lineups_2011_2025.csv,ucl_finals_lineups_2011_2025,Unknown,Champions League,chelsea_2021 vs man_city_2021,man_city_2021,Aymeric Laporte,LCB,14,France,21,Pep Guardiola's Manchester City 2020-21,4-3-3,2020-21,Champions League,Chelsea,laporte_aymeric,0.35,0.78,9
101,101,ucl_finals_lineups_2011_2025.csv,ucl_finals_lineups_2011_2025,Unknown,Champions League,chelsea_2021 vs man_city_2021,man_city_2021,Kevin De Bruyne,RCM,17,Belgium,21,Pep Guardiola's Manchester City 2020-21,4-3-3,2020-21,Champions League,Chelsea,de_bruyne_kevin,0.65,0.6,9
101,101,ucl_finals_lineups_2011_2025.csv,ucl_finals_lineups_2011_2025,Unknown,Champions League,chelsea_2021 vs man_city_2021,man_city_2021,Bernardo Silva,LCM,20,Portugal,21,Pep Guardiola's Manchester City 2020-21,4-3-3,2020-21,Champions League,Chelsea,silva_bernardo,0.35,0.6,9
101,101,ucl_finals_lineups_2011_2025.csv,ucl_finals_lineups_2011_2025,Unknown,Champions League,chelsea_2021 vs man_city_2021,man_city_2021,Riyad Mahrez,RW,26,Algeria,21,Pep Guardiola's Manchester City 2020-21,4-3-3,2020-21,Champions League,Chelsea,mahrez_riyad,0.8,0.3,9
101,101,ucl_finals_lineups_2011_2025.csv,ucl_finals_lineups_2011_2025,Unknown,Champions League,chelsea_2021 vs man_city_2021,man_city_2021,Ederson,GK,31,Brazil,21,Pep Guardiola's Manchester City 2020-21,4-3-3,2020-21,Champions League,Chelsea,ederson,0.5,0.9,9
101,101,ucl_finals_lineups_2011_2025.csv,ucl_finals_lineups_2011_2025,Unknown,Champions League,chelsea_2021 vs man_city_2021,man_city_2021,Phil Foden,ST,47,Netherlands,21,Pep Guardiola's Manchester City 2020-21,4-3-3,2020-21,Champions League,Chelsea,foden_phil,0.5,0.2,9
102,102,ucl_finals_lineups_2011_2025.csv,ucl_finals_lineups_2011_2025,Unknown,Champions League,real_madrid_2022 vs liverpool_2022,liverpool_2022,Alisson Becker,GK,1,Brazil,23,Jürgen Klopp's Liverpool 2021-22,4-3-3,2021-22,Champions League,Real Madrid,alisson_becker,0.5,0.9,10
102,102,ucl_finals_lineups_2011_2025.csv,ucl_finals_lineups_2011_2025,Unknown,Champions League,real_madrid_2022 vs liverpool_2022,liverpool_2022,Fabinho,CDM,3,Brazil,23,Jürgen Klopp's Liverpool 2021-22,4-3-3,2021-22,Champions League,Real Madrid,fabinho,0.5,0.65,10
102,102,ucl_finals_lineups_2011_2025.csv,ucl_finals_lineups_2011_2025,Unknown,Champions League,real_madrid_2022 vs liverpool_2022,liverpool_2022,Virgil van Dijk,LCB,4,Netherlands,23,Jürgen Klopp's Liverpool 2021-22,4-3-3,2021-22,Champions League,Real Madrid,vandijk_virgil,0.35,0.78,10
102,102,ucl_finals_lineups_2011_2025.csv,ucl_finals_lineups_2011_2025,Unknown,Champions League,real_madrid_2022 vs liverpool_2022,liverpool_2022,Thiago Alcântara,LCM,6,Spain,23,Jürgen Klopp's Liverpool 2021-22,4-3-3,2021-22,Champions League,Real Madrid,thiago_alcantara,0.35,0.6,10
102,102,ucl_finals_lineups_2011_2025.csv,ucl_finals_lineups_2011_2025,Unknown,Champions League,real_madrid_2022 vs liverpool_2022,liverpool_2022,Sadio Mané,ST,10,Italy,23,Jürgen Klopp's Liverpool 2021-22,4-3-3,2021-22,Champions League,Real Madrid,mane_sadio,0.5,0.2,10
102,102,ucl_finals_lineups_2011_2025.csv,ucl_finals_lineups_2011_2025,Unknown,Champions League,real_madrid_2022 vs liverpool_2022,liverpool_2022,Mohamed Salah,RW,11,Egypt,23,Jürgen Klopp's Liverpool 2021-22,4-3-3,2021-22,Champions League,Real Madrid,salah_mohamed,0.8,0.3,10
102,102,ucl_finals_lineups_2011_2025.csv,ucl_finals_lineups_2011_2025,Unknown,Champions League,real_madrid_2022 vs liverpool_2022,liverpool_2022,Jordan Henderson,RCM,14,England,23,Jürgen Klopp's Liverpool 2021-22,4-3-3,2021-22,Champions League,Real Madrid,henderson_jordan,0.65,0.6,10
102,102,ucl_finals_lineups_2011_2025.csv,ucl_finals_lineups_2011_2025,Unknown,Champions League,real_madrid_2022 vs liverpool_2022,liverpool_2022,Luis Díaz,LW,23,Portugal,23,Jürgen Klopp's Liverpool 2021-22,4-3-3,2021-22,Champions League,Real Madrid,diaz_luis,0.2,0.3,10
102,102,ucl_finals_lineups_2011_2025.csv,ucl_finals_lineups_2011_2025,Unknown,Champions League,real_madrid_2022 vs liverpool_2022,liverpool_2022,Andy Robertson,LB,26,France,23,Jürgen Klopp's Liverpool 2021-22,4-3-3,2021-22,Champions League,Real Madrid,robertson_andrew,0.2,0.75,10
102,102,ucl_finals_lineups_2011_2025.csv,ucl_finals_lineups_2011_2025,Unknown,Champions League,real_madrid_2022 vs liverpool_2022,liverpool_2022,Joël Matip,RCB,32,Former Professional,23,Jürgen Klopp's Liverpool 2021-22,4-3-3,2021-22,Champions League,Real Madrid,matip_joel,0.65,0.78,10
102,102,ucl_finals_lineups_2011_2025.csv,ucl_finals_lineups_2011_2025,Unknown,Champions League,real_madrid_2022 vs liverpool_2022,liverpool_2022,Trent Alexander-Arnold,RB,66,England,23,Jürgen Klopp's Liverpool 2021-22,4-3-3,2021-22,Champions League,Real Madrid,alexander_arnold_trent,0.8,0.75,10
102,102,ucl_finals_lineups_2011_2025.csv,ucl_finals_lineups_2011_2025,Unknown,Champions League,real_madrid_2022 vs liverpool_2022,real_madrid_2022,Thibaut Courtois,GK,1,Belgium,22,Carlo Ancelotti's Real Madrid 2021-22,4-3-3,2021-22,Champions League,Liverpool,courtois_thibaut,0.5,0.9,10
102,102,ucl_finals_lineups_2011_2025.csv,ucl_finals_lineups_2011_2025,Unknown,Champions League,real_madrid_2022 vs liverpool_2022,real_madrid_2022,Dani Carvajal,RB,2,Portugal,22,Carlo Ancelotti's Real Madrid 2021-22,4-3-3,2021-22,Champions League,Liverpool,carvajal_dani,0.8,0.75,10
102,102,ucl_finals_lineups_2011_2025.csv,ucl_finals_lineups_2011_2025,Unknown,Champions League,real_madrid_2022 vs liverpool_2022,real_madrid_2022,Éder Militão,RCB,3,Netherlands,22,Carlo Ancelotti's Real Madrid 2021-22,4-3-3,2021-22,Champions League,Liverpool,militao_eder,0.65,0.78,10
102,102,ucl_finals_lineups_2011_2025.csv,ucl_finals_lineups_2011_2025,Unknown,Champions League,real_madrid_2022 vs liverpool_2022,real_madrid_2022,David Alaba,LCB,4,Austria,22,Carlo Ancelotti's Real Madrid 2021-22,4-3-3,2021-22,Champions League,Liverpool,alaba_david,0.35,0.78,10
102,102,ucl_finals_lineups_2011_2025.csv,ucl_finals_lineups_2011_2025,Unknown,Champions League,real_madrid_2022 vs liverpool_2022,real_madrid_2022,Toni Kroos,LCM,8,German Former Professional,22,Carlo Ancelotti's Real Madrid 2021-22,4-3-3,2021-22,Champions League,Liverpool,kroos_toni,0.35,0.6,10
102,102,ucl_finals_lineups_2011_2025.csv,ucl_finals_lineups_2011_2025,Unknown,Champions League,real_madrid_2022 vs liverpool_2022,real_madrid_2022,Karim Benzema,ST,9,French Professional,22,Carlo Ancelotti's Real Madrid 2021-22,4-3-3,2021-22,Champions League,Liverpool,benzema_karim,0.5,0.2,10
102,102,ucl_finals_lineups_2011_2025.csv,ucl_finals_lineups_2011_2025,Unknown,Champions League,real_madrid_2022 vs liverpool_2022,real_madrid_2022,Luka Modrić,RCM,10,Croatia,22,Carlo Ancelotti's Real Madrid 2021-22,4-3-3,2021-22,Champions League,Liverpool,modric_luka,0.65,0.6,10
102,102,ucl_finals_lineups_2011_2025.csv,ucl_finals_lineups_2011_2025,Unknown,Champions League,real_madrid_2022 vs liverpool_2022,real_madrid_2022,Casemiro,CDM,14,Brazil,22,Carlo Ancelotti's Real Madrid 2021-22,4-3-3,2021-22,Champions League,Liverpool,casemiro,0.5,0.65,10
102,102,ucl_finals_lineups_2011_2025.csv,ucl_finals_lineups_2011_2025,Unknown,Champions League,real_madrid_2022 vs liverpool_2022,real_madrid_2022,Federico Valverde,RW,15,Netherlands,22,Carlo Ancelotti's Real Madrid 2021-22,4-3-3,2021-22,Champions League,Liverpool,valverde_federico,0.8,0.3,10
102,102,ucl_finals_lineups_2011_2025.csv,ucl_finals_lineups_2011_2025,Unknown,Champions League,real_madrid_2022 vs liverpool_2022,real_madrid_2022,Vinícius Júnior,LW,20,Brazilian Professional,22,Carlo Ancelotti's Real Madrid 2021-22,4-3-3,2021-22,Champions League,Liverpool,vinicius_junior,0.2,0.3,10
102,102,ucl_finals_lineups_2011_2025.csv,ucl_finals_lineups_2011_2025,Unknown,Champions League,real_madrid_2022 vs liverpool_2022,real_madrid_2022,Ferland Mendy,LB,23,French Professional,22,Carlo Ancelotti's Real Madrid 2021-22,4-3-3,2021-22,Champions League,Liverpool,mendy_ferland,0.2,0.75,10
103,103,ucl_finals_lineups_2011_2025.csv,ucl_finals_lineups_2011_2025,Unknown,Champions League,man_city_2023 vs inter_2023,inter_2023,Denzel Dumfries,RB,2,France,25,Simone Inzaghi's Inter 2022-23,3-5-2,2022-23,Champions League,Manchester City,dumfries_denzel,0.8,0.65,11
103,103,ucl_finals_lineups_2011_2025.csv,ucl_finals_lineups_2011_2025,Unknown,Champions League,man_city_2023 vs inter_2023,inter_2023,Stefan de Vrij,CB,6,France,25,Simone Inzaghi's Inter 2022-23,3-5-2,2022-23,Champions League,Manchester City,devrij_stefan,0.5,0.82,11
103,103,ucl_finals_lineups_2011_2025.csv,ucl_finals_lineups_2011_2025,Unknown,Champions League,man_city_2023 vs inter_2023,inter_2023,Edin Džeko,ST,9,Italy,25,Simone Inzaghi's Inter 2022-23,3-5-2,2022-23,Champions League,Manchester City,dzeko_edin,0.5,0.25,11
103,103,ucl_finals_lineups_2011_2025.csv,ucl_finals_lineups_2011_2025,Unknown,Champions League,man_city_2023 vs inter_2023,inter_2023,Lautaro Martínez,ST,10,Spain,25,Simone Inzaghi's Inter 2022-23,3-5-2,2022-23,Champions League,Manchester City,martinez_lautaro,0.5,0.25,11
103,103,ucl_finals_lineups_2011_2025.csv,ucl_finals_lineups_2011_2025,Unknown,Champions League,man_city_2023 vs inter_2023,inter_2023,Hakan Çalhanoğlu,CAM,20,Turkish Professional,25,Simone Inzaghi's Inter 2022-23,3-5-2,2022-23,Champions League,Manchester City,calhanoglu_hakan,0.5,0.25,11
103,103,ucl_finals_lineups_2011_2025.csv,ucl_finals_lineups_2011_2025,Unknown,Champions League,man_city_2023 vs inter_2023,inter_2023,Henrikh Mkhitaryan,LCM,22,Tumor At Age,25,Simone Inzaghi's Inter 2022-23,3-5-2,2022-23,Champions League,Manchester City,mkhitaryan_henrikh,0.45,0.6,11
103,103,ucl_finals_lineups_2011_2025.csv,ucl_finals_lineups_2011_2025,Unknown,Champions League,man_city_2023 vs inter_2023,inter_2023,Nicolò Barella,RCM,23,The World,25,Simone Inzaghi's Inter 2022-23,3-5-2,2022-23,Champions League,Manchester City,barella_nicolo,0.55,0.6,11
103,103,ucl_finals_lineups_2011_2025.csv,ucl_finals_lineups_2011_2025,Unknown,Champions League,man_city_2023 vs inter_2023,inter_2023,André Onana,GK,24,Cameroon,25,Simone Inzaghi's Inter 2022-23,3-5-2,2022-23,Champions League,Manchester City,onana_andre,0.5,0.9,11
103,103,ucl_finals_lineups_2011_2025.csv,ucl_finals_lineups_2011_2025,Unknown,Champions League,man_city_2023 vs inter_2023,inter_2023,Federico Dimarco,LB,32,Netherlands,25,Simone Inzaghi's Inter 2022-23,3-5-2,2022-23,Champions League,Manchester City,dimarco_federico,0.2,0.65,11
103,103,ucl_finals_lineups_2011_2025.csv,ucl_finals_lineups_2011_2025,Unknown,Champions League,man_city_2023 vs inter_2023,inter_2023,Milan Škriniar,RCB,37,Slovak Professional,25,Simone Inzaghi's Inter 2022-23,3-5-2,2022-23,Champions League,Manchester City,skriniar_milan,0.6,0.79,11
103,103,ucl_finals_lineups_2011_2025.csv,ucl_finals_lineups_2011_2025,Unknown,Champions League,man_city_2023 vs inter_2023,inter_2023,Alessandro Bastoni,LCB,95,Italy,25,Simone Inzaghi's Inter 2022-23,3-5-2,2022-23,Champions League,Manchester City,bastoni_alessandro,0.4,0.79,11
103,103,ucl_finals_lineups_2011_2025.csv,ucl_finals_lineups_2011_2025,Unknown,Champions League,man_city_2023 vs inter_2023,man_city_2023,Kyle Walker,RCB,2,England,24,Pep Guardiola's Manchester City 2022-23,3-2-4-1,2022-23,Champions League,Inter Milan,walker_kyle,0.6,0.79,11
103,103,ucl_finals_lineups_2011_2025.csv,ucl_finals_lineups_2011_2025,Unknown,Champions League,man_city_2023 vs inter_2023,man_city_2023,Rúben Dias,CB,3,Italy,24,Pep Guardiola's Manchester City 2022-23,3-2-4-1,2022-23,Champions League,Inter Milan,dias_ruben,0.5,0.82,11
103,103,ucl_finals_lineups_2011_2025.csv,ucl_finals_lineups_2011_2025,Unknown,Champions League,man_city_2023 vs inter_2023,man_city_2023,John Stones,RB,5,England,24,Pep Guardiola's Manchester City 2022-23,3-2-4-1,2022-23,Champions League,Inter Milan,stones_john,0.8,0.65,11
103,103,ucl_finals_lineups_2011_2025.csv,ucl_finals_lineups_2011_2025,Unknown,Champions League,man_city_2023 vs inter_2023,man_city_2023,Nathan Aké,LB,6,Unknown,24,Pep Guardiola's Manchester City 2022-23,3-2-4-1,2022-23,Champions League,Inter Milan,ake_nathan,0.2,0.65,11
103,103,ucl_finals_lineups_2011_2025.csv,ucl_finals_lineups_2011_2025,Unknown,Champions League,man_city_2023 vs inter_2023,man_city_2023,İlkay Gündoğan,RCM,8,Portugal,24,Pep Guardiola's Manchester City 2022-23,3-2-4-1,2022-23,Champions League,Inter Milan,gundogan_ilkay,0.55,0.6,11
103,103,ucl_finals_lineups_2011_2025.csv,ucl_finals_lineups_2011_2025,Unknown,Champions League,man_city_2023 vs inter_2023,man_city_2023,Erling Haaland,ST,9,Norway,24,Pep Guardiola's Manchester City 2022-23,3-2-4-1,2022-23,Champions League,Inter Milan,haaland_erling,0.5,0.25,11
103,103,ucl_finals_lineups_2011_2025.csv,ucl_finals_lineups_2011_2025,Unknown,Champions League,man_city_2023 vs inter_2023,man_city_2023,Jack Grealish,CAM,10,England,24,Pep Guardiola's Manchester City 2022-23,3-2-4-1,2022-23,Champions League,Inter Milan,grealish_jack,0.4,0.45,11
103,103,ucl_finals_lineups_2011_2025.csv,ucl_finals_lineups_2011_2025,Unknown,Champions League,man_city_2023 vs inter_2023,man_city_2023,Kevin De Bruyne,LCM,17,Belgium,24,Pep Guardiola's Manchester City 2022-23,3-2-4-1,2022-23,Champions League,Inter Milan,de_bruyne_kevin,0.45,0.6,11
103,103,ucl_finals_lineups_2011_2025.csv,ucl_finals_lineups_2011_2025,Unknown,Champions League,man_city_2023 vs inter_2023,man_city_2023,Bernardo Silva,CAM,20,Portugal,24,Pep Guardiola's Manchester City 2022-23,3-2-4-1,2022-23,Champions League,Inter Milan,silva_bernardo,0.6,0.45,11
103,103,ucl_finals_lineups_2011_2025.csv,ucl_finals_lineups_2011_2025,Unknown,Champions League,man_city_2023 vs inter_2023,man_city_2023,Manuel Akanji,LCB,25,Switzerland,24,Pep Guardiola's Manchester City 2022-23,3-2-4-1,2022-23,Champions League,Inter Milan,akanji_manuel,0.4,0.79,11
103,103,ucl_finals_lineups_2011_2025.csv,ucl_finals_lineups_2011_2025,Unknown,Champions League,man_city_2023 vs inter_2023,man_city_2023,Ederson,GK,31,Brazil,24,Pep Guardiola's Manchester City 2022-23,3-2-4-1,2022-23,Champions League,Inter Milan,ederson,0.5,0.9,11
104,104,ucl_finals_lineups_2011_2025.csv,ucl_finals_lineups_2011_2025,Unknown,Champions League,real_madrid_2024 vs borussia_dortmund_2024,borussia_dortmund_2024,Gregor Kobel,GK,1,Swiss Professional,27,Edin Terzić's Borussia Dortmund 2023-24,4-2-3-1,2023-24,Champions League,Real Madrid,kobel_gregor,0.5,0.9,12
104,104,ucl_finals_lineups_2011_2025.csv,ucl_finals_lineups_2011_2025,Unknown,Champions League,real_madrid_2024 vs borussia_dortmund_2024,borussia_dortmund_2024,Nico Schlotterbeck,LCB,4,German Professional,27,Edin Terzić's Borussia Dortmund 2023-24,4-2-3-1,2023-24,Champions League,Real Madrid,schlotterbeck_nico,0.35,0.78,12
104,104,ucl_finals_lineups_2011_2025.csv,ucl_finals_lineups_2011_2025,Unknown,Champions League,real_madrid_2024 vs borussia_dortmund_2024,borussia_dortmund_2024,Jadon Sancho,CAM,10,Portugal,27,Edin Terzić's Borussia Dortmund 2023-24,4-2-3-1,2023-24,Champions League,Real Madrid,sancho_jadon,0.5,0.45,12
104,104,ucl_finals_lineups_2011_2025.csv,ucl_finals_lineups_2011_2025,Unknown,Champions League,real_madrid_2024 vs borussia_dortmund_2024,borussia_dortmund_2024,Niclas Füllkrug,ST,14,German Professional,27,Edin Terzić's Borussia Dortmund 2023-24,4-2-3-1,2023-24,Champions League,Real Madrid,fullkrug_niclas,0.5,0.2,12
104,104,ucl_finals_lineups_2011_2025.csv,ucl_finals_lineups_2011_2025,Unknown,Champions League,real_madrid_2024 vs borussia_dortmund_2024,borussia_dortmund_2024,Mats Hummels,RCB,15,German Former,27,Edin Terzić's Borussia Dortmund 2023-24,4-2-3-1,2023-24,Champions League,Real Madrid,hummels_mats,0.65,0.78,12
104,104,ucl_finals_lineups_2011_2025.csv,ucl_finals_lineups_2011_2025,Unknown,Champions League,real_madrid_2024 vs borussia_dortmund_2024,borussia_dortmund_2024,Julian Brandt,RW,19,Unknown,27,Edin Terzić's Borussia Dortmund 2023-24,4-2-3-1,2023-24,Champions League,Real Madrid,brandt_julian,0.8,0.3,12
104,104,ucl_finals_lineups_2011_2025.csv,ucl_finals_lineups_2011_2025,Unknown,Champions League,real_madrid_2024 vs borussia_dortmund_2024,borussia_dortmund_2024,Marcel Sabitzer,CDM,20,Unknown,27,Edin Terzić's Borussia Dortmund 2023-24,4-2-3-1,2023-24,Champions League,Real Madrid,sabitzer_marcel,0.6,0.65,12
104,104,ucl_finals_lineups_2011_2025.csv,ucl_finals_lineups_2011_2025,Unknown,Champions League,real_madrid_2024 vs borussia_dortmund_2024,borussia_dortmund_2024,Ian Maatsen,LB,22,Netherlands,27,Edin Terzić's Borussia Dortmund 2023-24,4-2-3-1,2023-24,Champions League,Real Madrid,maatsen_ian,0.2,0.75,12
104,104,ucl_finals_lineups_2011_2025.csv,ucl_finals_lineups_2011_2025,Unknown,Champions League,real_madrid_2024 vs borussia_dortmund_2024,borussia_dortmund_2024,Emre Can,CDM,23,German Professional,27,Edin Terzić's Borussia Dortmund 2023-24,4-2-3-1,2023-24,Champions League,Real Madrid,can_emre,0.4,0.65,12
104,104,ucl_finals_lineups_2011_2025.csv,ucl_finals_lineups_2011_2025,Unknown,Champions League,real_madrid_2024 vs borussia_dortmund_2024,borussia_dortmund_2024,Julian Ryerson,RB,25,Brazil,27,Edin Terzić's Borussia Dortmund 2023-24,4-2-3-1,2023-24,Champions League,Real Madrid,ryerson_julian,0.8,0.75,12
104,104,ucl_finals_lineups_2011_2025.csv,ucl_finals_lineups_2011_2025,Unknown,Champions League,real_madrid_2024 vs borussia_dortmund_2024,borussia_dortmund_2024,Karim Adeyemi,LW,27,France,27,Edin Terzić's Borussia Dortmund 2023-24,4-2-3-1,2023-24,Champions League,Real Madrid,adeyemi_karim,0.2,0.3,12
104,104,ucl_finals_lineups_2011_2025.csv,ucl_finals_lineups_2011_2025,Unknown,Champions League,real_madrid_2024 vs borussia_dortmund_2024,real_madrid_2024,Thibaut Courtois,GK,1,Belgium,26,Carlo Ancelotti's Real Madrid 2023-24,4-3-1-2,2023-24,Champions League,Borussia Dortmund,courtois_thibaut,0.5,0.9,12
104,104,ucl_finals_lineups_2011_2025.csv,ucl_finals_lineups_2011_2025,Unknown,Champions League,real_madrid_2024 vs borussia_dortmund_2024,real_madrid_2024,Dani Carvajal,RB,2,Portugal,26,Carlo Ancelotti's Real Madrid 2023-24,4-3-1-2,2023-24,Champions League,Borussia Dortmund,carvajal_dani,0.8,0.75,12
104,104,ucl_finals_lineups_2011_2025.csv,ucl_finals_lineups_2011_2025,Unknown,Champions League,real_madrid_2024 vs borussia_dortmund_2024,real_madrid_2024,Jude Bellingham,CAM,5,France,26,Carlo Ancelotti's Real Madrid 2023-24,4-3-1-2,2023-24,Champions League,Borussia Dortmund,bellingham_jude,0.5,0.45,12
104,104,ucl_finals_lineups_2011_2025.csv,ucl_finals_lineups_2011_2025,Unknown,Champions League,real_madrid_2024 vs borussia_dortmund_2024,real_madrid_2024,Nacho Fernández,LCB,6,France,26,Carlo Ancelotti's Real Madrid 2023-24,4-3-1-2,2023-24,Champions League,Borussia Dortmund,nacho_fernandez,0.35,0.78,12
104,104,ucl_finals_lineups_2011_2025.csv,ucl_finals_lineups_2011_2025,Unknown,Champions League,real_madrid_2024 vs borussia_dortmund_2024,real_madrid_2024,Vinícius Júnior,ST,7,Brazilian Professional,26,Carlo Ancelotti's Real Madrid 2023-24,4-3-1-2,2023-24,Champions League,Borussia Dortmund,vinicius_junior,0.58,0.25,12
104,104,ucl_finals_lineups_2011_2025.csv,ucl_finals_lineups_2011_2025,Unknown,Champions League,real_madrid_2024 vs borussia_dortmund_2024,real_madrid_2024,Toni Kroos,LCM,8,German Former Professional,26,Carlo Ancelotti's Real Madrid 2023-24,4-3-1-2,2023-24,Champions League,Borussia Dortmund,kroos_toni,0.35,0.6,12
104,104,ucl_finals_lineups_2011_2025.csv,ucl_finals_lineups_2011_2025,Unknown,Champions League,real_madrid_2024 vs borussia_dortmund_2024,real_madrid_2024,Rodrygo Goes,ST,11,Portugal,26,Carlo Ancelotti's Real Madrid 2023-24,4-3-1-2,2023-24,Champions League,Borussia Dortmund,rodrygo,0.42,0.25,12
104,104,ucl_finals_lineups_2011_2025.csv,ucl_finals_lineups_2011_2025,Unknown,Champions League,real_madrid_2024 vs borussia_dortmund_2024,real_madrid_2024,Eduardo Camavinga,CM,12,France,26,Carlo Ancelotti's Real Madrid 2023-24,4-3-1-2,2023-24,Champions League,Borussia Dortmund,camavinga_eduardo,0.5,0.65,12
104,104,ucl_finals_lineups_2011_2025.csv,ucl_finals_lineups_2011_2025,Unknown,Champions League,real_madrid_2024 vs borussia_dortmund_2024,real_madrid_2024,Federico Valverde,RCM,15,Netherlands,26,Carlo Ancelotti's Real Madrid 2023-24,4-3-1-2,2023-24,Champions League,Borussia Dortmund,valverde_federico,0.65,0.6,12
104,104,ucl_finals_lineups_2011_2025.csv,ucl_finals_lineups_2011_2025,Unknown,Champions League,real_madrid_2024 vs borussia_dortmund_2024,real_madrid_2024,Antonio Rüdiger,RCB,22,Germany,26,Carlo Ancelotti's Real Madrid 2023-24,4-3-1-2,2023-24,Champions League,Borussia Dortmund,rudiger_antonio,0.65,0.78,12
104,104,ucl_finals_lineups_2011_2025.csv,ucl_finals_lineups_2011_2025,Unknown,Champions League,real_madrid_2024 vs borussia_dortmund_2024,real_madrid_2024,Ferland Mendy,LB,23,French Professional,26,Carlo Ancelotti's Real Madrid 2023-24,4-3-1-2,2023-24,Champions League,Borussia Dortmund,mendy_ferland,0.2,0.75,12
105,105,ucl_finals_lineups_2011_2025.csv,ucl_finals_lineups_2011_2025,Unknown,Champions League,psg_2025 vs inter_2025,inter_2025,Yann Sommer,GK,1,Switzerland,30,Simone Inzaghi's Inter 2024-25,3-5-2,2024-25,Champions League,PSG,sommer_yann,0.5,0.9,13
105,105,ucl_finals_lineups_2011_2025.csv,ucl_finals_lineups_2011_2025,Unknown,Champions League,psg_2025 vs inter_2025,inter_2025,Denzel Dumfries,RB,2,France,30,Simone Inzaghi's Inter 2024-25,3-5-2,2024-25,Champions League,PSG,dumfries_denzel,0.8,0.65,13
105,105,ucl_finals_lineups_2011_2025.csv,ucl_finals_lineups_2011_2025,Unknown,Champions League,psg_2025 vs inter_2025,inter_2025,Marcus Thuram,ST,9,French Professional,30,Simone Inzaghi's Inter 2024-25,3-5-2,2024-25,Champions League,PSG,thuram_marcus,0.5,0.25,13
105,105,ucl_finals_lineups_2011_2025.csv,ucl_finals_lineups_2011_2025,Unknown,Champions League,psg_2025 vs inter_2025,inter_2025,Lautaro Martínez,ST,10,Spain,30,Simone Inzaghi's Inter 2024-25,3-5-2,2024-25,Champions League,PSG,martinez_lautaro,0.5,0.25,13
105,105,ucl_finals_lineups_2011_2025.csv,ucl_finals_lineups_2011_2025,Unknown,Champions League,psg_2025 vs inter_2025,inter_2025,Francesco Acerbi,RCB,15,Italy,30,Simone Inzaghi's Inter 2024-25,3-5-2,2024-25,Champions League,PSG,acerbi_francesco,0.6,0.79,13
105,105,ucl_finals_lineups_2011_2025.csv,ucl_finals_lineups_2011_2025,Unknown,Champions League,psg_2025 vs inter_2025,inter_2025,Hakan Çalhanoğlu,CM,20,Turkish Professional,30,Simone Inzaghi's Inter 2024-25,3-5-2,2024-25,Champions League,PSG,calhanoglu_hakan,0.5,0.25,13
105,105,ucl_finals_lineups_2011_2025.csv,ucl_finals_lineups_2011_2025,Unknown,Champions League,psg_2025 vs inter_2025,inter_2025,Henrikh Mkhitaryan,LCM,22,Tumor At Age,30,Simone Inzaghi's Inter 2024-25,3-5-2,2024-25,Champions League,PSG,mkhitaryan_henrikh,0.45,0.6,13
105,105,ucl_finals_lineups_2011_2025.csv,ucl_finals_lineups_2011_2025,Unknown,Champions League,psg_2025 vs inter_2025,inter_2025,Nicolò Barella,RCM,23,The World,30,Simone Inzaghi's Inter 2024-25,3-5-2,2024-25,Champions League,PSG,barella_nicolo,0.55,0.6,13
105,105,ucl_finals_lineups_2011_2025.csv,ucl_finals_lineups_2011_2025,Unknown,Champions League,psg_2025 vs inter_2025,inter_2025,Benjamin Pavard,CB,28,France,30,Simone Inzaghi's Inter 2024-25,3-5-2,2024-25,Champions League,PSG,pavard_benjamin,0.5,0.82,13
105,105,ucl_finals_lineups_2011_2025.csv,ucl_finals_lineups_2011_2025,Unknown,Champions League,psg_2025 vs inter_2025,inter_2025,Federico Dimarco,LB,32,Netherlands,30,Simone Inzaghi's Inter 2024-25,3-5-2,2024-25,Champions League,PSG,dimarco_federico,0.2,0.65,13
105,105,ucl_finals_lineups_2011_2025.csv,ucl_finals_lineups_2011_2025,Unknown,Champions League,psg_2025 vs inter_2025,inter_2025,Alessandro Bastoni,LCB,95,Italy,30,Simone Inzaghi's Inter 2024-25,3-5-2,2024-25,Champions League,PSG,bastoni_alessandro,0.4,0.79,13
105,105,ucl_finals_lineups_2011_2025.csv,ucl_finals_lineups_2011_2025,Unknown,Champions League,psg_2025 vs inter_2025,psg_2025,Achraf Hakimi,RB,2,Morocco,29,Luis Enrique's PSG 2024-25,4-3-3,2024-25,Champions League,Inter Milan,hakimi_achraf,0.8,0.75,13
105,105,ucl_finals_lineups_2011_2025.csv,ucl_finals_lineups_2011_2025,Unknown,Champions League,psg_2025 vs inter_2025,psg_2025,Marquinhos,RCB,5,Brazilian Professional,29,Luis Enrique's PSG 2024-25,4-3-3,2024-25,Champions League,Inter Milan,marquinhos,0.65,0.78,13
105,105,ucl_finals_lineups_2011_2025.csv,ucl_finals_lineups_2011_2025,Unknown,Champions League,psg_2025 vs inter_2025,psg_2025,João Neves,CDM,8,Portugal,29,Luis Enrique's PSG 2024-25,4-3-3,2024-25,Champions League,Inter Milan,neves_joao,0.5,0.65,13
105,105,ucl_finals_lineups_2011_2025.csv,ucl_finals_lineups_2011_2025,Unknown,Champions League,psg_2025 vs inter_2025,psg_2025,Ousmane Dembélé,RW,10,France,29,Luis Enrique's PSG 2024-25,4-3-3,2024-25,Champions League,Inter Milan,dembele_ousmane,0.8,0.3,13
105,105,ucl_finals_lineups_2011_2025.csv,ucl_finals_lineups_2011_2025,Unknown,Champions League,psg_2025 vs inter_2025,psg_2025,Willian Pacho,LCB,14,Unknown,29,Luis Enrique's PSG 2024-25,4-3-3,2024-25,Champions League,Inter Milan,pacho_willian,0.35,0.78,13
105,105,ucl_finals_lineups_2011_2025.csv,ucl_finals_lineups_2011_2025,Unknown,Champions League,psg_2025 vs inter_2025,psg_2025,Vitinha,RCM,17,Portuguese Professional,29,Luis Enrique's PSG 2024-25,4-3-3,2024-25,Champions League,Inter Milan,vitinha,0.65,0.6,13
105,105,ucl_finals_lineups_2011_2025.csv,ucl_finals_lineups_2011_2025,Unknown,Champions League,psg_2025 vs inter_2025,psg_2025,Enzo Le Fée,ST,19,French Professional,29,Luis Enrique's PSG 2024-25,4-3-3,2024-25,Champions League,Inter Milan,lefee_enzo,0.5,0.2,13
105,105,ucl_finals_lineups_2011_2025.csv,ucl_finals_lineups_2011_2025,Unknown,Champions League,psg_2025 vs inter_2025,psg_2025,Fabián Ruiz,LCM,20,Spanish Professional,29,Luis Enrique's PSG 2024-25,4-3-3,2024-25,Champions League,Inter Milan,ruiz_fabian,0.35,0.6,13
105,105,ucl_finals_lineups_2011_2025.csv,ucl_finals_lineups_2011_2025,Unknown,Champions League,psg_2025 vs inter_2025,psg_2025,Nuno Mendes,LB,25,France,29,Luis Enrique's PSG 2024-25,4-3-3,2024-25,Champions League,Inter Milan,mendes_nuno,0.2,0.75,13
105,105,ucl_finals_lineups_2011_2025.csv,ucl_finals_lineups_2011_2025,Unknown,Champions League,psg_2025 vs inter_2025,psg_2025,Khvicha Kvaratskhelia,LW,77,Georgia,29,Luis Enrique's PSG 2024-25,4-3-3,2024-25,Champions League,Inter Milan,kvaratskhelia_khvicha,0.2,0.3,13
105,105,ucl_finals_lineups_2011_2025.csv,ucl_finals_lineups_2011_2025,Unknown,Champions League,psg_2025 vs inter_2025,psg_2025,Gianluigi Donnarumma,GK,99,Italy,29,Luis Enrique's PSG 2024-25,4-3-3,2024-25,Champions League,Inter Milan,donnarumma_gianluigi,0.5,0.9,13
106,106,ucl_finals_lineups_remake.csv,ucl_finals_lineups_remake,Unknown,Champions League,ac_milan_1994 vs fc_barcelona_1994,ac_milan_1994,Sebastiano Rossi,GK,1,Italy,1,Fabio Capello's Milan 1993-94,4-4-2,1993-94,Champions League,Barcelona,rossi_sebastiano,0.5,0.95,0
106,106,ucl_finals_lineups_remake.csv,ucl_finals_lineups_remake,Unknown,Champions League,ac_milan_1994 vs fc_barcelona_1994,ac_milan_1994,Mauro Tassotti,RB,2,El Cl,1,Fabio Capello's Milan 1993-94,4-4-2,1993-94,Champions League,Barcelona,tassotti_mauro,0.85,0.8,0
106,106,ucl_finals_lineups_remake.csv,ucl_finals_lineups_remake,Unknown,Champions League,ac_milan_1994 vs fc_barcelona_1994,ac_milan_1994,Christian Panucci,LB,3,Italy,1,Fabio Capello's Milan 1993-94,4-4-2,1993-94,Champions League,Barcelona,panucci_christian,0.15,0.8,0
106,106,ucl_finals_lineups_remake.csv,ucl_finals_lineups_remake,Unknown,Champions League,ac_milan_1994 vs fc_barcelona_1994,ac_milan_1994,Demetrio Albertini,CM,4,France,1,Fabio Capello's Milan 1993-94,4-4-2,1993-94,Champions League,Barcelona,albertini_demetrio,0.45,0.65,0
106,106,ucl_finals_lineups_remake.csv,ucl_finals_lineups_remake,Unknown,Champions League,ac_milan_1994 vs fc_barcelona_1994,ac_milan_1994,Filippo Galli,CB,5,Unknown,1,Fabio Capello's Milan 1993-94,4-4-2,1993-94,Champions League,Barcelona,galli_filippo,0.35,0.86,0
106,106,ucl_finals_lineups_remake.csv,ucl_finals_lineups_remake,Unknown,Champions League,ac_milan_1994 vs fc_barcelona_1994,ac_milan_1994,Paolo Maldini,CB,6,Italy,1,Fabio Capello's Milan 1993-94,4-4-2,1993-94,Champions League,Barcelona,maldini_paolo,0.65,0.86,0
106,106,ucl_finals_lineups_remake.csv,ucl_finals_lineups_remake,Unknown,Champions League,ac_milan_1994 vs fc_barcelona_1994,ac_milan_1994,Roberto Donadoni,RW,7,France,1,Fabio Capello's Milan 1993-94,4-4-2,1993-94,Champions League,Barcelona,donadoni_roberto,0.8,0.6,0
106,106,ucl_finals_lineups_remake.csv,ucl_finals_lineups_remake,Unknown,Champions League,ac_milan_1994 vs fc_barcelona_1994,ac_milan_1994,Marcel Desailly,CDM,8,France,1,Fabio Capello's Milan 1993-94,4-4-2,1993-94,Champions League,Barcelona,desailly_marcel,0.55,0.65,0
106,106,ucl_finals_lineups_remake.csv,ucl_finals_lineups_remake,Unknown,Champions League,ac_milan_1994 vs fc_barcelona_1994,ac_milan_1994,Zvonimir Boban,LW,9,Germany,1,Fabio Capello's Milan 1993-94,4-4-2,1993-94,Champions League,Barcelona,boban_zvonimir,0.2,0.6,0
106,106,ucl_finals_lineups_remake.csv,ucl_finals_lineups_remake,Unknown,Champions League,ac_milan_1994 vs fc_barcelona_1994,ac_milan_1994,Dejan Savicevic,ST,10,France,1,Fabio Capello's Milan 1993-94,4-4-2,1993-94,Champions League,Barcelona,savicevic_dejan,0.42,0.25,0
106,106,ucl_finals_lineups_remake.csv,ucl_finals_lineups_remake,Unknown,Champions League,ac_milan_1994 vs fc_barcelona_1994,ac_milan_1994,Daniele Massaro,ST,11,Portugal,1,Fabio Capello's Milan 1993-94,4-4-2,1993-94,Champions League,Barcelona,massaro_daniele,0.58,0.25,0
106,106,ucl_finals_lineups_remake.csv,ucl_finals_lineups_remake,Unknown,Champions League,ac_milan_1994 vs fc_barcelona_1994,fc_barcelona_1994,Andoni Zubizarreta,GK,1,Spain,2,Johan Cruyff's Barcelona 1993-94,4-3-3,1993-94,Champions League,AC Milan,zubizarreta_andoni,0.5,0.95,0
106,106,ucl_finals_lineups_remake.csv,ucl_finals_lineups_remake,Unknown,Champions League,ac_milan_1994 vs fc_barcelona_1994,fc_barcelona_1994,Albert Ferrer,RB,2,Spain,2,Johan Cruyff's Barcelona 1993-94,4-3-3,1993-94,Champions League,AC Milan,ferrer_albert,0.85,0.8,0
106,106,ucl_finals_lineups_remake.csv,ucl_finals_lineups_remake,Unknown,Champions League,ac_milan_1994 vs fc_barcelona_1994,fc_barcelona_1994,Pep Guardiola,CDM,3,Italy,2,Johan Cruyff's Barcelona 1993-94,4-3-3,1993-94,Champions League,AC Milan,guardiola_pep,0.5,0.68,0
106,106,ucl_finals_lineups_remake.csv,ucl_finals_lineups_remake,Unknown,Champions League,ac_milan_1994 vs fc_barcelona_1994,fc_barcelona_1994,Ronald Koeman,CB,4,Netherlands,2,Johan Cruyff's Barcelona 1993-94,4-3-3,1993-94,Champions League,AC Milan,koeman_ronald,0.35,0.86,0
106,106,ucl_finals_lineups_remake.csv,ucl_finals_lineups_remake,Unknown,Champions League,ac_milan_1994 vs fc_barcelona_1994,fc_barcelona_1994,Miguel Angel Nadal,CB,5,Portugal,2,Johan Cruyff's Barcelona 1993-94,4-3-3,1993-94,Champions League,AC Milan,nadal_miguel_angel,0.65,0.86,0
106,106,ucl_finals_lineups_remake.csv,ucl_finals_lineups_remake,Unknown,Champions League,ac_milan_1994 vs fc_barcelona_1994,fc_barcelona_1994,Jose Mari Bakero,CM,6,Argentina,2,Johan Cruyff's Barcelona 1993-94,4-3-3,1993-94,Champions League,AC Milan,bakero_jose_mari,0.62,0.6,0
106,106,ucl_finals_lineups_remake.csv,ucl_finals_lineups_remake,Unknown,Champions League,ac_milan_1994 vs fc_barcelona_1994,fc_barcelona_1994,Sergi Barjuan,LB,7,Spanish Former Professional,2,Johan Cruyff's Barcelona 1993-94,4-3-3,1993-94,Champions League,AC Milan,barjuan_sergi,0.15,0.8,0
106,106,ucl_finals_lineups_remake.csv,ucl_finals_lineups_remake,Unknown,Champions League,ac_milan_1994 vs fc_barcelona_1994,fc_barcelona_1994,Hristo Stoichkov,LW,8,Bulgarian Former Professional,2,Johan Cruyff's Barcelona 1993-94,4-3-3,1993-94,Champions League,AC Milan,stoichkov_hristo,0.22,0.35,0
106,106,ucl_finals_lineups_remake.csv,ucl_finals_lineups_remake,Unknown,Champions League,ac_milan_1994 vs fc_barcelona_1994,fc_barcelona_1994,Guillermo Amor,CM,9,Spanish Former Professional,2,Johan Cruyff's Barcelona 1993-94,4-3-3,1993-94,Champions League,AC Milan,amor_guillermo,0.38,0.6,0
106,106,ucl_finals_lineups_remake.csv,ucl_finals_lineups_remake,Unknown,Champions League,ac_milan_1994 vs fc_barcelona_1994,fc_barcelona_1994,Romario,ST,10,"Karateka
Mario Hohn",2,Johan Cruyff's Barcelona 1993-94,4-3-3,1993-94,Champions League,AC Milan,romario,0.5,0.22,0
106,106,ucl_finals_lineups_remake.csv,ucl_finals_lineups_remake,Unknown,Champions League,ac_milan_1994 vs fc_barcelona_1994,fc_barcelona_1994,Txiki Begiristain,RW,11,Spanish Former Professional,2,Johan Cruyff's Barcelona 1993-94,4-3-3,1993-94,Champions League,AC Milan,begiristain_txiki,0.78,0.35,0
107,107,ucl_finals_lineups_subset_verified.csv,ucl_finals_lineups_subset_verified,Unknown,Champions League,ac_milan_1994 vs fc_barcelona_1994,ac_milan_1994,Sebastiano Rossi,GK,1,Italy,1,Fabio Capello's Milan 1993-94,4-4-2,1993-94,Champions League,Barcelona,rossi_sebastiano,0.5,0.95,0
107,107,ucl_finals_lineups_subset_verified.csv,ucl_finals_lineups_subset_verified,Unknown,Champions League,ac_milan_1994 vs fc_barcelona_1994,ac_milan_1994,Mauro Tassotti,RB,2,El Cl,1,Fabio Capello's Milan 1993-94,4-4-2,1993-94,Champions League,Barcelona,tassotti_mauro,0.85,0.8,0
107,107,ucl_finals_lineups_subset_verified.csv,ucl_finals_lineups_subset_verified,Unknown,Champions League,ac_milan_1994 vs fc_barcelona_1994,ac_milan_1994,Christian Panucci,LB,3,Italy,1,Fabio Capello's Milan 1993-94,4-4-2,1993-94,Champions League,Barcelona,panucci_christian,0.15,0.8,0
107,107,ucl_finals_lineups_subset_verified.csv,ucl_finals_lineups_subset_verified,Unknown,Champions League,ac_milan_1994 vs fc_barcelona_1994,ac_milan_1994,Demetrio Albertini,CM,4,France,1,Fabio Capello's Milan 1993-94,4-4-2,1993-94,Champions League,Barcelona,albertini_demetrio,0.45,0.65,0
107,107,ucl_finals_lineups_subset_verified.csv,ucl_finals_lineups_subset_verified,Unknown,Champions League,ac_milan_1994 vs fc_barcelona_1994,ac_milan_1994,Filippo Galli,CB,5,Unknown,1,Fabio Capello's Milan 1993-94,4-4-2,1993-94,Champions League,Barcelona,galli_filippo,0.35,0.86,0
107,107,ucl_finals_lineups_subset_verified.csv,ucl_finals_lineups_subset_verified,Unknown,Champions League,ac_milan_1994 vs fc_barcelona_1994,ac_milan_1994,Paolo Maldini,CB,6,Italy,1,Fabio Capello's Milan 1993-94,4-4-2,1993-94,Champions League,Barcelona,maldini_paolo,0.65,0.86,0
107,107,ucl_finals_lineups_subset_verified.csv,ucl_finals_lineups_subset_verified,Unknown,Champions League,ac_milan_1994 vs fc_barcelona_1994,ac_milan_1994,Roberto Donadoni,RW,7,France,1,Fabio Capello's Milan 1993-94,4-4-2,1993-94,Champions League,Barcelona,donadoni_roberto,0.8,0.6,0
107,107,ucl_finals_lineups_subset_verified.csv,ucl_finals_lineups_subset_verified,Unknown,Champions League,ac_milan_1994 vs fc_barcelona_1994,ac_milan_1994,Marcel Desailly,CDM,8,France,1,Fabio Capello's Milan 1993-94,4-4-2,1993-94,Champions League,Barcelona,desailly_marcel,0.55,0.65,0
107,107,ucl_finals_lineups_subset_verified.csv,ucl_finals_lineups_subset_verified,Unknown,Champions League,ac_milan_1994 vs fc_barcelona_1994,ac_milan_1994,Zvonimir Boban,ST,9,Germany,1,Fabio Capello's Milan 1993-94,4-4-2,1993-94,Champions League,Barcelona,boban_zvonimir,0.58,0.25,0
107,107,ucl_finals_lineups_subset_verified.csv,ucl_finals_lineups_subset_verified,Unknown,Champions League,ac_milan_1994 vs fc_barcelona_1994,ac_milan_1994,Dejan Savicevic,LW,10,France,1,Fabio Capello's Milan 1993-94,4-4-2,1993-94,Champions League,Barcelona,savicevic_dejan,0.2,0.6,0
107,107,ucl_finals_lineups_subset_verified.csv,ucl_finals_lineups_subset_verified,Unknown,Champions League,ac_milan_1994 vs fc_barcelona_1994,ac_milan_1994,Daniele Massaro,ST,11,Portugal,1,Fabio Capello's Milan 1993-94,4-4-2,1993-94,Champions League,Barcelona,massaro_daniele,0.42,0.25,0
107,107,ucl_finals_lineups_subset_verified.csv,ucl_finals_lineups_subset_verified,Unknown,Champions League,ac_milan_1994 vs fc_barcelona_1994,fc_barcelona_1994,Andoni Zubizarreta,GK,1,Spain,2,Johan Cruyff's Barcelona 1993-94,4-3-3,1993-94,Champions League,AC Milan,zubizarreta_andoni,0.5,0.95,0
107,107,ucl_finals_lineups_subset_verified.csv,ucl_finals_lineups_subset_verified,Unknown,Champions League,ac_milan_1994 vs fc_barcelona_1994,fc_barcelona_1994,Albert Ferrer,RB,2,Spain,2,Johan Cruyff's Barcelona 1993-94,4-3-3,1993-94,Champions League,AC Milan,ferrer_albert,0.85,0.8,0
107,107,ucl_finals_lineups_subset_verified.csv,ucl_finals_lineups_subset_verified,Unknown,Champions League,ac_milan_1994 vs fc_barcelona_1994,fc_barcelona_1994,Pep Guardiola,CDM,3,Italy,2,Johan Cruyff's Barcelona 1993-94,4-3-3,1993-94,Champions League,AC Milan,guardiola_pep,0.5,0.68,0
107,107,ucl_finals_lineups_subset_verified.csv,ucl_finals_lineups_subset_verified,Unknown,Champions League,ac_milan_1994 vs fc_barcelona_1994,fc_barcelona_1994,Ronald Koeman,CB,4,Netherlands,2,Johan Cruyff's Barcelona 1993-94,4-3-3,1993-94,Champions League,AC Milan,koeman_ronald,0.35,0.86,0
107,107,ucl_finals_lineups_subset_verified.csv,ucl_finals_lineups_subset_verified,Unknown,Champions League,ac_milan_1994 vs fc_barcelona_1994,fc_barcelona_1994,Miguel Angel Nadal,CB,5,Portugal,2,Johan Cruyff's Barcelona 1993-94,4-3-3,1993-94,Champions League,AC Milan,nadal_miguel_angel,0.65,0.86,0
107,107,ucl_finals_lineups_subset_verified.csv,ucl_finals_lineups_subset_verified,Unknown,Champions League,ac_milan_1994 vs fc_barcelona_1994,fc_barcelona_1994,Jose Mari Bakero,CM,6,Argentina,2,Johan Cruyff's Barcelona 1993-94,4-3-3,1993-94,Champions League,AC Milan,bakero_jose_mari,0.62,0.6,0
107,107,ucl_finals_lineups_subset_verified.csv,ucl_finals_lineups_subset_verified,Unknown,Champions League,ac_milan_1994 vs fc_barcelona_1994,fc_barcelona_1994,Sergi Barjuan,LB,7,Spanish Former Professional,2,Johan Cruyff's Barcelona 1993-94,4-3-3,1993-94,Champions League,AC Milan,barjuan_sergi,0.15,0.8,0
107,107,ucl_finals_lineups_subset_verified.csv,ucl_finals_lineups_subset_verified,Unknown,Champions League,ac_milan_1994 vs fc_barcelona_1994,fc_barcelona_1994,Hristo Stoichkov,LW,8,Bulgarian Former Professional,2,Johan Cruyff's Barcelona 1993-94,4-3-3,1993-94,Champions League,AC Milan,stoichkov_hristo,0.22,0.35,0
107,107,ucl_finals_lineups_subset_verified.csv,ucl_finals_lineups_subset_verified,Unknown,Champions League,ac_milan_1994 vs fc_barcelona_1994,fc_barcelona_1994,Guillermo Amor,CM,9,Spanish Former Professional,2,Johan Cruyff's Barcelona 1993-94,4-3-3,1993-94,Champions League,AC Milan,amor_guillermo,0.38,0.6,0
107,107,ucl_finals_lineups_subset_verified.csv,ucl_finals_lineups_subset_verified,Unknown,Champions League,ac_milan_1994 vs fc_barcelona_1994,fc_barcelona_1994,Romario,ST,10,"Karateka
Mario Hohn",2,Johan Cruyff's Barcelona 1993-94,4-3-3,1993-94,Champions League,AC Milan,romario,0.5,0.22,0
107,107,ucl_finals_lineups_subset_verified.csv,ucl_finals_lineups_subset_verified,Unknown,Champions League,ac_milan_1994 vs fc_barcelona_1994,fc_barcelona_1994,Txiki Begiristain,RW,11,Spanish Former Professional,2,Johan Cruyff's Barcelona 1993-94,4-3-3,1993-94,Champions League,AC Milan,begiristain_txiki,0.78,0.35,0
108,108,ucl_finals_lineups_subset_verified.csv,ucl_finals_lineups_subset_verified,Unknown,Champions League,juventus_1996 vs ajax_1996,ajax_1996,Edwin van der Sar,GK,1,Netherlands,4,Louis van Gaal's Ajax 1995-96,4-3-3,1995-96,Champions League,Juventus,sar_edwin_van_der,0.5,0.95,1
108,108,ucl_finals_lineups_subset_verified.csv,ucl_finals_lineups_subset_verified,Unknown,Champions League,juventus_1996 vs ajax_1996,ajax_1996,Michael Reiziger,RB,2,Netherlands,4,Louis van Gaal's Ajax 1995-96,4-3-3,1995-96,Champions League,Juventus,reiziger_michael,0.85,0.8,1
108,108,ucl_finals_lineups_subset_verified.csv,ucl_finals_lineups_subset_verified,Unknown,Champions League,juventus_1996 vs ajax_1996,ajax_1996,Danny Blind,CB,3,Netherlands,4,Louis van Gaal's Ajax 1995-96,4-3-3,1995-96,Champions League,Juventus,blind_danny,0.65,0.86,1
108,108,ucl_finals_lineups_subset_verified.csv,ucl_finals_lineups_subset_verified,Unknown,Champions League,juventus_1996 vs ajax_1996,ajax_1996,Frank de Boer,CB,4,Netherlands,4,Louis van Gaal's Ajax 1995-96,4-3-3,1995-96,Champions League,Juventus,boer_frank_de,0.35,0.86,1
108,108,ucl_finals_lineups_subset_verified.csv,ucl_finals_lineups_subset_verified,Unknown,Champions League,juventus_1996 vs ajax_1996,ajax_1996,Winston Bogarde,LB,5,Netherlands,4,Louis van Gaal's Ajax 1995-96,4-3-3,1995-96,Champions League,Juventus,bogarde_winston,0.15,0.8,1
108,108,ucl_finals_lineups_subset_verified.csv,ucl_finals_lineups_subset_verified,Unknown,Champions League,juventus_1996 vs ajax_1996,ajax_1996,Ronald de Boer,CM,6,France,4,Louis van Gaal's Ajax 1995-96,4-3-3,1995-96,Champions League,Juventus,boer_ronald_de,0.62,0.6,1
108,108,ucl_finals_lineups_subset_verified.csv,ucl_finals_lineups_subset_verified,Unknown,Champions League,juventus_1996 vs ajax_1996,ajax_1996,Finidi George,RW,7,Nigeria,4,Louis van Gaal's Ajax 1995-96,4-3-3,1995-96,Champions League,Juventus,george_finidi,0.78,0.35,1
108,108,ucl_finals_lineups_subset_verified.csv,ucl_finals_lineups_subset_verified,Unknown,Champions League,juventus_1996 vs ajax_1996,ajax_1996,Edgar Davids,CDM,8,Netherlands,4,Louis van Gaal's Ajax 1995-96,4-3-3,1995-96,Champions League,Juventus,davids_edgar,0.5,0.68,1
108,108,ucl_finals_lineups_subset_verified.csv,ucl_finals_lineups_subset_verified,Unknown,Champions League,juventus_1996 vs ajax_1996,ajax_1996,Patrick Kluivert,ST,9,Netherlands,4,Louis van Gaal's Ajax 1995-96,4-3-3,1995-96,Champions League,Juventus,kluivert_patrick,0.5,0.22,1
108,108,ucl_finals_lineups_subset_verified.csv,ucl_finals_lineups_subset_verified,Unknown,Champions League,juventus_1996 vs ajax_1996,ajax_1996,Jari Litmanen,CM,10,Finland,4,Louis van Gaal's Ajax 1995-96,4-3-3,1995-96,Champions League,Juventus,litmanen_jari,0.38,0.6,1
108,108,ucl_finals_lineups_subset_verified.csv,ucl_finals_lineups_subset_verified,Unknown,Champions League,juventus_1996 vs ajax_1996,ajax_1996,Marc Overmars,LW,11,Netherlands,4,Louis van Gaal's Ajax 1995-96,4-3-3,1995-96,Champions League,Juventus,overmars_marc,0.22,0.35,1
108,108,ucl_finals_lineups_subset_verified.csv,ucl_finals_lineups_subset_verified,Unknown,Champions League,juventus_1996 vs ajax_1996,juventus_1996,Angelo Peruzzi,GK,1,Italy,3,Marcello Lippi's Juventus 1995-96,4-4-2,1995-96,Champions League,Ajax,peruzzi_angelo,0.5,0.95,1
108,108,ucl_finals_lineups_subset_verified.csv,ucl_finals_lineups_subset_verified,Unknown,Champions League,juventus_1996 vs ajax_1996,juventus_1996,Torricelli,RB,2,Italy,3,Marcello Lippi's Juventus 1995-96,4-4-2,1995-96,Champions League,Ajax,torricelli,0.85,0.8,1
108,108,ucl_finals_lineups_subset_verified.csv,ucl_finals_lineups_subset_verified,Unknown,Champions League,juventus_1996 vs ajax_1996,juventus_1996,Pietro Vierchowod,CB,3,Since,3,Marcello Lippi's Juventus 1995-96,4-4-2,1995-96,Champions League,Ajax,vierchowod_pietro,0.65,0.86,1
108,108,ucl_finals_lineups_subset_verified.csv,ucl_finals_lineups_subset_verified,Unknown,Champions League,juventus_1996 vs ajax_1996,juventus_1996,Didier Deschamps,CM,4,France,3,Marcello Lippi's Juventus 1995-96,4-4-2,1995-96,Champions League,Ajax,deschamps_didier,0.45,0.65,1
108,108,ucl_finals_lineups_subset_verified.csv,ucl_finals_lineups_subset_verified,Unknown,Champions League,juventus_1996 vs ajax_1996,juventus_1996,Ciro Ferrara,CB,5,Italy,3,Marcello Lippi's Juventus 1995-96,4-4-2,1995-96,Champions League,Ajax,ferrara_ciro,0.35,0.86,1
108,108,ucl_finals_lineups_subset_verified.csv,ucl_finals_lineups_subset_verified,Unknown,Champions League,juventus_1996 vs ajax_1996,juventus_1996,Paulo Sousa,CM,6,Portugal,3,Marcello Lippi's Juventus 1995-96,4-4-2,1995-96,Champions League,Ajax,sousa_paulo,0.55,0.65,1
108,108,ucl_finals_lineups_subset_verified.csv,ucl_finals_lineups_subset_verified,Unknown,Champions League,juventus_1996 vs ajax_1996,juventus_1996,Gianluca Pessotto,LB,7,Unknown,3,Marcello Lippi's Juventus 1995-96,4-4-2,1995-96,Champions League,Ajax,pessotto_gianluca,0.15,0.8,1
108,108,ucl_finals_lineups_subset_verified.csv,ucl_finals_lineups_subset_verified,Unknown,Champions League,juventus_1996 vs ajax_1996,juventus_1996,Alessio Tacchinardi,LW,7,Italy,3,Marcello Lippi's Juventus 1995-96,4-4-2,1995-96,Champions League,Ajax,tacchinardi_alessio,0.2,0.6,1
108,108,ucl_finals_lineups_subset_verified.csv,ucl_finals_lineups_subset_verified,Unknown,Champions League,juventus_1996 vs ajax_1996,juventus_1996,Antonio Conte,RW,8,Italy,3,Marcello Lippi's Juventus 1995-96,4-4-2,1995-96,Champions League,Ajax,conte_antonio,0.8,0.6,1
108,108,ucl_finals_lineups_subset_verified.csv,ucl_finals_lineups_subset_verified,Unknown,Champions League,juventus_1996 vs ajax_1996,juventus_1996,Gianluca Vialli,ST,9,The Sw,3,Marcello Lippi's Juventus 1995-96,4-4-2,1995-96,Champions League,Ajax,vialli_gianluca,0.42,0.25,1
108,108,ucl_finals_lineups_subset_verified.csv,ucl_finals_lineups_subset_verified,Unknown,Champions League,juventus_1996 vs ajax_1996,juventus_1996,Fabrizio Ravanelli,ST,11,Netherlands,3,Marcello Lippi's Juventus 1995-96,4-4-2,1995-96,Champions League,Ajax,ravanelli_fabrizio,0.58,0.25,1
109,109,ucl_finals_lineups_subset_verified.csv,ucl_finals_lineups_subset_verified,Unknown,Champions League,man_utd_1999 vs bayern_1999,bayern_1999,Oliver Kahn,GK,1,Germany,6,Ottmar Hitzfeld's Bayern 1998-99,5-4-1,1998-99,Champions League,Manchester United,kahn_oliver,0.5,0.95,2
109,109,ucl_finals_lineups_subset_verified.csv,ucl_finals_lineups_subset_verified,Unknown,Champions League,man_utd_1999 vs bayern_1999,bayern_1999,Markus Babbel,RB,2,Mauritius,6,Ottmar Hitzfeld's Bayern 1998-99,5-4-1,1998-99,Champions League,Manchester United,babbel_markus,0.88,0.8,2
109,109,ucl_finals_lineups_subset_verified.csv,ucl_finals_lineups_subset_verified,Unknown,Champions League,man_utd_1999 vs bayern_1999,bayern_1999,Samuel Kuffour,CB,4,Ghana,6,Ottmar Hitzfeld's Bayern 1998-99,5-4-1,1998-99,Champions League,Manchester United,kuffour_samuel,0.5,0.89,2
109,109,ucl_finals_lineups_subset_verified.csv,ucl_finals_lineups_subset_verified,Unknown,Champions League,man_utd_1999 vs bayern_1999,bayern_1999,Lothar Matthaus,CB,10,The Ballon D,6,Ottmar Hitzfeld's Bayern 1998-99,5-4-1,1998-99,Champions League,Manchester United,matthaus_lothar,0.3,0.86,2
109,109,ucl_finals_lineups_subset_verified.csv,ucl_finals_lineups_subset_verified,Unknown,Champions League,man_utd_1999 vs bayern_1999,bayern_1999,Stefan Effenberg,CM,11,Germany,6,Ottmar Hitzfeld's Bayern 1998-99,5-4-1,1998-99,Champions League,Manchester United,effenberg_stefan,0.55,0.65,2
109,109,ucl_finals_lineups_subset_verified.csv,ucl_finals_lineups_subset_verified,Unknown,Champions League,man_utd_1999 vs bayern_1999,bayern_1999,Mario Basler,RW,14,The Bundesliga With,6,Ottmar Hitzfeld's Bayern 1998-99,5-4-1,1998-99,Champions League,Manchester United,basler_mario,0.8,0.6,2
109,109,ucl_finals_lineups_subset_verified.csv,ucl_finals_lineups_subset_verified,Unknown,Champions League,man_utd_1999 vs bayern_1999,bayern_1999,Jens Jeremies,CM,16,Germany,6,Ottmar Hitzfeld's Bayern 1998-99,5-4-1,1998-99,Champions League,Manchester United,jeremies_jens,0.45,0.65,2
109,109,ucl_finals_lineups_subset_verified.csv,ucl_finals_lineups_subset_verified,Unknown,Champions League,man_utd_1999 vs bayern_1999,bayern_1999,Michael Tarnat,LB,18,Germany,6,Ottmar Hitzfeld's Bayern 1998-99,5-4-1,1998-99,Champions League,Manchester United,tarnat_michael,0.12,0.8,2
109,109,ucl_finals_lineups_subset_verified.csv,ucl_finals_lineups_subset_verified,Unknown,Champions League,man_utd_1999 vs bayern_1999,bayern_1999,Carsten Jancker,ST,19,Unknown,6,Ottmar Hitzfeld's Bayern 1998-99,5-4-1,1998-99,Champions League,Manchester United,jancker_carsten,0.5,0.22,2
109,109,ucl_finals_lineups_subset_verified.csv,ucl_finals_lineups_subset_verified,Unknown,Champions League,man_utd_1999 vs bayern_1999,bayern_1999,Alexander Zickler,LW,21,Germany,6,Ottmar Hitzfeld's Bayern 1998-99,5-4-1,1998-99,Champions League,Manchester United,zickler_alexander,0.2,0.6,2
109,109,ucl_finals_lineups_subset_verified.csv,ucl_finals_lineups_subset_verified,Unknown,Champions League,man_utd_1999 vs bayern_1999,bayern_1999,Thomas Linke,CB,25,France,6,Ottmar Hitzfeld's Bayern 1998-99,5-4-1,1998-99,Champions League,Manchester United,linke_thomas,0.7,0.86,2
109,109,ucl_finals_lineups_subset_verified.csv,ucl_finals_lineups_subset_verified,Unknown,Champions League,man_utd_1999 vs bayern_1999,man_utd_1999,Peter Schmeichel,GK,1,Denmark,5,Sir Alex Ferguson's Man United 1998-99,4-4-2,1998-99,Champions League,Bayern Munich,schmeichel_peter,0.5,0.95,2
109,109,ucl_finals_lineups_subset_verified.csv,ucl_finals_lineups_subset_verified,Unknown,Champions League,man_utd_1999 vs bayern_1999,man_utd_1999,Gary Neville,RB,2,England,5,Sir Alex Ferguson's Man United 1998-99,4-4-2,1998-99,Champions League,Bayern Munich,neville_gary,0.85,0.8,2
109,109,ucl_finals_lineups_subset_verified.csv,ucl_finals_lineups_subset_verified,Unknown,Champions League,man_utd_1999 vs bayern_1999,man_utd_1999,Denis Irwin,LB,3,Ireland,5,Sir Alex Ferguson's Man United 1998-99,4-4-2,1998-99,Champions League,Bayern Munich,irwin_denis,0.15,0.8,2
109,109,ucl_finals_lineups_subset_verified.csv,ucl_finals_lineups_subset_verified,Unknown,Champions League,man_utd_1999 vs bayern_1999,man_utd_1999,Ronny Johnsen,CB,5,Netherlands,5,Sir Alex Ferguson's Man United 1998-99,4-4-2,1998-99,Champions League,Bayern Munich,johnsen_ronny,0.35,0.86,2
109,109,ucl_finals_lineups_subset_verified.csv,ucl_finals_lineups_subset_verified,Unknown,Champions League,man_utd_1999 vs bayern_1999,man_utd_1999,Jaap Stam,CB,6,Netherlands,5,Sir Alex Ferguson's Man United 1998-99,4-4-2,1998-99,Champions League,Bayern Munich,stam_jaap,0.65,0.86,2
109,109,ucl_finals_lineups_subset_verified.csv,ucl_finals_lineups_subset_verified,Unknown,Champions League,man_utd_1999 vs bayern_1999,man_utd_1999,David Beckham,RW,7,England,5,Sir Alex Ferguson's Man United 1998-99,4-4-2,1998-99,Champions League,Bayern Munich,beckham_david,0.8,0.6,2
109,109,ucl_finals_lineups_subset_verified.csv,ucl_finals_lineups_subset_verified,Unknown,Champions League,man_utd_1999 vs bayern_1999,man_utd_1999,Nicky Butt,CM,8,England,5,Sir Alex Ferguson's Man United 1998-99,4-4-2,1998-99,Champions League,Bayern Munich,butt_nicky,0.45,0.65,2
109,109,ucl_finals_lineups_subset_verified.csv,ucl_finals_lineups_subset_verified,Unknown,Champions League,man_utd_1999 vs bayern_1999,man_utd_1999,Andy Cole,ST,9,England,5,Sir Alex Ferguson's Man United 1998-99,4-4-2,1998-99,Champions League,Bayern Munich,cole_andy,0.58,0.25,2
109,109,ucl_finals_lineups_subset_verified.csv,ucl_finals_lineups_subset_verified,Unknown,Champions League,man_utd_1999 vs bayern_1999,man_utd_1999,Ryan Giggs,LW,11,Wales,5,Sir Alex Ferguson's Man United 1998-99,4-4-2,1998-99,Champions League,Bayern Munich,giggs_ryan,0.2,0.6,2
109,109,ucl_finals_lineups_subset_verified.csv,ucl_finals_lineups_subset_verified,Unknown,Champions League,man_utd_1999 vs bayern_1999,man_utd_1999,Jesper Blomqvist,CM,15,Swedish Former Professional,5,Sir Alex Ferguson's Man United 1998-99,4-4-2,1998-99,Champions League,Bayern Munich,blomqvist_jesper,0.55,0.65,2
109,109,ucl_finals_lineups_subset_verified.csv,ucl_finals_lineups_subset_verified,Unknown,Champions League,man_utd_1999 vs bayern_1999,man_utd_1999,Dwight Yorke,ST,19,Trinidad & Tobago,5,Sir Alex Ferguson's Man United 1998-99,4-4-2,1998-99,Champions League,Bayern Munich,yorke_dwight,0.42,0.25,2
110,110,ucl_finals_lineups_subset_verified.csv,ucl_finals_lineups_subset_verified,Unknown,Champions League,real_madrid_2000 vs valencia_2000,real_madrid_2000,Michel Salgado,RW,2,France,7,Vicente del Bosque's Real Madrid 1999-00,3-4-3,1999-00,Champions League,Valencia,salgado_michel,0.0,0.0,3
110,110,ucl_finals_lineups_subset_verified.csv,ucl_finals_lineups_subset_verified,Unknown,Champions League,real_madrid_2000 vs valencia_2000,real_madrid_2000,Roberto Carlos,LW,3,Brazil,7,Vicente del Bosque's Real Madrid 1999-00,3-4-3,1999-00,Champions League,Valencia,carlos_roberto,0.0,0.0,3
110,110,ucl_finals_lineups_subset_verified.csv,ucl_finals_lineups_subset_verified,Unknown,Champions League,real_madrid_2000 vs valencia_2000,real_madrid_2000,Fernando Redondo,CM,6,Portugal,7,Vicente del Bosque's Real Madrid 1999-00,3-4-3,1999-00,Champions League,Valencia,redondo_fernando,0.0,0.0,3
110,110,ucl_finals_lineups_subset_verified.csv,ucl_finals_lineups_subset_verified,Unknown,Champions League,real_madrid_2000 vs valencia_2000,real_madrid_2000,Raul Gonzalez,RW,7,Spain,7,Vicente del Bosque's Real Madrid 1999-00,3-4-3,1999-00,Champions League,Valencia,gonzalez_raul,0.0,0.0,3
110,110,ucl_finals_lineups_subset_verified.csv,ucl_finals_lineups_subset_verified,Unknown,Champions League,real_madrid_2000 vs valencia_2000,real_madrid_2000,Steve McManaman,CM,8,Netherlands,7,Vicente del Bosque's Real Madrid 1999-00,3-4-3,1999-00,Champions League,Valencia,mcmanaman_steve,0.0,0.0,3
110,110,ucl_finals_lineups_subset_verified.csv,ucl_finals_lineups_subset_verified,Unknown,Champions League,real_madrid_2000 vs valencia_2000,real_madrid_2000,Fernando Morientes,ST,9,Spain,7,Vicente del Bosque's Real Madrid 1999-00,3-4-3,1999-00,Champions League,Valencia,morientes_fernando,0.0,0.0,3
110,110,ucl_finals_lineups_subset_verified.csv,ucl_finals_lineups_subset_verified,Unknown,Champions League,real_madrid_2000 vs valencia_2000,real_madrid_2000,Ivan Campo,CB,12,Netherlands,7,Vicente del Bosque's Real Madrid 1999-00,3-4-3,1999-00,Champions League,Valencia,campo_ivan,0.0,0.0,3
110,110,ucl_finals_lineups_subset_verified.csv,ucl_finals_lineups_subset_verified,Unknown,Champions League,real_madrid_2000 vs valencia_2000,real_madrid_2000,Ivan Helguera,CB,15,Netherlands,7,Vicente del Bosque's Real Madrid 1999-00,3-4-3,1999-00,Champions League,Valencia,helguera_ivan,0.0,0.0,3
110,110,ucl_finals_lineups_subset_verified.csv,ucl_finals_lineups_subset_verified,Unknown,Champions League,real_madrid_2000 vs valencia_2000,real_madrid_2000,Aitor Karanka,CB,18,Spain,7,Vicente del Bosque's Real Madrid 1999-00,3-4-3,1999-00,Champions League,Valencia,karanka_aitor,0.0,0.0,3
110,110,ucl_finals_lineups_subset_verified.csv,ucl_finals_lineups_subset_verified,Unknown,Champions League,real_madrid_2000 vs valencia_2000,real_madrid_2000,Nicolas Anelka,LW,19,France,7,Vicente del Bosque's Real Madrid 1999-00,3-4-3,1999-00,Champions League,Valencia,anelka_nicolas,0.0,0.0,3
110,110,ucl_finals_lineups_subset_verified.csv,ucl_finals_lineups_subset_verified,Unknown,Champions League,real_madrid_2000 vs valencia_2000,real_madrid_2000,Iker Casillas,GK,27,Spain,7,Vicente del Bosque's Real Madrid 1999-00,3-4-3,1999-00,Champions League,Valencia,casillas_iker,0.0,0.0,3
110,110,ucl_finals_lineups_subset_verified.csv,ucl_finals_lineups_subset_verified,Unknown,Champions League,real_madrid_2000 vs valencia_2000,valencia_2000,Santiago Canizares,GK,1,Portugal,8,Héctor Cúper's Valencia 1999-00,4-4-2,1999-00,Champions League,Real Madrid,canizares_santiago,0.5,0.95,3
110,110,ucl_finals_lineups_subset_verified.csv,ucl_finals_lineups_subset_verified,Unknown,Champions League,real_madrid_2000 vs valencia_2000,valencia_2000,Mauricio Pellegrino,CB,2,Argentina,8,Héctor Cúper's Valencia 1999-00,4-4-2,1999-00,Champions League,Real Madrid,pellegrino_mauricio,0.35,0.86,3
110,110,ucl_finals_lineups_subset_verified.csv,ucl_finals_lineups_subset_verified,Unknown,Champions League,real_madrid_2000 vs valencia_2000,valencia_2000,Miroslav Djukic,CB,5,"Football Player
Miroslav",8,Héctor Cúper's Valencia 1999-00,4-4-2,1999-00,Champions League,Real Madrid,djukic_miroslav,0.65,0.86,3
110,110,ucl_finals_lineups_subset_verified.csv,ucl_finals_lineups_subset_verified,Unknown,Champions League,real_madrid_2000 vs valencia_2000,valencia_2000,Gaizka Mendieta,CM,6,Spain,8,Héctor Cúper's Valencia 1999-00,4-4-2,1999-00,Champions League,Real Madrid,mendieta_gaizka,0.45,0.65,3
110,110,ucl_finals_lineups_subset_verified.csv,ucl_finals_lineups_subset_verified,Unknown,Champions League,real_madrid_2000 vs valencia_2000,valencia_2000,Claudio Lopez,ST,7,Spain,8,Héctor Cúper's Valencia 1999-00,4-4-2,1999-00,Champions League,Real Madrid,lopez_claudio,0.42,0.25,3
110,110,ucl_finals_lineups_subset_verified.csv,ucl_finals_lineups_subset_verified,Unknown,Champions League,real_madrid_2000 vs valencia_2000,valencia_2000,Javier Farinos,CM,8,Argentina,8,Héctor Cúper's Valencia 1999-00,4-4-2,1999-00,Champions League,Real Madrid,farinos_javier,0.55,0.65,3
110,110,ucl_finals_lineups_subset_verified.csv,ucl_finals_lineups_subset_verified,Unknown,Champions League,real_madrid_2000 vs valencia_2000,valencia_2000,Miguel Angel Angulo,ST,10,Spain,8,Héctor Cúper's Valencia 1999-00,4-4-2,1999-00,Champions League,Real Madrid,angulo_miguel_angel,0.58,0.25,3
110,110,ucl_finals_lineups_subset_verified.csv,ucl_finals_lineups_subset_verified,Unknown,Champions League,real_madrid_2000 vs valencia_2000,valencia_2000,Gerard,RW,14,France,8,Héctor Cúper's Valencia 1999-00,4-4-2,1999-00,Champions League,Real Madrid,gerard,0.8,0.6,3
110,110,ucl_finals_lineups_subset_verified.csv,ucl_finals_lineups_subset_verified,Unknown,Champions League,real_madrid_2000 vs valencia_2000,valencia_2000,Kily Gonzalez,LW,18,Spain,8,Héctor Cúper's Valencia 1999-00,4-4-2,1999-00,Champions League,Real Madrid,gonzalez_kily,0.2,0.6,3
110,110,ucl_finals_lineups_subset_verified.csv,ucl_finals_lineups_subset_verified,Unknown,Champions League,real_madrid_2000 vs valencia_2000,valencia_2000,Jocelyn Angloma,RB,20,Guadeloupe,8,Héctor Cúper's Valencia 1999-00,4-4-2,1999-00,Champions League,Real Madrid,angloma_jocelyn,0.85,0.8,3
110,110,ucl_finals_lineups_subset_verified.csv,ucl_finals_lineups_subset_verified,Unknown,Champions League,real_madrid_2000 vs valencia_2000,valencia_2000,Gerardo Garcia Leon,LB,31,Spain,8,Héctor Cúper's Valencia 1999-00,4-4-2,1999-00,Champions League,Real Madrid,leon_gerardo_garcia,0.15,0.8,3
111,111,ucl_finals_lineups_subset_verified.csv,ucl_finals_lineups_subset_verified,Unknown,Champions League,real_madrid_2002 vs bayer_leverkusen_2002,bayer_leverkusen_2002,Hans-Jorg Butt,GK,1,Germany,10,Klaus Toppmöller's Bayer Leverkusen 2001-02,4-2-3-1,2001-02,Champions League,Real Madrid,butt_hans-jorg,0.5,0.95,4
111,111,ucl_finals_lineups_subset_verified.csv,ucl_finals_lineups_subset_verified,Unknown,Champions League,real_madrid_2002 vs bayer_leverkusen_2002,bayer_leverkusen_2002,Jurgen Kohler,CB,6,German Former Professional,10,Klaus Toppmöller's Bayer Leverkusen 2001-02,4-2-3-1,2001-02,Champions League,Real Madrid,kohler_jurgen,0.35,0.86,4
111,111,ucl_finals_lineups_subset_verified.csv,ucl_finals_lineups_subset_verified,Unknown,Champions League,real_madrid_2002 vs bayer_leverkusen_2002,bayer_leverkusen_2002,Yildiray Basturk,CAM,10,Italy,10,Klaus Toppmöller's Bayer Leverkusen 2001-02,4-2-3-1,2001-02,Champions League,Real Madrid,basturk_yildiray,0.5,0.52,4
111,111,ucl_finals_lineups_subset_verified.csv,ucl_finals_lineups_subset_verified,Unknown,Champions League,real_madrid_2002 vs bayer_leverkusen_2002,bayer_leverkusen_2002,Michael Ballack,CM,13,Germany,10,Klaus Toppmöller's Bayer Leverkusen 2001-02,4-2-3-1,2001-02,Champions League,Real Madrid,ballack_michael,0.56,0.7,4
111,111,ucl_finals_lineups_subset_verified.csv,ucl_finals_lineups_subset_verified,Unknown,Champions League,real_madrid_2002 vs bayer_leverkusen_2002,bayer_leverkusen_2002,Lucio,CB,19,Brazil,10,Klaus Toppmöller's Bayer Leverkusen 2001-02,4-2-3-1,2001-02,Champions League,Real Madrid,lucio,0.65,0.86,4
111,111,ucl_finals_lineups_subset_verified.csv,ucl_finals_lineups_subset_verified,Unknown,Champions League,real_madrid_2002 vs bayer_leverkusen_2002,bayer_leverkusen_2002,Thomas Brdaric,ST,23,France,10,Klaus Toppmöller's Bayer Leverkusen 2001-02,4-2-3-1,2001-02,Champions League,Real Madrid,brdaric_thomas,0.5,0.25,4
111,111,ucl_finals_lineups_subset_verified.csv,ucl_finals_lineups_subset_verified,Unknown,Champions League,real_madrid_2002 vs bayer_leverkusen_2002,bayer_leverkusen_2002,Bernd Schneider,RW,25,Germany,10,Klaus Toppmöller's Bayer Leverkusen 2001-02,4-2-3-1,2001-02,Champions League,Real Madrid,schneider_bernd,0.78,0.45,4
111,111,ucl_finals_lineups_subset_verified.csv,ucl_finals_lineups_subset_verified,Unknown,Champions League,real_madrid_2002 vs bayer_leverkusen_2002,bayer_leverkusen_2002,Zoltan Sebescen,RB,26,German Former Professional,10,Klaus Toppmöller's Bayer Leverkusen 2001-02,4-2-3-1,2001-02,Champions League,Real Madrid,sebescen_zoltan,0.85,0.8,4
111,111,ucl_finals_lineups_subset_verified.csv,ucl_finals_lineups_subset_verified,Unknown,Champions League,real_madrid_2002 vs bayer_leverkusen_2002,bayer_leverkusen_2002,Oliver Neuville,LW,27,Unknown,10,Klaus Toppmöller's Bayer Leverkusen 2001-02,4-2-3-1,2001-02,Champions League,Real Madrid,neuville_oliver,0.22,0.45,4
111,111,ucl_finals_lineups_subset_verified.csv,ucl_finals_lineups_subset_verified,Unknown,Champions League,real_madrid_2002 vs bayer_leverkusen_2002,bayer_leverkusen_2002,Carsten Ramelow,CDM,28,German Former Professional,10,Klaus Toppmöller's Bayer Leverkusen 2001-02,4-2-3-1,2001-02,Champions League,Real Madrid,ramelow_carsten,0.44,0.7,4
111,111,ucl_finals_lineups_subset_verified.csv,ucl_finals_lineups_subset_verified,Unknown,Champions League,real_madrid_2002 vs bayer_leverkusen_2002,bayer_leverkusen_2002,Diego Placente,LB,35,Italy,10,Klaus Toppmöller's Bayer Leverkusen 2001-02,4-2-3-1,2001-02,Champions League,Real Madrid,placente_diego,0.15,0.8,4
111,111,ucl_finals_lineups_subset_verified.csv,ucl_finals_lineups_subset_verified,Unknown,Champions League,real_madrid_2002 vs bayer_leverkusen_2002,real_madrid_2002,Michel Salgado,RB,2,France,9,Vicente del Bosque's Real Madrid 2001-02,4-4-2,2001-02,Champions League,Bayer Leverkusen,salgado_michel,0.85,0.8,4
111,111,ucl_finals_lineups_subset_verified.csv,ucl_finals_lineups_subset_verified,Unknown,Champions League,real_madrid_2002 vs bayer_leverkusen_2002,real_madrid_2002,Roberto Carlos,LB,3,Brazil,9,Vicente del Bosque's Real Madrid 2001-02,4-4-2,2001-02,Champions League,Bayer Leverkusen,carlos_roberto,0.15,0.8,4
111,111,ucl_finals_lineups_subset_verified.csv,ucl_finals_lineups_subset_verified,Unknown,Champions League,real_madrid_2002 vs bayer_leverkusen_2002,real_madrid_2002,Fernando Hierro,CB,4,Portugal,9,Vicente del Bosque's Real Madrid 2001-02,4-4-2,2001-02,Champions League,Bayer Leverkusen,hierro_fernando,0.35,0.86,4
111,111,ucl_finals_lineups_subset_verified.csv,ucl_finals_lineups_subset_verified,Unknown,Champions League,real_madrid_2002 vs bayer_leverkusen_2002,real_madrid_2002,Zinedine Zidane,CM,5,France,9,Vicente del Bosque's Real Madrid 2001-02,4-4-2,2001-02,Champions League,Bayer Leverkusen,zidane_zinedine,0.45,0.65,4
111,111,ucl_finals_lineups_subset_verified.csv,ucl_finals_lineups_subset_verified,Unknown,Champions League,real_madrid_2002 vs bayer_leverkusen_2002,real_madrid_2002,Ivan Helguera,CB,6,Netherlands,9,Vicente del Bosque's Real Madrid 2001-02,4-4-2,2001-02,Champions League,Bayer Leverkusen,helguera_ivan,0.65,0.86,4
111,111,ucl_finals_lineups_subset_verified.csv,ucl_finals_lineups_subset_verified,Unknown,Champions League,real_madrid_2002 vs bayer_leverkusen_2002,real_madrid_2002,Raul Gonzalez,ST,7,Spain,9,Vicente del Bosque's Real Madrid 2001-02,4-4-2,2001-02,Champions League,Bayer Leverkusen,gonzalez_raul,0.42,0.25,4
111,111,ucl_finals_lineups_subset_verified.csv,ucl_finals_lineups_subset_verified,Unknown,Champions League,real_madrid_2002 vs bayer_leverkusen_2002,real_madrid_2002,Fernando Morientes,ST,9,Spain,9,Vicente del Bosque's Real Madrid 2001-02,4-4-2,2001-02,Champions League,Bayer Leverkusen,morientes_fernando,0.58,0.25,4
111,111,ucl_finals_lineups_subset_verified.csv,ucl_finals_lineups_subset_verified,Unknown,Champions League,real_madrid_2002 vs bayer_leverkusen_2002,real_madrid_2002,Luis Figo,RW,10,Portugal,9,Vicente del Bosque's Real Madrid 2001-02,4-4-2,2001-02,Champions League,Bayer Leverkusen,figo_luis,0.8,0.6,4
111,111,ucl_finals_lineups_subset_verified.csv,ucl_finals_lineups_subset_verified,Unknown,Champions League,real_madrid_2002 vs bayer_leverkusen_2002,real_madrid_2002,Cesar Sanchez,GK,13,Spain,9,Vicente del Bosque's Real Madrid 2001-02,4-4-2,2001-02,Champions League,Bayer Leverkusen,sanchez_cesar,0.5,0.95,4
111,111,ucl_finals_lineups_subset_verified.csv,ucl_finals_lineups_subset_verified,Unknown,Champions League,real_madrid_2002 vs bayer_leverkusen_2002,real_madrid_2002,Santiago Solari,LW,21,Unknown,9,Vicente del Bosque's Real Madrid 2001-02,4-4-2,2001-02,Champions League,Bayer Leverkusen,solari_santiago,0.2,0.6,4
111,111,ucl_finals_lineups_subset_verified.csv,ucl_finals_lineups_subset_verified,Unknown,Champions League,real_madrid_2002 vs bayer_leverkusen_2002,real_madrid_2002,Claude Makelele,CDM,24,France,9,Vicente del Bosque's Real Madrid 2001-02,4-4-2,2001-02,Champions League,Bayer Leverkusen,makelele_claude,0.55,0.65,4
112,112,ucl_finals_lineups_subset_verified.csv,ucl_finals_lineups_subset_verified,Unknown,Champions League,ac_milan_2005 vs liverpool_2005,ac_milan_2005,Cafu,RB,2,Brazil,11,Carlo Ancelotti's Milan 2004-05,4-3-1-2,2004-05,Champions League,Liverpool,cafu,0.0,0.0,5
112,112,ucl_finals_lineups_subset_verified.csv,ucl_finals_lineups_subset_verified,Unknown,Champions League,ac_milan_2005 vs liverpool_2005,ac_milan_2005,Paolo Maldini,LB,3,Italy,11,Carlo Ancelotti's Milan 2004-05,4-3-1-2,2004-05,Champions League,Liverpool,maldini_paolo,0.0,0.0,5
112,112,ucl_finals_lineups_subset_verified.csv,ucl_finals_lineups_subset_verified,Unknown,Champions League,ac_milan_2005 vs liverpool_2005,ac_milan_2005,Andriy Shevchenko,ST,7,Ukraine,11,Carlo Ancelotti's Milan 2004-05,4-3-1-2,2004-05,Champions League,Liverpool,shevchenko_andriy,0.0,0.0,5
112,112,ucl_finals_lineups_subset_verified.csv,ucl_finals_lineups_subset_verified,Unknown,Champions League,ac_milan_2005 vs liverpool_2005,ac_milan_2005,Gennaro Gattuso,CM,8,Italy,11,Carlo Ancelotti's Milan 2004-05,4-3-1-2,2004-05,Champions League,Liverpool,gattuso_gennaro,0.0,0.0,5
112,112,ucl_finals_lineups_subset_verified.csv,ucl_finals_lineups_subset_verified,Unknown,Champions League,ac_milan_2005 vs liverpool_2005,ac_milan_2005,Hernan Crespo,ST,11,Argentina,11,Carlo Ancelotti's Milan 2004-05,4-3-1-2,2004-05,Champions League,Liverpool,crespo_hernan,0.0,0.0,5
112,112,ucl_finals_lineups_subset_verified.csv,ucl_finals_lineups_subset_verified,Unknown,Champions League,ac_milan_2005 vs liverpool_2005,ac_milan_2005,Dida,GK,12,Brazil,11,Carlo Ancelotti's Milan 2004-05,4-3-1-2,2004-05,Champions League,Liverpool,dida,0.0,0.0,5
112,112,ucl_finals_lineups_subset_verified.csv,ucl_finals_lineups_subset_verified,Unknown,Champions League,ac_milan_2005 vs liverpool_2005,ac_milan_2005,Alessandro Nesta,CB,13,Italy,11,Carlo Ancelotti's Milan 2004-05,4-3-1-2,2004-05,Champions League,Liverpool,nesta_alessandro,0.0,0.0,5
112,112,ucl_finals_lineups_subset_verified.csv,ucl_finals_lineups_subset_verified,Unknown,Champions League,ac_milan_2005 vs liverpool_2005,ac_milan_2005,Clarence Seedorf,CM,20,Netherlands,11,Carlo Ancelotti's Milan 2004-05,4-3-1-2,2004-05,Champions League,Liverpool,seedorf_clarence,0.0,0.0,5
112,112,ucl_finals_lineups_subset_verified.csv,ucl_finals_lineups_subset_verified,Unknown,Champions League,ac_milan_2005 vs liverpool_2005,ac_milan_2005,Andrea Pirlo,CDM,21,Italy,11,Carlo Ancelotti's Milan 2004-05,4-3-1-2,2004-05,Champions League,Liverpool,pirlo_andrea,0.0,0.0,5
112,112,ucl_finals_lineups_subset_verified.csv,ucl_finals_lineups_subset_verified,Unknown,Champions League,ac_milan_2005 vs liverpool_2005,ac_milan_2005,Kaka,CAM,22,Brazilian Former Professional,11,Carlo Ancelotti's Milan 2004-05,4-3-1-2,2004-05,Champions League,Liverpool,kaka,0.0,0.0,5
112,112,ucl_finals_lineups_subset_verified.csv,ucl_finals_lineups_subset_verified,Unknown,Champions League,ac_milan_2005 vs liverpool_2005,ac_milan_2005,Jaap Stam,CB,31,Netherlands,11,Carlo Ancelotti's Milan 2004-05,4-3-1-2,2004-05,Champions League,Liverpool,stam_jaap,0.0,0.0,5
112,112,ucl_finals_lineups_subset_verified.csv,ucl_finals_lineups_subset_verified,Unknown,Champions League,ac_milan_2005 vs liverpool_2005,liverpool_2005,Jerzy Dudek,GK,1,Poland,12,Rafael Benitez's Liverpool 2004-05,4-4-1-1,2004-05,Champions League,AC Milan,dudek_jerzy,0.5,0.95,5
112,112,ucl_finals_lineups_subset_verified.csv,ucl_finals_lineups_subset_verified,Unknown,Champions League,ac_milan_2005 vs liverpool_2005,liverpool_2005,Steve Finnan,RB,3,Ireland,12,Rafael Benitez's Liverpool 2004-05,4-4-1-1,2004-05,Champions League,AC Milan,finnan_steve,0.85,0.8,5
112,112,ucl_finals_lineups_subset_verified.csv,ucl_finals_lineups_subset_verified,Unknown,Champions League,ac_milan_2005 vs liverpool_2005,liverpool_2005,Sami Hyypia,CB,4,Finland,12,Rafael Benitez's Liverpool 2004-05,4-4-1-1,2004-05,Champions League,AC Milan,hyypia_sami,0.35,0.86,5
112,112,ucl_finals_lineups_subset_verified.csv,ucl_finals_lineups_subset_verified,Unknown,Champions League,ac_milan_2005 vs liverpool_2005,liverpool_2005,Milan Baros,ST,5,Czech Republic,12,Rafael Benitez's Liverpool 2004-05,4-4-1-1,2004-05,Champions League,AC Milan,baros_milan,0.5,0.22,5
112,112,ucl_finals_lineups_subset_verified.csv,ucl_finals_lineups_subset_verified,Unknown,Champions League,ac_milan_2005 vs liverpool_2005,liverpool_2005,John Arne Riise,LW,6,Norway,12,Rafael Benitez's Liverpool 2004-05,4-4-1-1,2004-05,Champions League,AC Milan,riise_john_arne,0.2,0.6,5
112,112,ucl_finals_lineups_subset_verified.csv,ucl_finals_lineups_subset_verified,Unknown,Champions League,ac_milan_2005 vs liverpool_2005,liverpool_2005,Harry Kewell,CAM,7,Australia,12,Rafael Benitez's Liverpool 2004-05,4-4-1-1,2004-05,Champions League,AC Milan,kewell_harry,0.5,0.38,5
112,112,ucl_finals_lineups_subset_verified.csv,ucl_finals_lineups_subset_verified,Unknown,Champions League,ac_milan_2005 vs liverpool_2005,liverpool_2005,Steven Gerrard,CM,8,England,12,Rafael Benitez's Liverpool 2004-05,4-4-1-1,2004-05,Champions League,AC Milan,gerrard_steven,0.45,0.65,5
112,112,ucl_finals_lineups_subset_verified.csv,ucl_finals_lineups_subset_verified,Unknown,Champions League,ac_milan_2005 vs liverpool_2005,liverpool_2005,Luis Garcia,RW,10,Spain,12,Rafael Benitez's Liverpool 2004-05,4-4-1-1,2004-05,Champions League,AC Milan,garcia_luis,0.8,0.6,5
112,112,ucl_finals_lineups_subset_verified.csv,ucl_finals_lineups_subset_verified,Unknown,Champions League,ac_milan_2005 vs liverpool_2005,liverpool_2005,Xabi Alonso,CM,14,Spain,12,Rafael Benitez's Liverpool 2004-05,4-4-1-1,2004-05,Champions League,AC Milan,alonso_xabi,0.55,0.65,5
112,112,ucl_finals_lineups_subset_verified.csv,ucl_finals_lineups_subset_verified,Unknown,Champions League,ac_milan_2005 vs liverpool_2005,liverpool_2005,Djimi Traore,LB,21,Former Professional,12,Rafael Benitez's Liverpool 2004-05,4-4-1-1,2004-05,Champions League,AC Milan,traore_djimi,0.15,0.8,5
112,112,ucl_finals_lineups_subset_verified.csv,ucl_finals_lineups_subset_verified,Unknown,Champions League,ac_milan_2005 vs liverpool_2005,liverpool_2005,Jamie Carragher,CB,23,England,12,Rafael Benitez's Liverpool 2004-05,4-4-1-1,2004-05,Champions League,AC Milan,carragher_jamie,0.65,0.86,5
113,113,ucl_finals_lineups_subset_verified.csv,ucl_finals_lineups_subset_verified,Unknown,Champions League,fc_barcelona_2006 vs arsenal_2006,arsenal_2006,Jens Lehmann,GK,1,Germany,14,Arsene Wenger's Arsenal 2005-06,4-5-1,2005-06,Champions League,Barcelona,lehmann_jens,0.0,0.0,6
113,113,ucl_finals_lineups_subset_verified.csv,ucl_finals_lineups_subset_verified,Unknown,Champions League,fc_barcelona_2006 vs arsenal_2006,arsenal_2006,Ashley Cole,LB,3,England,14,Arsene Wenger's Arsenal 2005-06,4-5-1,2005-06,Champions League,Barcelona,cole_ashley,0.0,0.0,6
113,113,ucl_finals_lineups_subset_verified.csv,ucl_finals_lineups_subset_verified,Unknown,Champions League,fc_barcelona_2006 vs arsenal_2006,arsenal_2006,Robert Pires,LW,7,France,14,Arsene Wenger's Arsenal 2005-06,4-5-1,2005-06,Champions League,Barcelona,pires_robert,0.0,0.0,6
113,113,ucl_finals_lineups_subset_verified.csv,ucl_finals_lineups_subset_verified,Unknown,Champions League,fc_barcelona_2006 vs arsenal_2006,arsenal_2006,Freddie Ljungberg,CM,8,Sweden,14,Arsene Wenger's Arsenal 2005-06,4-5-1,2005-06,Champions League,Barcelona,ljungberg_freddie,0.0,0.0,6
113,113,ucl_finals_lineups_subset_verified.csv,ucl_finals_lineups_subset_verified,Unknown,Champions League,fc_barcelona_2006 vs arsenal_2006,arsenal_2006,Aleksandr Hleb,RW,13,Belarus,14,Arsene Wenger's Arsenal 2005-06,4-5-1,2005-06,Champions League,Barcelona,hleb_aleksandr,0.0,0.0,6
113,113,ucl_finals_lineups_subset_verified.csv,ucl_finals_lineups_subset_verified,Unknown,Champions League,fc_barcelona_2006 vs arsenal_2006,arsenal_2006,Thierry Henry,ST,14,France,14,Arsene Wenger's Arsenal 2005-06,4-5-1,2005-06,Champions League,Barcelona,henry_thierry,0.0,0.0,6
113,113,ucl_finals_lineups_subset_verified.csv,ucl_finals_lineups_subset_verified,Unknown,Champions League,fc_barcelona_2006 vs arsenal_2006,arsenal_2006,Cesc Fabregas,CM,15,Spain,14,Arsene Wenger's Arsenal 2005-06,4-5-1,2005-06,Champions League,Barcelona,fabregas_cesc,0.0,0.0,6
113,113,ucl_finals_lineups_subset_verified.csv,ucl_finals_lineups_subset_verified,Unknown,Champions League,fc_barcelona_2006 vs arsenal_2006,arsenal_2006,Gilberto Silva,CDM,19,Brazil,14,Arsene Wenger's Arsenal 2005-06,4-5-1,2005-06,Champions League,Barcelona,silva_gilberto,0.0,0.0,6
113,113,ucl_finals_lineups_subset_verified.csv,ucl_finals_lineups_subset_verified,Unknown,Champions League,fc_barcelona_2006 vs arsenal_2006,arsenal_2006,Sol Campbell,CB,23,England,14,Arsene Wenger's Arsenal 2005-06,4-5-1,2005-06,Champions League,Barcelona,campbell_sol,0.0,0.0,6
113,113,ucl_finals_lineups_subset_verified.csv,ucl_finals_lineups_subset_verified,Unknown,Champions League,fc_barcelona_2006 vs arsenal_2006,arsenal_2006,Emmanuel Eboue,RB,27,Unknown,14,Arsene Wenger's Arsenal 2005-06,4-5-1,2005-06,Champions League,Barcelona,eboue_emmanuel,0.0,0.0,6
113,113,ucl_finals_lineups_subset_verified.csv,ucl_finals_lineups_subset_verified,Unknown,Champions League,fc_barcelona_2006 vs arsenal_2006,arsenal_2006,Kolo Toure,CB,28,Ivory Coast,14,Arsene Wenger's Arsenal 2005-06,4-5-1,2005-06,Champions League,Barcelona,toure_kolo,0.0,0.0,6
113,113,ucl_finals_lineups_subset_verified.csv,ucl_finals_lineups_subset_verified,Unknown,Champions League,fc_barcelona_2006 vs arsenal_2006,fc_barcelona_2006,Victor Valdes,GK,1,Spain,13,Frank Rijkaard's Barcelona 2005-06,4-3-3,2005-06,Champions League,Arsenal,valdes_victor,0.5,0.95,6
113,113,ucl_finals_lineups_subset_verified.csv,ucl_finals_lineups_subset_verified,Unknown,Champions League,fc_barcelona_2006 vs arsenal_2006,fc_barcelona_2006,Rafael Marquez,CB,4,Spain,13,Frank Rijkaard's Barcelona 2005-06,4-3-3,2005-06,Champions League,Arsenal,marquez_rafael,0.65,0.86,6
113,113,ucl_finals_lineups_subset_verified.csv,ucl_finals_lineups_subset_verified,Unknown,Champions League,fc_barcelona_2006 vs arsenal_2006,fc_barcelona_2006,Carles Puyol,CB,5,Spain,13,Frank Rijkaard's Barcelona 2005-06,4-3-3,2005-06,Champions League,Arsenal,puyol_carles,0.35,0.86,6
113,113,ucl_finals_lineups_subset_verified.csv,ucl_finals_lineups_subset_verified,Unknown,Champions League,fc_barcelona_2006 vs arsenal_2006,fc_barcelona_2006,Ludovic Giuly,RW,8,France,13,Frank Rijkaard's Barcelona 2005-06,4-3-3,2005-06,Champions League,Arsenal,giuly_ludovic,0.78,0.35,6
113,113,ucl_finals_lineups_subset_verified.csv,ucl_finals_lineups_subset_verified,Unknown,Champions League,fc_barcelona_2006 vs arsenal_2006,fc_barcelona_2006,Samuel Eto'o,ST,9,Cameroon,13,Frank Rijkaard's Barcelona 2005-06,4-3-3,2005-06,Champions League,Arsenal,etoo_samuel,0.5,0.22,6
113,113,ucl_finals_lineups_subset_verified.csv,ucl_finals_lineups_subset_verified,Unknown,Champions League,fc_barcelona_2006 vs arsenal_2006,fc_barcelona_2006,Ronaldinho,LW,10,Brazil,13,Frank Rijkaard's Barcelona 2005-06,4-3-3,2005-06,Champions League,Arsenal,ronaldinho,0.22,0.35,6
113,113,ucl_finals_lineups_subset_verified.csv,ucl_finals_lineups_subset_verified,Unknown,Champions League,fc_barcelona_2006 vs arsenal_2006,fc_barcelona_2006,Giovanni van Bronckhorst,LB,12,Netherlands,13,Frank Rijkaard's Barcelona 2005-06,4-3-3,2005-06,Champions League,Arsenal,bronckhorst_giovanni_van,0.15,0.8,6
113,113,ucl_finals_lineups_subset_verified.csv,ucl_finals_lineups_subset_verified,Unknown,Champions League,fc_barcelona_2006 vs arsenal_2006,fc_barcelona_2006,Edmilson,CDM,15,Brazil,13,Frank Rijkaard's Barcelona 2005-06,4-3-3,2005-06,Champions League,Arsenal,edmilson,0.5,0.68,6
113,113,ucl_finals_lineups_subset_verified.csv,ucl_finals_lineups_subset_verified,Unknown,Champions League,fc_barcelona_2006 vs arsenal_2006,fc_barcelona_2006,Mark van Bommel,CM,17,Netherlands,13,Frank Rijkaard's Barcelona 2005-06,4-3-3,2005-06,Champions League,Arsenal,bommel_mark_van,0.62,0.6,6
113,113,ucl_finals_lineups_subset_verified.csv,ucl_finals_lineups_subset_verified,Unknown,Champions League,fc_barcelona_2006 vs arsenal_2006,fc_barcelona_2006,Deco,CM,20,Portugal,13,Frank Rijkaard's Barcelona 2005-06,4-3-3,2005-06,Champions League,Arsenal,deco,0.38,0.6,6
113,113,ucl_finals_lineups_subset_verified.csv,ucl_finals_lineups_subset_verified,Unknown,Champions League,fc_barcelona_2006 vs arsenal_2006,fc_barcelona_2006,Oleguer,RB,23,Spanish Former Professional,13,Frank Rijkaard's Barcelona 2005-06,4-3-3,2005-06,Champions League,Arsenal,oleguer,0.85,0.8,6
114,114,ucl_finals_lineups_subset_verified.csv,ucl_finals_lineups_subset_verified,Unknown,Champions League,man_utd_2008 vs chelsea_2008,chelsea_2008,Petr Cech,GK,1,Czech Republic,16,Avram Grant's Chelsea 2007-08,4-3-3,2007-08,Champions League,Manchester United,cech_petr,0.5,0.95,7
114,114,ucl_finals_lineups_subset_verified.csv,ucl_finals_lineups_subset_verified,Unknown,Champions League,man_utd_2008 vs chelsea_2008,chelsea_2008,Ashley Cole,LB,3,England,16,Avram Grant's Chelsea 2007-08,4-3-3,2007-08,Champions League,Manchester United,cole_ashley,0.15,0.8,7
114,114,ucl_finals_lineups_subset_verified.csv,ucl_finals_lineups_subset_verified,Unknown,Champions League,man_utd_2008 vs chelsea_2008,chelsea_2008,Claude Makelele,CDM,4,France,16,Avram Grant's Chelsea 2007-08,4-3-3,2007-08,Champions League,Manchester United,makelele_claude,0.5,0.68,7
114,114,ucl_finals_lineups_subset_verified.csv,ucl_finals_lineups_subset_verified,Unknown,Champions League,man_utd_2008 vs chelsea_2008,chelsea_2008,Michael Essien,RB,5,Ghana,16,Avram Grant's Chelsea 2007-08,4-3-3,2007-08,Champions League,Manchester United,essien_michael,0.85,0.8,7
114,114,ucl_finals_lineups_subset_verified.csv,ucl_finals_lineups_subset_verified,Unknown,Champions League,man_utd_2008 vs chelsea_2008,chelsea_2008,Ricardo Carvalho,CB,6,Portugal,16,Avram Grant's Chelsea 2007-08,4-3-3,2007-08,Champions League,Manchester United,carvalho_ricardo,0.65,0.86,7
114,114,ucl_finals_lineups_subset_verified.csv,ucl_finals_lineups_subset_verified,Unknown,Champions League,man_utd_2008 vs chelsea_2008,chelsea_2008,Frank Lampard,CM,8,England,16,Avram Grant's Chelsea 2007-08,4-3-3,2007-08,Champions League,Manchester United,lampard_frank,0.38,0.6,7
114,114,ucl_finals_lineups_subset_verified.csv,ucl_finals_lineups_subset_verified,Unknown,Champions League,man_utd_2008 vs chelsea_2008,chelsea_2008,Joe Cole,RW,10,England,16,Avram Grant's Chelsea 2007-08,4-3-3,2007-08,Champions League,Manchester United,cole_joe,0.78,0.35,7
114,114,ucl_finals_lineups_subset_verified.csv,ucl_finals_lineups_subset_verified,Unknown,Champions League,man_utd_2008 vs chelsea_2008,chelsea_2008,Didier Drogba,ST,11,Ivory Coast,16,Avram Grant's Chelsea 2007-08,4-3-3,2007-08,Champions League,Manchester United,drogba_didier,0.5,0.22,7
114,114,ucl_finals_lineups_subset_verified.csv,ucl_finals_lineups_subset_verified,Unknown,Champions League,man_utd_2008 vs chelsea_2008,chelsea_2008,Michael Ballack,CM,13,Germany,16,Avram Grant's Chelsea 2007-08,4-3-3,2007-08,Champions League,Manchester United,ballack_michael,0.62,0.6,7
114,114,ucl_finals_lineups_subset_verified.csv,ucl_finals_lineups_subset_verified,Unknown,Champions League,man_utd_2008 vs chelsea_2008,chelsea_2008,Florent Malouda,LW,15,Portugal,16,Avram Grant's Chelsea 2007-08,4-3-3,2007-08,Champions League,Manchester United,malouda_florent,0.22,0.35,7
114,114,ucl_finals_lineups_subset_verified.csv,ucl_finals_lineups_subset_verified,Unknown,Champions League,man_utd_2008 vs chelsea_2008,chelsea_2008,John Terry,CB,26,England,16,Avram Grant's Chelsea 2007-08,4-3-3,2007-08,Champions League,Manchester United,terry_john,0.35,0.86,7
114,114,ucl_finals_lineups_subset_verified.csv,ucl_finals_lineups_subset_verified,Unknown,Champions League,man_utd_2008 vs chelsea_2008,man_utd_2008,Edwin van der Sar,GK,1,Netherlands,15,Sir Alex Ferguson's Man United 2007-08,4-3-3,2007-08,Champions League,Chelsea,sar_edwin_van_der,0.5,0.95,7
114,114,ucl_finals_lineups_subset_verified.csv,ucl_finals_lineups_subset_verified,Unknown,Champions League,man_utd_2008 vs chelsea_2008,man_utd_2008,Patrice Evra,LB,3,France,15,Sir Alex Ferguson's Man United 2007-08,4-3-3,2007-08,Champions League,Chelsea,evra_patrice,0.15,0.8,7
114,114,ucl_finals_lineups_subset_verified.csv,ucl_finals_lineups_subset_verified,Unknown,Champions League,man_utd_2008 vs chelsea_2008,man_utd_2008,Owen Hargreaves,CDM,4,England,15,Sir Alex Ferguson's Man United 2007-08,4-3-3,2007-08,Champions League,Chelsea,hargreaves_owen,0.5,0.68,7
114,114,ucl_finals_lineups_subset_verified.csv,ucl_finals_lineups_subset_verified,Unknown,Champions League,man_utd_2008 vs chelsea_2008,man_utd_2008,Rio Ferdinand,CB,5,England,15,Sir Alex Ferguson's Man United 2007-08,4-3-3,2007-08,Champions League,Chelsea,ferdinand_rio,0.35,0.86,7
114,114,ucl_finals_lineups_subset_verified.csv,ucl_finals_lineups_subset_verified,Unknown,Champions League,man_utd_2008 vs chelsea_2008,man_utd_2008,Wes Brown,RB,6,England,15,Sir Alex Ferguson's Man United 2007-08,4-3-3,2007-08,Champions League,Chelsea,brown_wes,0.85,0.8,7
114,114,ucl_finals_lineups_subset_verified.csv,ucl_finals_lineups_subset_verified,Unknown,Champions League,man_utd_2008 vs chelsea_2008,man_utd_2008,Cristiano Ronaldo,LW,7,Portugal,15,Sir Alex Ferguson's Man United 2007-08,4-3-3,2007-08,Champions League,Chelsea,ronaldo_cristiano,0.22,0.35,7
114,114,ucl_finals_lineups_subset_verified.csv,ucl_finals_lineups_subset_verified,Unknown,Champions League,man_utd_2008 vs chelsea_2008,man_utd_2008,Wayne Rooney,RW,10,England,15,Sir Alex Ferguson's Man United 2007-08,4-3-3,2007-08,Champions League,Chelsea,rooney_wayne,0.78,0.35,7
114,114,ucl_finals_lineups_subset_verified.csv,ucl_finals_lineups_subset_verified,Unknown,Champions League,man_utd_2008 vs chelsea_2008,man_utd_2008,Ryan Giggs,CM,11,Wales,15,Sir Alex Ferguson's Man United 2007-08,4-3-3,2007-08,Champions League,Chelsea,giggs_ryan,0.62,0.6,7
114,114,ucl_finals_lineups_subset_verified.csv,ucl_finals_lineups_subset_verified,Unknown,Champions League,man_utd_2008 vs chelsea_2008,man_utd_2008,Nemanja Vidic,CB,15,Serbia,15,Sir Alex Ferguson's Man United 2007-08,4-3-3,2007-08,Champions League,Chelsea,vidic_nemanja,0.65,0.86,7
114,114,ucl_finals_lineups_subset_verified.csv,ucl_finals_lineups_subset_verified,Unknown,Champions League,man_utd_2008 vs chelsea_2008,man_utd_2008,Michael Carrick,CM,16,England,15,Sir Alex Ferguson's Man United 2007-08,4-3-3,2007-08,Champions League,Chelsea,carrick_michael,0.38,0.6,7
114,114,ucl_finals_lineups_subset_verified.csv,ucl_finals_lineups_subset_verified,Unknown,Champions League,man_utd_2008 vs chelsea_2008,man_utd_2008,Carlos Tevez,ST,32,Argentina,15,Sir Alex Ferguson's Man United 2007-08,4-3-3,2007-08,Champions League,Chelsea,tevez_carlos,0.5,0.22,7
115,115,ucl_finals_lineups_subset_verified.csv,ucl_finals_lineups_subset_verified,Unknown,Champions League,fc_barcelona_2009 vs man_utd_2009,fc_barcelona_2009,Victor Valdes,GK,1,Spain,17,Pep Guardiola's Barcelona 2008-09,4-3-3,2008-09,Champions League,Manchester United,valdes_victor,0.5,0.95,8
115,115,ucl_finals_lineups_subset_verified.csv,ucl_finals_lineups_subset_verified,Unknown,Champions League,fc_barcelona_2009 vs man_utd_2009,fc_barcelona_2009,Gerard Pique,CB,3,Spain,17,Pep Guardiola's Barcelona 2008-09,4-3-3,2008-09,Champions League,Manchester United,pique_gerard,0.35,0.86,8
115,115,ucl_finals_lineups_subset_verified.csv,ucl_finals_lineups_subset_verified,Unknown,Champions League,fc_barcelona_2009 vs man_utd_2009,fc_barcelona_2009,Carles Puyol,RB,5,Spain,17,Pep Guardiola's Barcelona 2008-09,4-3-3,2008-09,Champions League,Manchester United,puyol_carles,0.85,0.8,8
115,115,ucl_finals_lineups_subset_verified.csv,ucl_finals_lineups_subset_verified,Unknown,Champions League,fc_barcelona_2009 vs man_utd_2009,fc_barcelona_2009,Xavi Hernandez,CM,6,Spain,17,Pep Guardiola's Barcelona 2008-09,4-3-3,2008-09,Champions League,Manchester United,hernandez_xavi,0.38,0.6,8
115,115,ucl_finals_lineups_subset_verified.csv,ucl_finals_lineups_subset_verified,Unknown,Champions League,fc_barcelona_2009 vs man_utd_2009,fc_barcelona_2009,Andres Iniesta,CM,8,Spanish Former Professional,17,Pep Guardiola's Barcelona 2008-09,4-3-3,2008-09,Champions League,Manchester United,iniesta_andres,0.62,0.6,8
115,115,ucl_finals_lineups_subset_verified.csv,ucl_finals_lineups_subset_verified,Unknown,Champions League,fc_barcelona_2009 vs man_utd_2009,fc_barcelona_2009,Samuel Eto'o,ST,9,Cameroon,17,Pep Guardiola's Barcelona 2008-09,4-3-3,2008-09,Champions League,Manchester United,etoo_samuel,0.5,0.22,8
115,115,ucl_finals_lineups_subset_verified.csv,ucl_finals_lineups_subset_verified,Unknown,Champions League,fc_barcelona_2009 vs man_utd_2009,fc_barcelona_2009,Lionel Messi,RW,10,Argentina,17,Pep Guardiola's Barcelona 2008-09,4-3-3,2008-09,Champions League,Manchester United,messi_lionel,0.78,0.35,8
115,115,ucl_finals_lineups_subset_verified.csv,ucl_finals_lineups_subset_verified,Unknown,Champions League,fc_barcelona_2009 vs man_utd_2009,fc_barcelona_2009,Thierry Henry,LW,14,France,17,Pep Guardiola's Barcelona 2008-09,4-3-3,2008-09,Champions League,Manchester United,henry_thierry,0.22,0.35,8
115,115,ucl_finals_lineups_subset_verified.csv,ucl_finals_lineups_subset_verified,Unknown,Champions League,fc_barcelona_2009 vs man_utd_2009,fc_barcelona_2009,Sylvinho,LB,16,Brazil,17,Pep Guardiola's Barcelona 2008-09,4-3-3,2008-09,Champions League,Manchester United,sylvinho,0.15,0.8,8
115,115,ucl_finals_lineups_subset_verified.csv,ucl_finals_lineups_subset_verified,Unknown,Champions League,fc_barcelona_2009 vs man_utd_2009,fc_barcelona_2009,Yaya Toure,CB,24,Ivory Coast,17,Pep Guardiola's Barcelona 2008-09,4-3-3,2008-09,Champions League,Manchester United,toure_yaya,0.65,0.86,8
115,115,ucl_finals_lineups_subset_verified.csv,ucl_finals_lineups_subset_verified,Unknown,Champions League,fc_barcelona_2009 vs man_utd_2009,fc_barcelona_2009,Sergio Busquets,CDM,28,Spain,17,Pep Guardiola's Barcelona 2008-09,4-3-3,2008-09,Champions League,Manchester United,busquets_sergio,0.5,0.68,8
115,115,ucl_finals_lineups_subset_verified.csv,ucl_finals_lineups_subset_verified,Unknown,Champions League,fc_barcelona_2009 vs man_utd_2009,man_utd_2009,Edwin van der Sar,GK,1,Netherlands,18,Sir Alex Ferguson's Man United 2008-09,4-3-3,2008-09,Champions League,Barcelona,sar_edwin_van_der,0.5,0.95,8
115,115,ucl_finals_lineups_subset_verified.csv,ucl_finals_lineups_subset_verified,Unknown,Champions League,fc_barcelona_2009 vs man_utd_2009,man_utd_2009,Patrice Evra,LB,3,France,18,Sir Alex Ferguson's Man United 2008-09,4-3-3,2008-09,Champions League,Barcelona,evra_patrice,0.15,0.8,8
115,115,ucl_finals_lineups_subset_verified.csv,ucl_finals_lineups_subset_verified,Unknown,Champions League,fc_barcelona_2009 vs man_utd_2009,man_utd_2009,Rio Ferdinand,CB,5,England,18,Sir Alex Ferguson's Man United 2008-09,4-3-3,2008-09,Champions League,Barcelona,ferdinand_rio,0.35,0.86,8
115,115,ucl_finals_lineups_subset_verified.csv,ucl_finals_lineups_subset_verified,Unknown,Champions League,fc_barcelona_2009 vs man_utd_2009,man_utd_2009,Cristiano Ronaldo,ST,7,Portugal,18,Sir Alex Ferguson's Man United 2008-09,4-3-3,2008-09,Champions League,Barcelona,ronaldo_cristiano,0.5,0.22,8
115,115,ucl_finals_lineups_subset_verified.csv,ucl_finals_lineups_subset_verified,Unknown,Champions League,fc_barcelona_2009 vs man_utd_2009,man_utd_2009,Anderson,CM,8,Brazil,18,Sir Alex Ferguson's Man United 2008-09,4-3-3,2008-09,Champions League,Barcelona,anderson,0.38,0.6,8
115,115,ucl_finals_lineups_subset_verified.csv,ucl_finals_lineups_subset_verified,Unknown,Champions League,fc_barcelona_2009 vs man_utd_2009,man_utd_2009,Wayne Rooney,LW,10,England,18,Sir Alex Ferguson's Man United 2008-09,4-3-3,2008-09,Champions League,Barcelona,rooney_wayne,0.22,0.35,8
115,115,ucl_finals_lineups_subset_verified.csv,ucl_finals_lineups_subset_verified,Unknown,Champions League,fc_barcelona_2009 vs man_utd_2009,man_utd_2009,Ryan Giggs,CM,11,Wales,18,Sir Alex Ferguson's Man United 2008-09,4-3-3,2008-09,Champions League,Barcelona,giggs_ryan,0.62,0.6,8
115,115,ucl_finals_lineups_subset_verified.csv,ucl_finals_lineups_subset_verified,Unknown,Champions League,fc_barcelona_2009 vs man_utd_2009,man_utd_2009,Ji-Sung Park,RW,13,Unknown,18,Sir Alex Ferguson's Man United 2008-09,4-3-3,2008-09,Champions League,Barcelona,park_ji-sung,0.78,0.35,8
115,115,ucl_finals_lineups_subset_verified.csv,ucl_finals_lineups_subset_verified,Unknown,Champions League,fc_barcelona_2009 vs man_utd_2009,man_utd_2009,Nemanja Vidic,CB,15,Serbia,18,Sir Alex Ferguson's Man United 2008-09,4-3-3,2008-09,Champions League,Barcelona,vidic_nemanja,0.65,0.86,8
115,115,ucl_finals_lineups_subset_verified.csv,ucl_finals_lineups_subset_verified,Unknown,Champions League,fc_barcelona_2009 vs man_utd_2009,man_utd_2009,Michael Carrick,CDM,16,England,18,Sir Alex Ferguson's Man United 2008-09,4-3-3,2008-09,Champions League,Barcelona,carrick_michael,0.5,0.68,8
115,115,ucl_finals_lineups_subset_verified.csv,ucl_finals_lineups_subset_verified,Unknown,Champions League,fc_barcelona_2009 vs man_utd_2009,man_utd_2009,John O'Shea,RB,22,Republic of Ireland,18,Sir Alex Ferguson's Man United 2008-09,4-3-3,2008-09,Champions League,Barcelona,oshea_john,0.85,0.8,8
116,116,ucl_finals_lineups_subset_verified.csv,ucl_finals_lineups_subset_verified,Unknown,Champions League,inter_2010 vs bayern_2010,bayern_2010,Daniel Van Buyten,CB,5,Netherlands,20,Louis van Gaal's Bayern 2009-10,4-2-3-1,2009-10,Champions League,Inter,buyten_daniel_van,0.35,0.86,9
116,116,ucl_finals_lineups_subset_verified.csv,ucl_finals_lineups_subset_verified,Unknown,Champions League,inter_2010 vs bayern_2010,bayern_2010,Martin Demichelis,CB,6,France,20,Louis van Gaal's Bayern 2009-10,4-2-3-1,2009-10,Champions League,Inter,demichelis_martin,0.65,0.86,9
116,116,ucl_finals_lineups_subset_verified.csv,ucl_finals_lineups_subset_verified,Unknown,Champions League,inter_2010 vs bayern_2010,bayern_2010,Hamit Altintop,CAM,8,Turkish Former Professional,20,Louis van Gaal's Bayern 2009-10,4-2-3-1,2009-10,Champions League,Inter,altintop_hamit,0.5,0.52,9
116,116,ucl_finals_lineups_subset_verified.csv,ucl_finals_lineups_subset_verified,Unknown,Champions League,inter_2010 vs bayern_2010,bayern_2010,Arjen Robben,RW,10,Netherlands,20,Louis van Gaal's Bayern 2009-10,4-2-3-1,2009-10,Champions League,Inter,robben_arjen,0.78,0.45,9
116,116,ucl_finals_lineups_subset_verified.csv,ucl_finals_lineups_subset_verified,Unknown,Champions League,inter_2010 vs bayern_2010,bayern_2010,Ivica Olic,LW,11,Croatia,20,Louis van Gaal's Bayern 2009-10,4-2-3-1,2009-10,Champions League,Inter,olic_ivica,0.22,0.45,9
116,116,ucl_finals_lineups_subset_verified.csv,ucl_finals_lineups_subset_verified,Unknown,Champions League,inter_2010 vs bayern_2010,bayern_2010,Mark van Bommel,CM,17,Netherlands,20,Louis van Gaal's Bayern 2009-10,4-2-3-1,2009-10,Champions League,Inter,bommel_mark_van,0.56,0.7,9
116,116,ucl_finals_lineups_subset_verified.csv,ucl_finals_lineups_subset_verified,Unknown,Champions League,inter_2010 vs bayern_2010,bayern_2010,Philipp Lahm,RB,21,Germany,20,Louis van Gaal's Bayern 2009-10,4-2-3-1,2009-10,Champions League,Inter,lahm_philipp,0.85,0.8,9
116,116,ucl_finals_lineups_subset_verified.csv,ucl_finals_lineups_subset_verified,Unknown,Champions League,inter_2010 vs bayern_2010,bayern_2010,Hans-Jorg Butt,GK,22,Germany,20,Louis van Gaal's Bayern 2009-10,4-2-3-1,2009-10,Champions League,Inter,butt_hans-jorg,0.5,0.95,9
116,116,ucl_finals_lineups_subset_verified.csv,ucl_finals_lineups_subset_verified,Unknown,Champions League,inter_2010 vs bayern_2010,bayern_2010,Holger Badstuber,LB,28,German Former Professional,20,Louis van Gaal's Bayern 2009-10,4-2-3-1,2009-10,Champions League,Inter,badstuber_holger,0.15,0.8,9
116,116,ucl_finals_lineups_subset_verified.csv,ucl_finals_lineups_subset_verified,Unknown,Champions League,inter_2010 vs bayern_2010,bayern_2010,Bastian Schweinsteiger,CDM,31,Germany,20,Louis van Gaal's Bayern 2009-10,4-2-3-1,2009-10,Champions League,Inter,schweinsteiger_bastian,0.44,0.7,9
116,116,ucl_finals_lineups_subset_verified.csv,ucl_finals_lineups_subset_verified,Unknown,Champions League,inter_2010 vs bayern_2010,bayern_2010,Mario Gomez,ST,33,Germany,20,Louis van Gaal's Bayern 2009-10,4-2-3-1,2009-10,Champions League,Inter,gomez_mario,0.5,0.25,9
116,116,ucl_finals_lineups_subset_verified.csv,ucl_finals_lineups_subset_verified,Unknown,Champions League,inter_2010 vs bayern_2010,inter_2010,Javier Zanetti,CDM,4,Argentina,19,Jose Mourinho's Inter 2009-10,4-2-3-1,2009-10,Champions League,Bayern Munich,zanetti_javier,0.44,0.7,9
116,116,ucl_finals_lineups_subset_verified.csv,ucl_finals_lineups_subset_verified,Unknown,Champions League,inter_2010 vs bayern_2010,inter_2010,Lucio,CB,6,Brazil,19,Jose Mourinho's Inter 2009-10,4-2-3-1,2009-10,Champions League,Bayern Munich,lucio,0.35,0.86,9
116,116,ucl_finals_lineups_subset_verified.csv,ucl_finals_lineups_subset_verified,Unknown,Champions League,inter_2010 vs bayern_2010,inter_2010,Samuel Eto'o,RW,9,Cameroon,19,Jose Mourinho's Inter 2009-10,4-2-3-1,2009-10,Champions League,Bayern Munich,etoo_samuel,0.78,0.45,9
116,116,ucl_finals_lineups_subset_verified.csv,ucl_finals_lineups_subset_verified,Unknown,Champions League,inter_2010 vs bayern_2010,inter_2010,Wesley Sneijder,CAM,10,Netherlands,19,Jose Mourinho's Inter 2009-10,4-2-3-1,2009-10,Champions League,Bayern Munich,sneijder_wesley,0.5,0.52,9
116,116,ucl_finals_lineups_subset_verified.csv,ucl_finals_lineups_subset_verified,Unknown,Champions League,inter_2010 vs bayern_2010,inter_2010,Julio Cesar,GK,12,Brazilian Former Professional,19,Jose Mourinho's Inter 2009-10,4-2-3-1,2009-10,Champions League,Bayern Munich,cesar_julio,0.5,0.95,9
116,116,ucl_finals_lineups_subset_verified.csv,ucl_finals_lineups_subset_verified,Unknown,Champions League,inter_2010 vs bayern_2010,inter_2010,Maicon,RB,13,Brazilian Former,19,Jose Mourinho's Inter 2009-10,4-2-3-1,2009-10,Champions League,Bayern Munich,maicon,0.85,0.8,9
116,116,ucl_finals_lineups_subset_verified.csv,ucl_finals_lineups_subset_verified,Unknown,Champions League,inter_2010 vs bayern_2010,inter_2010,Esteban Cambiasso,CM,19,Unknown,19,Jose Mourinho's Inter 2009-10,4-2-3-1,2009-10,Champions League,Bayern Munich,cambiasso_esteban,0.56,0.7,9
116,116,ucl_finals_lineups_subset_verified.csv,ucl_finals_lineups_subset_verified,Unknown,Champions League,inter_2010 vs bayern_2010,inter_2010,Diego Milito,ST,22,Italy,19,Jose Mourinho's Inter 2009-10,4-2-3-1,2009-10,Champions League,Bayern Munich,milito_diego,0.5,0.25,9
116,116,ucl_finals_lineups_subset_verified.csv,ucl_finals_lineups_subset_verified,Unknown,Champions League,inter_2010 vs bayern_2010,inter_2010,Walter Samuel,CB,25,Argentina,19,Jose Mourinho's Inter 2009-10,4-2-3-1,2009-10,Champions League,Bayern Munich,samuel_walter,0.65,0.86,9
116,116,ucl_finals_lineups_subset_verified.csv,ucl_finals_lineups_subset_verified,Unknown,Champions League,inter_2010 vs bayern_2010,inter_2010,Cristian Chivu,LB,26,Romania,19,Jose Mourinho's Inter 2009-10,4-2-3-1,2009-10,Champions League,Bayern Munich,chivu_cristian,0.15,0.8,9
116,116,ucl_finals_lineups_subset_verified.csv,ucl_finals_lineups_subset_verified,Unknown,Champions League,inter_2010 vs bayern_2010,inter_2010,Goran Pandev,LW,27,France,19,Jose Mourinho's Inter 2009-10,4-2-3-1,2009-10,Champions League,Bayern Munich,pandev_goran,0.22,0.45,9
